state,race_ethnicity,dropout_rate,dropout_se,dropout_quality_flag,original_category,race_definition,dropout_race_comparable_to_nces,fips,dropout_data_source,dropout_source_period,births_teen,female_population_15_44,teen_fertility_rate,natality_quality_flag,natality_race_comparable_to_nces,natality_data_source,natality_source_period,poverty_rate,poverty_rate_moe,insurance_rate,insurance_rate_moe,acs_data_source,acs_source_period,census_region,year_period
Alabama,Total,6.077151516280898,0.2538308520796072,reliable,Total,"all races/ethnicities combined (per NCES footnote, includes small groups not shown separately)",True,01,NCES Digest Table 219.85b,2017-2021,,,,,,,,22.3,0.6,3.4,0.2,ACS 5-year 2017-2021 (S1701 age band: under 18; S2701 age band: under 19),2017-2021,South,2017-2021
Alabama,American Indian/Alaska Native,,,suppressed_reporting_standards_not_met,American Indian/Alaska Native,"American Indian/Alaska Native, non-Hispanic",True,01,NCES Digest Table 219.85b,2017-2021,,,,suppressed_or_incomplete_5yr_window,False,CDC WONDER Natality 2016-2024 Expanded (age 15-19),2017-2021,22.3,0.6,3.4,0.2,ACS 5-year 2017-2021 (S1701 age band: under 18; S2701 age band: under 19),2017-2021,South,2017-2021
Alabama,Asian,1.7411706594220797,0.6944660840607616,unreliable_cv_30_50pct,Asian,"Asian, non-Hispanic",True,01,NCES Digest Table 219.85b,2017-2021,,,,suppressed_or_incomplete_5yr_window,False,CDC WONDER Natality 2016-2024 Expanded (age 15-19),2017-2021,22.3,0.6,3.4,0.2,ACS 5-year 2017-2021 (S1701 age band: under 18; S2701 age band: under 19),2017-2021,South,2017-2021
Alabama,Black,6.0648377387463075,0.47666678136966184,reliable,Black,"Black, non-Hispanic",True,01,NCES Digest Table 219.85b,2017-2021,7530.0,238249.0,31.605589110552405,reliable,False,CDC WONDER Natality 2016-2024 Expanded (age 15-19),2017-2021,22.3,0.6,3.4,0.2,ACS 5-year 2017-2021 (S1701 age band: under 18; S2701 age band: under 19),2017-2021,South,2017-2021
Alabama,Hispanic,14.11280561607359,1.411109265464708,reliable,Hispanic,"Hispanic, any race",True,01,NCES Digest Table 219.85b,2017-2021,,,,,,,,22.3,0.6,3.4,0.2,ACS 5-year 2017-2021 (S1701 age band: under 18; S2701 age band: under 19),2017-2021,South,2017-2021
Alabama,Pacific Islander,,,suppressed_reporting_standards_not_met,Pacific Islander,"Native Hawaiian/Pacific Islander, non-Hispanic",True,01,NCES Digest Table 219.85b,2017-2021,,,,suppressed_or_incomplete_5yr_window,False,CDC WONDER Natality 2016-2024 Expanded (age 15-19),2017-2021,22.3,0.6,3.4,0.2,ACS 5-year 2017-2021 (S1701 age band: under 18; S2701 age band: under 19),2017-2021,South,2017-2021
Alabama,White,5.438943703682302,0.2726432600715743,reliable,White,"White, non-Hispanic",True,01,NCES Digest Table 219.85b,2017-2021,11281.0,500028.0,22.56073659875047,reliable,False,CDC WONDER Natality 2016-2024 Expanded (age 15-19),2017-2021,22.3,0.6,3.4,0.2,ACS 5-year 2017-2021 (S1701 age band: under 18; S2701 age band: under 19),2017-2021,South,2017-2021
Alabama,Two or more races,5.741176470588235,1.229967598417984,reliable,Two or more races,"Two or more races, non-Hispanic",True,01,NCES Digest Table 219.85b,2017-2021,564.0,21122.0,26.70201685446454,reliable,False,CDC WONDER Natality 2016-2024 Expanded (age 15-19),2017-2021,22.3,0.6,3.4,0.2,ACS 5-year 2017-2021 (S1701 age band: under 18; S2701 age band: under 19),2017-2021,South,2017-2021
Alaska,Total,5.635656319623212,0.631457789864333,reliable,Total,"all races/ethnicities combined (per NCES footnote, includes small groups not shown separately)",True,02,NCES Digest Table 219.85b,2017-2021,,,,,,,,13.1,0.8,8.8,0.6,ACS 5-year 2017-2021 (S1701 age band: under 18; S2701 age band: under 19),2017-2021,West,2017-2021
Alaska,American Indian/Alaska Native,11.51000870322019,1.7889536113180893,reliable,American Indian/Alaska Native,"American Indian/Alaska Native, non-Hispanic",True,02,NCES Digest Table 219.85b,2017-2021,821.0,21967.0,37.374243182956256,reliable,False,CDC WONDER Natality 2016-2024 Expanded (age 15-19),2017-2021,13.1,0.8,8.8,0.6,ACS 5-year 2017-2021 (S1701 age band: under 18; S2701 age band: under 19),2017-2021,West,2017-2021
Alaska,Asian,,,suppressed_reporting_standards_not_met,Asian,"Asian, non-Hispanic",True,02,NCES Digest Table 219.85b,2017-2021,103.0,7970.0,12.923462986198244,reliable,False,CDC WONDER Natality 2016-2024 Expanded (age 15-19),2017-2021,13.1,0.8,8.8,0.6,ACS 5-year 2017-2021 (S1701 age band: under 18; S2701 age band: under 19),2017-2021,West,2017-2021
Alaska,Black,,,suppressed_reporting_standards_not_met,Black,"Black, non-Hispanic",True,02,NCES Digest Table 219.85b,2017-2021,,,,suppressed_or_incomplete_5yr_window,False,CDC WONDER Natality 2016-2024 Expanded (age 15-19),2017-2021,13.1,0.8,8.8,0.6,ACS 5-year 2017-2021 (S1701 age band: under 18; S2701 age band: under 19),2017-2021,West,2017-2021
Alaska,Hispanic,5.020384391380314,1.8650110651556824,unreliable_cv_30_50pct,Hispanic,"Hispanic, any race",True,02,NCES Digest Table 219.85b,2017-2021,,,,,,,,13.1,0.8,8.8,0.6,ACS 5-year 2017-2021 (S1701 age band: under 18; S2701 age band: under 19),2017-2021,West,2017-2021
Alaska,Pacific Islander,,,suppressed_reporting_standards_not_met,Pacific Islander,"Native Hawaiian/Pacific Islander, non-Hispanic",True,02,NCES Digest Table 219.85b,2017-2021,,,,suppressed_or_incomplete_5yr_window,False,CDC WONDER Natality 2016-2024 Expanded (age 15-19),2017-2021,13.1,0.8,8.8,0.6,ACS 5-year 2017-2021 (S1701 age band: under 18; S2701 age band: under 19),2017-2021,West,2017-2021
Alaska,White,4.134626354820308,0.7059958694459559,reliable,White,"White, non-Hispanic",True,02,NCES Digest Table 219.85b,2017-2021,659.0,58143.0,11.334124486180622,reliable,False,CDC WONDER Natality 2016-2024 Expanded (age 15-19),2017-2021,13.1,0.8,8.8,0.6,ACS 5-year 2017-2021 (S1701 age band: under 18; S2701 age band: under 19),2017-2021,West,2017-2021
Alaska,Two or more races,6.522668947818648,1.655157413803078,reliable,Two or more races,"Two or more races, non-Hispanic",True,02,NCES Digest Table 219.85b,2017-2021,313.0,14095.0,22.206456190138347,reliable,False,CDC WONDER Natality 2016-2024 Expanded (age 15-19),2017-2021,13.1,0.8,8.8,0.6,ACS 5-year 2017-2021 (S1701 age band: under 18; S2701 age band: under 19),2017-2021,West,2017-2021
Arizona,Total,7.357470742504864,0.1914690191611691,reliable,Total,"all races/ethnicities combined (per NCES footnote, includes small groups not shown separately)",True,04,NCES Digest Table 219.85b,2017-2021,,,,,,,,18.8,0.5,8.7,0.3,ACS 5-year 2017-2021 (S1701 age band: under 18; S2701 age band: under 19),2017-2021,West,2017-2021
Arizona,American Indian/Alaska Native,11.08669704861111,0.8537357378339624,reliable,American Indian/Alaska Native,"American Indian/Alaska Native, non-Hispanic",True,04,NCES Digest Table 219.85b,2017-2021,2018.0,76602.0,26.343959687736614,reliable,False,CDC WONDER Natality 2016-2024 Expanded (age 15-19),2017-2021,18.8,0.5,8.7,0.3,ACS 5-year 2017-2021 (S1701 age band: under 18; S2701 age band: under 19),2017-2021,West,2017-2021
Arizona,Asian,1.8957875526090358,0.425164499061242,reliable,Asian,"Asian, non-Hispanic",True,04,NCES Digest Table 219.85b,2017-2021,143.0,40220.0,3.5554450522128294,reliable,False,CDC WONDER Natality 2016-2024 Expanded (age 15-19),2017-2021,18.8,0.5,8.7,0.3,ACS 5-year 2017-2021 (S1701 age band: under 18; S2701 age band: under 19),2017-2021,West,2017-2021
Arizona,Black,6.561032307035439,0.7901195331573053,reliable,Black,"Black, non-Hispanic",True,04,NCES Digest Table 219.85b,2017-2021,1389.0,68604.0,20.246632849396537,reliable,False,CDC WONDER Natality 2016-2024 Expanded (age 15-19),2017-2021,18.8,0.5,8.7,0.3,ACS 5-year 2017-2021 (S1701 age band: under 18; S2701 age band: under 19),2017-2021,West,2017-2021
Arizona,Hispanic,9.840788811529125,0.36595931999446835,reliable,Hispanic,"Hispanic, any race",True,04,NCES Digest Table 219.85b,2017-2021,,,,,,,,18.8,0.5,8.7,0.3,ACS 5-year 2017-2021 (S1701 age band: under 18; S2701 age band: under 19),2017-2021,West,2017-2021
Arizona,Pacific Islander,7.186440677966102,3.368157885398784,unreliable_cv_30_50pct,Pacific Islander,"Native Hawaiian/Pacific Islander, non-Hispanic",True,04,NCES Digest Table 219.85b,2017-2021,,,,suppressed_or_incomplete_5yr_window,False,CDC WONDER Natality 2016-2024 Expanded (age 15-19),2017-2021,18.8,0.5,8.7,0.3,ACS 5-year 2017-2021 (S1701 age band: under 18; S2701 age band: under 19),2017-2021,West,2017-2021
Arizona,White,5.09557601604041,0.22669789413849337,reliable,White,"White, non-Hispanic",True,04,NCES Digest Table 219.85b,2017-2021,17040.0,920218.0,18.5173513232734,reliable,False,CDC WONDER Natality 2016-2024 Expanded (age 15-19),2017-2021,18.8,0.5,8.7,0.3,ACS 5-year 2017-2021 (S1701 age band: under 18; S2701 age band: under 19),2017-2021,West,2017-2021
Arizona,Two or more races,5.390545289649699,0.8210054265033209,reliable,Two or more races,"Two or more races, non-Hispanic",True,04,NCES Digest Table 219.85b,2017-2021,815.0,55215.0,14.76048175314679,reliable,False,CDC WONDER Natality 2016-2024 Expanded (age 15-19),2017-2021,18.8,0.5,8.7,0.3,ACS 5-year 2017-2021 (S1701 age band: under 18; S2701 age band: under 19),2017-2021,West,2017-2021
Arkansas,Total,5.594176139523502,0.24955613041684344,reliable,Total,"all races/ethnicities combined (per NCES footnote, includes small groups not shown separately)",True,05,NCES Digest Table 219.85b,2017-2021,,,,,,,,21.9,0.6,5.1,0.3,ACS 5-year 2017-2021 (S1701 age band: under 18; S2701 age band: under 19),2017-2021,South,2017-2021
Arkansas,American Indian/Alaska Native,,,suppressed_reporting_standards_not_met,American Indian/Alaska Native,"American Indian/Alaska Native, non-Hispanic",True,05,NCES Digest Table 219.85b,2017-2021,108.0,5540.0,19.494584837545126,reliable,False,CDC WONDER Natality 2016-2024 Expanded (age 15-19),2017-2021,21.9,0.6,5.1,0.3,ACS 5-year 2017-2021 (S1701 age band: under 18; S2701 age band: under 19),2017-2021,South,2017-2021
Arkansas,Asian,3.503956079444534,1.4785397462354717,unreliable_cv_30_50pct,Asian,"Asian, non-Hispanic",True,05,NCES Digest Table 219.85b,2017-2021,75.0,8061.0,9.304056568663936,reliable,False,CDC WONDER Natality 2016-2024 Expanded (age 15-19),2017-2021,21.9,0.6,5.1,0.3,ACS 5-year 2017-2021 (S1701 age band: under 18; S2701 age band: under 19),2017-2021,South,2017-2021
Arkansas,Black,4.89771177451129,0.5390652322921903,reliable,Black,"Black, non-Hispanic",True,05,NCES Digest Table 219.85b,2017-2021,3880.0,89515.0,43.344690833938444,reliable,False,CDC WONDER Natality 2016-2024 Expanded (age 15-19),2017-2021,21.9,0.6,5.1,0.3,ACS 5-year 2017-2021 (S1701 age band: under 18; S2701 age band: under 19),2017-2021,South,2017-2021
Arkansas,Hispanic,9.126290706910247,0.939564253431598,reliable,Hispanic,"Hispanic, any race",True,05,NCES Digest Table 219.85b,2017-2021,,,,,,,,21.9,0.6,5.1,0.3,ACS 5-year 2017-2021 (S1701 age band: under 18; S2701 age band: under 19),2017-2021,South,2017-2021
Arkansas,Pacific Islander,20.82687338501292,4.981326397214635,reliable,Pacific Islander,"Native Hawaiian/Pacific Islander, non-Hispanic",True,05,NCES Digest Table 219.85b,2017-2021,230.0,2570.0,89.49416342412451,reliable,False,CDC WONDER Natality 2016-2024 Expanded (age 15-19),2017-2021,21.9,0.6,5.1,0.3,ACS 5-year 2017-2021 (S1701 age band: under 18; S2701 age band: under 19),2017-2021,South,2017-2021
Arkansas,White,5.085961138219914,0.30567970282613405,reliable,White,"White, non-Hispanic",True,05,NCES Digest Table 219.85b,2017-2021,9524.0,361884.0,26.317825601573986,reliable,False,CDC WONDER Natality 2016-2024 Expanded (age 15-19),2017-2021,21.9,0.6,5.1,0.3,ACS 5-year 2017-2021 (S1701 age band: under 18; S2701 age band: under 19),2017-2021,South,2017-2021
Arkansas,Two or more races,6.931886678722121,1.3546511679317919,reliable,Two or more races,"Two or more races, non-Hispanic",True,05,NCES Digest Table 219.85b,2017-2021,456.0,16210.0,28.13078346699568,reliable,False,CDC WONDER Natality 2016-2024 Expanded (age 15-19),2017-2021,21.9,0.6,5.1,0.3,ACS 5-year 2017-2021 (S1701 age band: under 18; S2701 age band: under 19),2017-2021,South,2017-2021
California,Total,4.252125243665962,0.054608182242212915,reliable,Total,"all races/ethnicities combined (per NCES footnote, includes small groups not shown separately)",True,06,NCES Digest Table 219.85b,2017-2021,,,,,,,,16.2,0.2,3.3,0.1,ACS 5-year 2017-2021 (S1701 age band: under 18; S2701 age band: under 19),2017-2021,West,2017-2021
California,American Indian/Alaska Native,5.286489347624719,0.9068441703045158,reliable,American Indian/Alaska Native,"American Indian/Alaska Native, non-Hispanic",True,06,NCES Digest Table 219.85b,2017-2021,721.0,124318.0,5.799642851397223,reliable,False,CDC WONDER Natality 2016-2024 Expanded (age 15-19),2017-2021,16.2,0.2,3.3,0.1,ACS 5-year 2017-2021 (S1701 age band: under 18; S2701 age band: under 19),2017-2021,West,2017-2021
California,Asian,1.6227471197490344,0.11768063658880383,reliable,Asian,"Asian, non-Hispanic",True,06,NCES Digest Table 219.85b,2017-2021,1836.0,821339.0,2.2353741877592563,reliable,False,CDC WONDER Natality 2016-2024 Expanded (age 15-19),2017-2021,16.2,0.2,3.3,0.1,ACS 5-year 2017-2021 (S1701 age band: under 18; S2701 age band: under 19),2017-2021,West,2017-2021
California,Black,5.669867743335283,0.29094444617888454,reliable,Black,"Black, non-Hispanic",True,06,NCES Digest Table 219.85b,2017-2021,5885.0,406210.0,14.487580315600304,reliable,False,CDC WONDER Natality 2016-2024 Expanded (age 15-19),2017-2021,16.2,0.2,3.3,0.1,ACS 5-year 2017-2021 (S1701 age band: under 18; S2701 age band: under 19),2017-2021,West,2017-2021
California,Hispanic,5.894145709970513,0.08265496740680388,reliable,Hispanic,"Hispanic, any race",True,06,NCES Digest Table 219.85b,2017-2021,,,,,,,,16.2,0.2,3.3,0.1,ACS 5-year 2017-2021 (S1701 age band: under 18; S2701 age band: under 19),2017-2021,West,2017-2021
California,Pacific Islander,5.433215362432822,0.951757329762087,reliable,Pacific Islander,"Native Hawaiian/Pacific Islander, non-Hispanic",True,06,NCES Digest Table 219.85b,2017-2021,271.0,33318.0,8.133741521099706,reliable,False,CDC WONDER Natality 2016-2024 Expanded (age 15-19),2017-2021,16.2,0.2,3.3,0.1,ACS 5-year 2017-2021 (S1701 age band: under 18; S2701 age band: under 19),2017-2021,West,2017-2021
California,White,2.374835954522544,0.0834174674906998,reliable,White,"White, non-Hispanic",True,06,NCES Digest Table 219.85b,2017-2021,64845.0,4466538.0,14.517955517226092,reliable,False,CDC WONDER Natality 2016-2024 Expanded (age 15-19),2017-2021,16.2,0.2,3.3,0.1,ACS 5-year 2017-2021 (S1701 age band: under 18; S2701 age band: under 19),2017-2021,West,2017-2021
California,Two or more races,2.538341875909934,0.21156976943288294,reliable,Two or more races,"Two or more races, non-Hispanic",True,06,NCES Digest Table 219.85b,2017-2021,3733.0,379380.0,9.839738520744373,reliable,False,CDC WONDER Natality 2016-2024 Expanded (age 15-19),2017-2021,16.2,0.2,3.3,0.1,ACS 5-year 2017-2021 (S1701 age band: under 18; S2701 age band: under 19),2017-2021,West,2017-2021
Colorado,Total,5.157549891172336,0.1862853452850923,reliable,Total,"all races/ethnicities combined (per NCES footnote, includes small groups not shown separately)",True,08,NCES Digest Table 219.85b,2017-2021,,,,,,,,11.4,0.4,5.0,0.2,ACS 5-year 2017-2021 (S1701 age band: under 18; S2701 age band: under 19),2017-2021,West,2017-2021
Colorado,American Indian/Alaska Native,5.60625814863103,1.9741803318729287,unreliable_cv_30_50pct,American Indian/Alaska Native,"American Indian/Alaska Native, non-Hispanic",True,08,NCES Digest Table 219.85b,2017-2021,295.0,17520.0,16.837899543378995,reliable,False,CDC WONDER Natality 2016-2024 Expanded (age 15-19),2017-2021,11.4,0.4,5.0,0.2,ACS 5-year 2017-2021 (S1701 age band: under 18; S2701 age band: under 19),2017-2021,West,2017-2021
Colorado,Asian,3.1715935533913644,0.7294020538212153,reliable,Asian,"Asian, non-Hispanic",True,08,NCES Digest Table 219.85b,2017-2021,146.0,33279.0,4.387151056221642,reliable,False,CDC WONDER Natality 2016-2024 Expanded (age 15-19),2017-2021,11.4,0.4,5.0,0.2,ACS 5-year 2017-2021 (S1701 age band: under 18; S2701 age band: under 19),2017-2021,West,2017-2021
Colorado,Black,6.107768328347171,0.9714730675934239,reliable,Black,"Black, non-Hispanic",True,08,NCES Digest Table 219.85b,2017-2021,894.0,43918.0,20.356118220319686,reliable,False,CDC WONDER Natality 2016-2024 Expanded (age 15-19),2017-2021,11.4,0.4,5.0,0.2,ACS 5-year 2017-2021 (S1701 age band: under 18; S2701 age band: under 19),2017-2021,West,2017-2021
Colorado,Hispanic,8.647320201795,0.47289344046320697,reliable,Hispanic,"Hispanic, any race",True,08,NCES Digest Table 219.85b,2017-2021,,,,,,,,11.4,0.4,5.0,0.2,ACS 5-year 2017-2021 (S1701 age band: under 18; S2701 age band: under 19),2017-2021,West,2017-2021
Colorado,Pacific Islander,,,suppressed_reporting_standards_not_met,Pacific Islander,"Native Hawaiian/Pacific Islander, non-Hispanic",True,08,NCES Digest Table 219.85b,2017-2021,78.0,2033.0,38.36694540088539,reliable,False,CDC WONDER Natality 2016-2024 Expanded (age 15-19),2017-2021,11.4,0.4,5.0,0.2,ACS 5-year 2017-2021 (S1701 age band: under 18; S2701 age band: under 19),2017-2021,West,2017-2021
Colorado,White,3.654388231683572,0.1797964167511727,reliable,White,"White, non-Hispanic",True,08,NCES Digest Table 219.85b,2017-2021,10104.0,741323.0,13.629686385017056,reliable,False,CDC WONDER Natality 2016-2024 Expanded (age 15-19),2017-2021,11.4,0.4,5.0,0.2,ACS 5-year 2017-2021 (S1701 age band: under 18; S2701 age band: under 19),2017-2021,West,2017-2021
Colorado,Two or more races,2.8278085359871046,0.47862765148942815,reliable,Two or more races,"Two or more races, non-Hispanic",True,08,NCES Digest Table 219.85b,2017-2021,548.0,47039.0,11.649907523544293,reliable,False,CDC WONDER Natality 2016-2024 Expanded (age 15-19),2017-2021,11.4,0.4,5.0,0.2,ACS 5-year 2017-2021 (S1701 age band: under 18; S2701 age band: under 19),2017-2021,West,2017-2021
Connecticut,Total,3.6866454152699504,0.19170700394479503,reliable,Total,"all races/ethnicities combined (per NCES footnote, includes small groups not shown separately)",True,09,NCES Digest Table 219.85b,2017-2021,,,,,,,,13.3,0.6,2.8,0.2,ACS 5-year 2017-2021 (S1701 age band: under 18; S2701 age band: under 19),2017-2021,Northeast,2017-2021
Connecticut,American Indian/Alaska Native,,,suppressed_reporting_standards_not_met,American Indian/Alaska Native,"American Indian/Alaska Native, non-Hispanic",True,09,NCES Digest Table 219.85b,2017-2021,85.0,3846.0,22.100884035361414,reliable,False,CDC WONDER Natality 2016-2024 Expanded (age 15-19),2017-2021,13.3,0.6,2.8,0.2,ACS 5-year 2017-2021 (S1701 age band: under 18; S2701 age band: under 19),2017-2021,Northeast,2017-2021
Connecticut,Asian,1.5377268385864375,0.535468965045961,unreliable_cv_30_50pct,Asian,"Asian, non-Hispanic",True,09,NCES Digest Table 219.85b,2017-2021,,,,suppressed_or_incomplete_5yr_window,False,CDC WONDER Natality 2016-2024 Expanded (age 15-19),2017-2021,13.3,0.6,2.8,0.2,ACS 5-year 2017-2021 (S1701 age band: under 18; S2701 age band: under 19),2017-2021,Northeast,2017-2021
Connecticut,Black,4.301380991064176,0.5403753460586255,reliable,Black,"Black, non-Hispanic",True,09,NCES Digest Table 219.85b,2017-2021,1167.0,81781.0,14.269818172925252,reliable,False,CDC WONDER Natality 2016-2024 Expanded (age 15-19),2017-2021,13.3,0.6,2.8,0.2,ACS 5-year 2017-2021 (S1701 age band: under 18; S2701 age band: under 19),2017-2021,Northeast,2017-2021
Connecticut,Hispanic,8.335809643301307,0.766288276915793,reliable,Hispanic,"Hispanic, any race",True,09,NCES Digest Table 219.85b,2017-2021,,,,,,,,13.3,0.6,2.8,0.2,ACS 5-year 2017-2021 (S1701 age band: under 18; S2701 age band: under 19),2017-2021,Northeast,2017-2021
Connecticut,Pacific Islander,,,suppressed_reporting_standards_not_met,Pacific Islander,"Native Hawaiian/Pacific Islander, non-Hispanic",True,09,NCES Digest Table 219.85b,2017-2021,,,,suppressed_or_incomplete_5yr_window,False,CDC WONDER Natality 2016-2024 Expanded (age 15-19),2017-2021,13.3,0.6,2.8,0.2,ACS 5-year 2017-2021 (S1701 age band: under 18; S2701 age band: under 19),2017-2021,Northeast,2017-2021
Connecticut,White,2.1547887000905765,0.17984644132675034,reliable,White,"White, non-Hispanic",True,09,NCES Digest Table 219.85b,2017-2021,3113.0,447545.0,6.9557251226133685,reliable,False,CDC WONDER Natality 2016-2024 Expanded (age 15-19),2017-2021,13.3,0.6,2.8,0.2,ACS 5-year 2017-2021 (S1701 age band: under 18; S2701 age band: under 19),2017-2021,Northeast,2017-2021
Connecticut,Two or more races,3.1117397454031117,0.8738383286145046,reliable,Two or more races,"Two or more races, non-Hispanic",True,09,NCES Digest Table 219.85b,2017-2021,251.0,24970.0,10.052062474969963,reliable,False,CDC WONDER Natality 2016-2024 Expanded (age 15-19),2017-2021,13.3,0.6,2.8,0.2,ACS 5-year 2017-2021 (S1701 age band: under 18; S2701 age band: under 19),2017-2021,Northeast,2017-2021
Delaware,Total,4.9361875788380205,0.46386909937557486,reliable,Total,"all races/ethnicities combined (per NCES footnote, includes small groups not shown separately)",True,10,NCES Digest Table 219.85b,2017-2021,,,,,,,,17.3,1.2,3.9,0.5,ACS 5-year 2017-2021 (S1701 age band: under 18; S2701 age band: under 19),2017-2021,South,2017-2021
Delaware,American Indian/Alaska Native,,,suppressed_reporting_standards_not_met,American Indian/Alaska Native,"American Indian/Alaska Native, non-Hispanic",True,10,NCES Digest Table 219.85b,2017-2021,,,,suppressed_or_incomplete_5yr_window,False,CDC WONDER Natality 2016-2024 Expanded (age 15-19),2017-2021,17.3,1.2,3.9,0.5,ACS 5-year 2017-2021 (S1701 age band: under 18; S2701 age band: under 19),2017-2021,South,2017-2021
Delaware,Asian,,,suppressed_reporting_standards_not_met,Asian,"Asian, non-Hispanic",True,10,NCES Digest Table 219.85b,2017-2021,,,,suppressed_or_incomplete_5yr_window,False,CDC WONDER Natality 2016-2024 Expanded (age 15-19),2017-2021,17.3,1.2,3.9,0.5,ACS 5-year 2017-2021 (S1701 age band: under 18; S2701 age band: under 19),2017-2021,South,2017-2021
Delaware,Black,4.3876690737143065,0.6725388200824306,reliable,Black,"Black, non-Hispanic",True,10,NCES Digest Table 219.85b,2017-2021,976.0,42404.0,23.016696538062448,reliable,False,CDC WONDER Natality 2016-2024 Expanded (age 15-19),2017-2021,17.3,1.2,3.9,0.5,ACS 5-year 2017-2021 (S1701 age band: under 18; S2701 age band: under 19),2017-2021,South,2017-2021
Delaware,Hispanic,7.49945498146937,1.2907481345717067,reliable,Hispanic,"Hispanic, any race",True,10,NCES Digest Table 219.85b,2017-2021,,,,,,,,17.3,1.2,3.9,0.5,ACS 5-year 2017-2021 (S1701 age band: under 18; S2701 age band: under 19),2017-2021,South,2017-2021
Delaware,Pacific Islander,,,suppressed_reporting_standards_not_met,Pacific Islander,"Native Hawaiian/Pacific Islander, non-Hispanic",True,10,NCES Digest Table 219.85b,2017-2021,,,,suppressed_or_incomplete_5yr_window,False,CDC WONDER Natality 2016-2024 Expanded (age 15-19),2017-2021,17.3,1.2,3.9,0.5,ACS 5-year 2017-2021 (S1701 age band: under 18; S2701 age band: under 19),2017-2021,South,2017-2021
Delaware,White,4.946707236783573,0.7792320672872596,reliable,White,"White, non-Hispanic",True,10,NCES Digest Table 219.85b,2017-2021,1181.0,93736.0,12.599214816079202,reliable,False,CDC WONDER Natality 2016-2024 Expanded (age 15-19),2017-2021,17.3,1.2,3.9,0.5,ACS 5-year 2017-2021 (S1701 age band: under 18; S2701 age band: under 19),2017-2021,South,2017-2021
Delaware,Two or more races,5.441070137382502,2.6532523747492296,unreliable_cv_30_50pct,Two or more races,"Two or more races, non-Hispanic",True,10,NCES Digest Table 219.85b,2017-2021,172.0,8102.0,21.229326092322882,reliable,False,CDC WONDER Natality 2016-2024 Expanded (age 15-19),2017-2021,17.3,1.2,3.9,0.5,ACS 5-year 2017-2021 (S1701 age band: under 18; S2701 age band: under 19),2017-2021,South,2017-2021
District of Columbia,Total,4.019963251725679,0.5025357381297979,reliable,Total,"all races/ethnicities combined (per NCES footnote, includes small groups not shown separately)",True,11,NCES Digest Table 219.85b,2017-2021,,,,,,,,22.8,1.8,2.2,0.4,ACS 5-year 2017-2021 (S1701 age band: under 18; S2701 age band: under 19),2017-2021,South,2017-2021
District of Columbia,American Indian/Alaska Native,,,suppressed_reporting_standards_not_met,American Indian/Alaska Native,"American Indian/Alaska Native, non-Hispanic",True,11,NCES Digest Table 219.85b,2017-2021,,,,suppressed_or_incomplete_5yr_window,False,CDC WONDER Natality 2016-2024 Expanded (age 15-19),2017-2021,22.8,1.8,2.2,0.4,ACS 5-year 2017-2021 (S1701 age band: under 18; S2701 age band: under 19),2017-2021,South,2017-2021
District of Columbia,Asian,,,suppressed_reporting_standards_not_met,Asian,"Asian, non-Hispanic",True,11,NCES Digest Table 219.85b,2017-2021,,,,suppressed_or_incomplete_5yr_window,False,CDC WONDER Natality 2016-2024 Expanded (age 15-19),2017-2021,22.8,1.8,2.2,0.4,ACS 5-year 2017-2021 (S1701 age band: under 18; S2701 age band: under 19),2017-2021,South,2017-2021
District of Columbia,Black,7.006315070831199,1.087397064276807,reliable,Black,"Black, non-Hispanic",True,11,NCES Digest Table 219.85b,2017-2021,1346.0,49051.0,27.44082689445679,reliable,False,CDC WONDER Natality 2016-2024 Expanded (age 15-19),2017-2021,22.8,1.8,2.2,0.4,ACS 5-year 2017-2021 (S1701 age band: under 18; S2701 age band: under 19),2017-2021,South,2017-2021
District of Columbia,Hispanic,5.437853107344632,1.5434494855982088,reliable,Hispanic,"Hispanic, any race",True,11,NCES Digest Table 219.85b,2017-2021,,,,,,,,22.8,1.8,2.2,0.4,ACS 5-year 2017-2021 (S1701 age band: under 18; S2701 age band: under 19),2017-2021,South,2017-2021
District of Columbia,Pacific Islander,,,suppressed_reporting_standards_not_met,Pacific Islander,"Native Hawaiian/Pacific Islander, non-Hispanic",True,11,NCES Digest Table 219.85b,2017-2021,,,,suppressed_or_incomplete_5yr_window,False,CDC WONDER Natality 2016-2024 Expanded (age 15-19),2017-2021,22.8,1.8,2.2,0.4,ACS 5-year 2017-2021 (S1701 age band: under 18; S2701 age band: under 19),2017-2021,South,2017-2021
District of Columbia,White,0.673073703244818,0.2927539845544252,unreliable_cv_30_50pct,White,"White, non-Hispanic",True,11,NCES Digest Table 219.85b,2017-2021,262.0,38637.0,6.781064782462407,reliable,False,CDC WONDER Natality 2016-2024 Expanded (age 15-19),2017-2021,22.8,1.8,2.2,0.4,ACS 5-year 2017-2021 (S1701 age band: under 18; S2701 age band: under 19),2017-2021,South,2017-2021
District of Columbia,Two or more races,,,suppressed_reporting_standards_not_met,Two or more races,"Two or more races, non-Hispanic",True,11,NCES Digest Table 219.85b,2017-2021,,,,suppressed_or_incomplete_5yr_window,False,CDC WONDER Natality 2016-2024 Expanded (age 15-19),2017-2021,22.8,1.8,2.2,0.4,ACS 5-year 2017-2021 (S1701 age band: under 18; S2701 age band: under 19),2017-2021,South,2017-2021
Florida,Total,6.143368603013704,0.10253003585852732,reliable,Total,"all races/ethnicities combined (per NCES footnote, includes small groups not shown separately)",True,12,NCES Digest Table 219.85b,2017-2021,,,,,,,,18.2,0.4,7.5,0.2,ACS 5-year 2017-2021 (S1701 age band: under 18; S2701 age band: under 19),2017-2021,South,2017-2021
Florida,American Indian/Alaska Native,15.97684515195369,3.4943809401001764,reliable,American Indian/Alaska Native,"American Indian/Alaska Native, non-Hispanic",True,12,NCES Digest Table 219.85b,2017-2021,148.0,17577.0,8.420094441599819,reliable,False,CDC WONDER Natality 2016-2024 Expanded (age 15-19),2017-2021,18.2,0.4,7.5,0.2,ACS 5-year 2017-2021 (S1701 age band: under 18; S2701 age band: under 19),2017-2021,South,2017-2021
Florida,Asian,2.3792116973935156,0.4653874055362032,reliable,Asian,"Asian, non-Hispanic",True,12,NCES Digest Table 219.85b,2017-2021,311.0,91037.0,3.4161934158638796,reliable,False,CDC WONDER Natality 2016-2024 Expanded (age 15-19),2017-2021,18.2,0.4,7.5,0.2,ACS 5-year 2017-2021 (S1701 age band: under 18; S2701 age band: under 19),2017-2021,South,2017-2021
Florida,Black,6.889365429339454,0.26961948560575555,reliable,Black,"Black, non-Hispanic",True,12,NCES Digest Table 219.85b,2017-2021,15761.0,641863.0,24.5550841846313,reliable,False,CDC WONDER Natality 2016-2024 Expanded (age 15-19),2017-2021,18.2,0.4,7.5,0.2,ACS 5-year 2017-2021 (S1701 age band: under 18; S2701 age band: under 19),2017-2021,South,2017-2021
Florida,Hispanic,7.5553039093017365,0.19721566563772444,reliable,Hispanic,"Hispanic, any race",True,12,NCES Digest Table 219.85b,2017-2021,,,,,,,,18.2,0.4,7.5,0.2,ACS 5-year 2017-2021 (S1701 age band: under 18; S2701 age band: under 19),2017-2021,South,2017-2021
Florida,Pacific Islander,,,suppressed_reporting_standards_not_met,Pacific Islander,"Native Hawaiian/Pacific Islander, non-Hispanic",True,12,NCES Digest Table 219.85b,2017-2021,,,,suppressed_or_incomplete_5yr_window,False,CDC WONDER Natality 2016-2024 Expanded (age 15-19),2017-2021,18.2,0.4,7.5,0.2,ACS 5-year 2017-2021 (S1701 age band: under 18; S2701 age band: under 19),2017-2021,South,2017-2021
Florida,White,5.074718757591241,0.15113487507713697,reliable,White,"White, non-Hispanic",True,12,NCES Digest Table 219.85b,2017-2021,29466.0,2083490.0,14.142616475241063,reliable,False,CDC WONDER Natality 2016-2024 Expanded (age 15-19),2017-2021,18.2,0.4,7.5,0.2,ACS 5-year 2017-2021 (S1701 age band: under 18; S2701 age band: under 19),2017-2021,South,2017-2021
Florida,Two or more races,5.764379884936069,0.5775339472927369,reliable,Two or more races,"Two or more races, non-Hispanic",True,12,NCES Digest Table 219.85b,2017-2021,1351.0,115542.0,11.692717799588028,reliable,False,CDC WONDER Natality 2016-2024 Expanded (age 15-19),2017-2021,18.2,0.4,7.5,0.2,ACS 5-year 2017-2021 (S1701 age band: under 18; S2701 age band: under 19),2017-2021,South,2017-2021
Georgia,Total,6.322380767698071,0.15378451698973628,reliable,Total,"all races/ethnicities combined (per NCES footnote, includes small groups not shown separately)",True,13,NCES Digest Table 219.85b,2017-2021,,,,,,,,19.6,0.4,7.5,0.2,ACS 5-year 2017-2021 (S1701 age band: under 18; S2701 age band: under 19),2017-2021,South,2017-2021
Georgia,American Indian/Alaska Native,6.563126252505009,2.667216958437485,unreliable_cv_30_50pct,American Indian/Alaska Native,"American Indian/Alaska Native, non-Hispanic",True,13,NCES Digest Table 219.85b,2017-2021,,,,suppressed_or_incomplete_5yr_window,False,CDC WONDER Natality 2016-2024 Expanded (age 15-19),2017-2021,19.6,0.4,7.5,0.2,ACS 5-year 2017-2021 (S1701 age band: under 18; S2701 age band: under 19),2017-2021,South,2017-2021
Georgia,Asian,2.270575276816943,0.3707954276718185,reliable,Asian,"Asian, non-Hispanic",True,13,NCES Digest Table 219.85b,2017-2021,284.0,74963.0,3.7885356776009496,reliable,False,CDC WONDER Natality 2016-2024 Expanded (age 15-19),2017-2021,19.6,0.4,7.5,0.2,ACS 5-year 2017-2021 (S1701 age band: under 18; S2701 age band: under 19),2017-2021,South,2017-2021
Georgia,Black,5.8897304741294505,0.29378091485403796,reliable,Black,"Black, non-Hispanic",True,13,NCES Digest Table 219.85b,2017-2021,15240.0,649900.0,23.449761501769505,reliable,False,CDC WONDER Natality 2016-2024 Expanded (age 15-19),2017-2021,19.6,0.4,7.5,0.2,ACS 5-year 2017-2021 (S1701 age band: under 18; S2701 age band: under 19),2017-2021,South,2017-2021
Georgia,Hispanic,11.525074606493401,0.5627231557073221,reliable,Hispanic,"Hispanic, any race",True,13,NCES Digest Table 219.85b,2017-2021,,,,,,,,19.6,0.4,7.5,0.2,ACS 5-year 2017-2021 (S1701 age band: under 18; S2701 age band: under 19),2017-2021,South,2017-2021
Georgia,Pacific Islander,,,suppressed_reporting_standards_not_met,Pacific Islander,"Native Hawaiian/Pacific Islander, non-Hispanic",True,13,NCES Digest Table 219.85b,2017-2021,,,,suppressed_or_incomplete_5yr_window,False,CDC WONDER Natality 2016-2024 Expanded (age 15-19),2017-2021,19.6,0.4,7.5,0.2,ACS 5-year 2017-2021 (S1701 age band: under 18; S2701 age band: under 19),2017-2021,South,2017-2021
Georgia,White,5.654468489670076,0.19731131838437066,reliable,White,"White, non-Hispanic",True,13,NCES Digest Table 219.85b,2017-2021,18062.0,1004462.0,17.981765362950515,reliable,False,CDC WONDER Natality 2016-2024 Expanded (age 15-19),2017-2021,19.6,0.4,7.5,0.2,ACS 5-year 2017-2021 (S1701 age band: under 18; S2701 age band: under 19),2017-2021,South,2017-2021
Georgia,Two or more races,5.753364700733122,0.621224843238329,reliable,Two or more races,"Two or more races, non-Hispanic",True,13,NCES Digest Table 219.85b,2017-2021,1247.0,61101.0,20.40883127935713,reliable,False,CDC WONDER Natality 2016-2024 Expanded (age 15-19),2017-2021,19.6,0.4,7.5,0.2,ACS 5-year 2017-2021 (S1701 age band: under 18; S2701 age band: under 19),2017-2021,South,2017-2021
Hawaii,Total,3.679806037853903,0.3172722979974011,reliable,Total,"all races/ethnicities combined (per NCES footnote, includes small groups not shown separately)",True,15,NCES Digest Table 219.85b,2017-2021,,,,,,,,12.0,0.8,2.7,0.3,ACS 5-year 2017-2021 (S1701 age band: under 18; S2701 age band: under 19),2017-2021,West,2017-2021
Hawaii,American Indian/Alaska Native,,,suppressed_reporting_standards_not_met,American Indian/Alaska Native,"American Indian/Alaska Native, non-Hispanic",True,15,NCES Digest Table 219.85b,2017-2021,,,,suppressed_or_incomplete_5yr_window,False,CDC WONDER Natality 2016-2024 Expanded (age 15-19),2017-2021,12.0,0.8,2.7,0.3,ACS 5-year 2017-2021 (S1701 age band: under 18; S2701 age band: under 19),2017-2021,West,2017-2021
Hawaii,Asian,3.647999260696793,0.48098732039093106,reliable,Asian,"Asian, non-Hispanic",True,15,NCES Digest Table 219.85b,2017-2021,247.0,55051.0,4.486748651250659,reliable,False,CDC WONDER Natality 2016-2024 Expanded (age 15-19),2017-2021,12.0,0.8,2.7,0.3,ACS 5-year 2017-2021 (S1701 age band: under 18; S2701 age band: under 19),2017-2021,West,2017-2021
Hawaii,Black,,,suppressed_reporting_standards_not_met,Black,"Black, non-Hispanic",True,15,NCES Digest Table 219.85b,2017-2021,,,,suppressed_or_incomplete_5yr_window,False,CDC WONDER Natality 2016-2024 Expanded (age 15-19),2017-2021,12.0,0.8,2.7,0.3,ACS 5-year 2017-2021 (S1701 age band: under 18; S2701 age band: under 19),2017-2021,West,2017-2021
Hawaii,Hispanic,4.265360641139805,0.8223020947416273,reliable,Hispanic,"Hispanic, any race",True,15,NCES Digest Table 219.85b,2017-2021,,,,,,,,12.0,0.8,2.7,0.3,ACS 5-year 2017-2021 (S1701 age band: under 18; S2701 age band: under 19),2017-2021,West,2017-2021
Hawaii,Pacific Islander,5.9308263695450325,1.1782373190957904,reliable,Pacific Islander,"Native Hawaiian/Pacific Islander, non-Hispanic",True,15,NCES Digest Table 219.85b,2017-2021,572.0,24859.0,23.00977513174303,reliable,False,CDC WONDER Natality 2016-2024 Expanded (age 15-19),2017-2021,12.0,0.8,2.7,0.3,ACS 5-year 2017-2021 (S1701 age band: under 18; S2701 age band: under 19),2017-2021,West,2017-2021
Hawaii,White,1.3813854886138277,0.33683623497470017,reliable,White,"White, non-Hispanic",True,15,NCES Digest Table 219.85b,2017-2021,378.0,30573.0,12.363850456284958,reliable,False,CDC WONDER Natality 2016-2024 Expanded (age 15-19),2017-2021,12.0,0.8,2.7,0.3,ACS 5-year 2017-2021 (S1701 age band: under 18; S2701 age band: under 19),2017-2021,West,2017-2021
Hawaii,Two or more races,4.1475666328127145,0.6852306227306989,reliable,Two or more races,"Two or more races, non-Hispanic",True,15,NCES Digest Table 219.85b,2017-2021,1649.0,71198.0,23.16076294277929,reliable,False,CDC WONDER Natality 2016-2024 Expanded (age 15-19),2017-2021,12.0,0.8,2.7,0.3,ACS 5-year 2017-2021 (S1701 age band: under 18; S2701 age band: under 19),2017-2021,West,2017-2021
Idaho,Total,6.456316633430392,0.36994700505207107,reliable,Total,"all races/ethnicities combined (per NCES footnote, includes small groups not shown separately)",True,16,NCES Digest Table 219.85b,2017-2021,,,,,,,,13.6,0.7,5.8,0.3,ACS 5-year 2017-2021 (S1701 age band: under 18; S2701 age band: under 19),2017-2021,West,2017-2021
Idaho,American Indian/Alaska Native,11.036639857015192,2.6353872400808735,reliable,American Indian/Alaska Native,"American Indian/Alaska Native, non-Hispanic",True,16,NCES Digest Table 219.85b,2017-2021,169.0,5636.0,29.98580553584102,reliable,False,CDC WONDER Natality 2016-2024 Expanded (age 15-19),2017-2021,13.6,0.7,5.8,0.3,ACS 5-year 2017-2021 (S1701 age band: under 18; S2701 age band: under 19),2017-2021,West,2017-2021
Idaho,Asian,,,suppressed_reporting_standards_not_met,Asian,"Asian, non-Hispanic",True,16,NCES Digest Table 219.85b,2017-2021,,,,suppressed_or_incomplete_5yr_window,False,CDC WONDER Natality 2016-2024 Expanded (age 15-19),2017-2021,13.6,0.7,5.8,0.3,ACS 5-year 2017-2021 (S1701 age band: under 18; S2701 age band: under 19),2017-2021,West,2017-2021
Idaho,Black,,,suppressed_reporting_standards_not_met,Black,"Black, non-Hispanic",True,16,NCES Digest Table 219.85b,2017-2021,96.0,3622.0,26.50469353948095,reliable,False,CDC WONDER Natality 2016-2024 Expanded (age 15-19),2017-2021,13.6,0.7,5.8,0.3,ACS 5-year 2017-2021 (S1701 age band: under 18; S2701 age band: under 19),2017-2021,West,2017-2021
Idaho,Hispanic,10.054375970999482,1.1835254359983338,reliable,Hispanic,"Hispanic, any race",True,16,NCES Digest Table 219.85b,2017-2021,,,,,,,,13.6,0.7,5.8,0.3,ACS 5-year 2017-2021 (S1701 age band: under 18; S2701 age band: under 19),2017-2021,West,2017-2021
Idaho,Pacific Islander,,,suppressed_reporting_standards_not_met,Pacific Islander,"Native Hawaiian/Pacific Islander, non-Hispanic",True,16,NCES Digest Table 219.85b,2017-2021,,,,suppressed_or_incomplete_5yr_window,False,CDC WONDER Natality 2016-2024 Expanded (age 15-19),2017-2021,13.6,0.7,5.8,0.3,ACS 5-year 2017-2021 (S1701 age band: under 18; S2701 age band: under 19),2017-2021,West,2017-2021
Idaho,White,5.76352080879466,0.40568281100453135,reliable,White,"White, non-Hispanic",True,16,NCES Digest Table 219.85b,2017-2021,4201.0,282290.0,14.881859081086825,reliable,False,CDC WONDER Natality 2016-2024 Expanded (age 15-19),2017-2021,13.6,0.7,5.8,0.3,ACS 5-year 2017-2021 (S1701 age band: under 18; S2701 age band: under 19),2017-2021,West,2017-2021
Idaho,Two or more races,5.379530430818327,1.4227641814139915,reliable,Two or more races,"Two or more races, non-Hispanic",True,16,NCES Digest Table 219.85b,2017-2021,176.0,11536.0,15.256588072122053,reliable,False,CDC WONDER Natality 2016-2024 Expanded (age 15-19),2017-2021,13.6,0.7,5.8,0.3,ACS 5-year 2017-2021 (S1701 age band: under 18; S2701 age band: under 19),2017-2021,West,2017-2021
Illinois,Total,4.851295534832171,0.10158391657192953,reliable,Total,"all races/ethnicities combined (per NCES footnote, includes small groups not shown separately)",True,17,NCES Digest Table 219.85b,2017-2021,,,,,,,,15.8,0.3,3.3,0.1,ACS 5-year 2017-2021 (S1701 age band: under 18; S2701 age band: under 19),2017-2021,Midwest,2017-2021
Illinois,American Indian/Alaska Native,,,suppressed_reporting_standards_not_met,American Indian/Alaska Native,"American Indian/Alaska Native, non-Hispanic",True,17,NCES Digest Table 219.85b,2017-2021,,,,suppressed_or_incomplete_5yr_window,False,CDC WONDER Natality 2016-2024 Expanded (age 15-19),2017-2021,15.8,0.3,3.3,0.1,ACS 5-year 2017-2021 (S1701 age band: under 18; S2701 age band: under 19),2017-2021,Midwest,2017-2021
Illinois,Asian,1.2301880395694342,0.2581916959996916,reliable,Asian,"Asian, non-Hispanic",True,17,NCES Digest Table 219.85b,2017-2021,196.0,108881.0,1.8001304176118882,reliable,False,CDC WONDER Natality 2016-2024 Expanded (age 15-19),2017-2021,15.8,0.3,3.3,0.1,ACS 5-year 2017-2021 (S1701 age band: under 18; S2701 age band: under 19),2017-2021,Midwest,2017-2021
Illinois,Black,7.293524488955962,0.3732662334297096,reliable,Black,"Black, non-Hispanic",True,17,NCES Digest Table 219.85b,2017-2021,9546.0,327425.0,29.154768267542185,reliable,False,CDC WONDER Natality 2016-2024 Expanded (age 15-19),2017-2021,15.8,0.3,3.3,0.1,ACS 5-year 2017-2021 (S1701 age band: under 18; S2701 age band: under 19),2017-2021,Midwest,2017-2021
Illinois,Hispanic,6.388676904784363,0.26412924794343007,reliable,Hispanic,"Hispanic, any race",True,17,NCES Digest Table 219.85b,2017-2021,,,,,,,,15.8,0.3,3.3,0.1,ACS 5-year 2017-2021 (S1701 age band: under 18; S2701 age band: under 19),2017-2021,Midwest,2017-2021
Illinois,Pacific Islander,,,suppressed_reporting_standards_not_met,Pacific Islander,"Native Hawaiian/Pacific Islander, non-Hispanic",True,17,NCES Digest Table 219.85b,2017-2021,,,,suppressed_or_incomplete_5yr_window,False,CDC WONDER Natality 2016-2024 Expanded (age 15-19),2017-2021,15.8,0.3,3.3,0.1,ACS 5-year 2017-2021 (S1701 age band: under 18; S2701 age band: under 19),2017-2021,Midwest,2017-2021
Illinois,White,3.709812784072237,0.13574199788853206,reliable,White,"White, non-Hispanic",True,17,NCES Digest Table 219.85b,2017-2021,18453.0,1493887.0,12.352339902549524,reliable,False,CDC WONDER Natality 2016-2024 Expanded (age 15-19),2017-2021,15.8,0.3,3.3,0.1,ACS 5-year 2017-2021 (S1701 age band: under 18; S2701 age band: under 19),2017-2021,Midwest,2017-2021
Illinois,Two or more races,6.352517111498117,0.893130202687098,reliable,Two or more races,"Two or more races, non-Hispanic",True,17,NCES Digest Table 219.85b,2017-2021,1028.0,71213.0,14.435566539817168,reliable,False,CDC WONDER Natality 2016-2024 Expanded (age 15-19),2017-2021,15.8,0.3,3.3,0.1,ACS 5-year 2017-2021 (S1701 age band: under 18; S2701 age band: under 19),2017-2021,Midwest,2017-2021
Indiana,Total,6.648462205190288,0.18971436523681362,reliable,Total,"all races/ethnicities combined (per NCES footnote, includes small groups not shown separately)",True,18,NCES Digest Table 219.85b,2017-2021,,,,,,,,16.8,0.4,6.3,0.2,ACS 5-year 2017-2021 (S1701 age band: under 18; S2701 age band: under 19),2017-2021,Midwest,2017-2021
Indiana,American Indian/Alaska Native,,,suppressed_reporting_standards_not_met,American Indian/Alaska Native,"American Indian/Alaska Native, non-Hispanic",True,18,NCES Digest Table 219.85b,2017-2021,,,,suppressed_or_incomplete_5yr_window,False,CDC WONDER Natality 2016-2024 Expanded (age 15-19),2017-2021,16.8,0.4,6.3,0.2,ACS 5-year 2017-2021 (S1701 age band: under 18; S2701 age band: under 19),2017-2021,Midwest,2017-2021
Indiana,Asian,2.4127048763106993,0.6137523625011804,reliable,Asian,"Asian, non-Hispanic",True,18,NCES Digest Table 219.85b,2017-2021,209.0,32384.0,6.453804347826087,reliable,False,CDC WONDER Natality 2016-2024 Expanded (age 15-19),2017-2021,16.8,0.4,6.3,0.2,ACS 5-year 2017-2021 (S1701 age band: under 18; S2701 age band: under 19),2017-2021,Midwest,2017-2021
Indiana,Black,7.906466279929222,0.5734113564839585,reliable,Black,"Black, non-Hispanic",True,18,NCES Digest Table 219.85b,2017-2021,4345.0,126315.0,34.39813165498951,reliable,False,CDC WONDER Natality 2016-2024 Expanded (age 15-19),2017-2021,16.8,0.4,6.3,0.2,ACS 5-year 2017-2021 (S1701 age band: under 18; S2701 age band: under 19),2017-2021,Midwest,2017-2021
Indiana,Hispanic,6.481260593885366,0.539275112848494,reliable,Hispanic,"Hispanic, any race",True,18,NCES Digest Table 219.85b,2017-2021,,,,,,,,16.8,0.4,6.3,0.2,ACS 5-year 2017-2021 (S1701 age band: under 18; S2701 age band: under 19),2017-2021,Midwest,2017-2021
Indiana,Pacific Islander,,,suppressed_reporting_standards_not_met,Pacific Islander,"Native Hawaiian/Pacific Islander, non-Hispanic",True,18,NCES Digest Table 219.85b,2017-2021,,,,suppressed_or_incomplete_5yr_window,False,CDC WONDER Natality 2016-2024 Expanded (age 15-19),2017-2021,16.8,0.4,6.3,0.2,ACS 5-year 2017-2021 (S1701 age band: under 18; S2701 age band: under 19),2017-2021,Midwest,2017-2021
Indiana,White,6.641638629344962,0.24952674481990927,reliable,White,"White, non-Hispanic",True,18,NCES Digest Table 219.85b,2017-2021,16991.0,907277.0,18.72746691473497,reliable,False,CDC WONDER Natality 2016-2024 Expanded (age 15-19),2017-2021,16.8,0.4,6.3,0.2,ACS 5-year 2017-2021 (S1701 age band: under 18; S2701 age band: under 19),2017-2021,Midwest,2017-2021
Indiana,Two or more races,7.325317061497966,0.8566546764346471,reliable,Two or more races,"Two or more races, non-Hispanic",True,18,NCES Digest Table 219.85b,2017-2021,943.0,43110.0,21.87427511018325,reliable,False,CDC WONDER Natality 2016-2024 Expanded (age 15-19),2017-2021,16.8,0.4,6.3,0.2,ACS 5-year 2017-2021 (S1701 age band: under 18; S2701 age band: under 19),2017-2021,Midwest,2017-2021
Iowa,Total,4.217150441026253,0.22840677713097496,reliable,Total,"all races/ethnicities combined (per NCES footnote, includes small groups not shown separately)",True,19,NCES Digest Table 219.85b,2017-2021,,,,,,,,13.0,0.5,2.9,0.2,ACS 5-year 2017-2021 (S1701 age band: under 18; S2701 age band: under 19),2017-2021,Midwest,2017-2021
Iowa,American Indian/Alaska Native,,,suppressed_reporting_standards_not_met,American Indian/Alaska Native,"American Indian/Alaska Native, non-Hispanic",True,19,NCES Digest Table 219.85b,2017-2021,113.0,3828.0,29.519331243469175,reliable,False,CDC WONDER Natality 2016-2024 Expanded (age 15-19),2017-2021,13.0,0.5,2.9,0.2,ACS 5-year 2017-2021 (S1701 age band: under 18; S2701 age band: under 19),2017-2021,Midwest,2017-2021
Iowa,Asian,2.184109205460273,0.8811375089878446,unreliable_cv_30_50pct,Asian,"Asian, non-Hispanic",True,19,NCES Digest Table 219.85b,2017-2021,99.0,16773.0,5.902343051332499,reliable,False,CDC WONDER Natality 2016-2024 Expanded (age 15-19),2017-2021,13.0,0.5,2.9,0.2,ACS 5-year 2017-2021 (S1701 age band: under 18; S2701 age band: under 19),2017-2021,Midwest,2017-2021
Iowa,Black,6.332481352042146,1.0735527233212812,reliable,Black,"Black, non-Hispanic",True,19,NCES Digest Table 219.85b,2017-2021,1027.0,26324.0,39.013827685762045,reliable,False,CDC WONDER Natality 2016-2024 Expanded (age 15-19),2017-2021,13.0,0.5,2.9,0.2,ACS 5-year 2017-2021 (S1701 age band: under 18; S2701 age band: under 19),2017-2021,Midwest,2017-2021
Iowa,Hispanic,9.280351688504467,1.035463088376804,reliable,Hispanic,"Hispanic, any race",True,19,NCES Digest Table 219.85b,2017-2021,,,,,,,,13.0,0.5,2.9,0.2,ACS 5-year 2017-2021 (S1701 age band: under 18; S2701 age band: under 19),2017-2021,Midwest,2017-2021
Iowa,Pacific Islander,12.427184466019417,4.636012887625,unreliable_cv_30_50pct,Pacific Islander,"Native Hawaiian/Pacific Islander, non-Hispanic",True,19,NCES Digest Table 219.85b,2017-2021,,,,suppressed_or_incomplete_5yr_window,False,CDC WONDER Natality 2016-2024 Expanded (age 15-19),2017-2021,13.0,0.5,2.9,0.2,ACS 5-year 2017-2021 (S1701 age band: under 18; S2701 age band: under 19),2017-2021,Midwest,2017-2021
Iowa,White,3.583214272167503,0.23501643244399087,reliable,White,"White, non-Hispanic",True,19,NCES Digest Table 219.85b,2017-2021,5750.0,456541.0,12.59470671856416,reliable,False,CDC WONDER Natality 2016-2024 Expanded (age 15-19),2017-2021,13.0,0.5,2.9,0.2,ACS 5-year 2017-2021 (S1701 age band: under 18; S2701 age band: under 19),2017-2021,Midwest,2017-2021
Iowa,Two or more races,4.804270462633451,1.3170813805096608,reliable,Two or more races,"Two or more races, non-Hispanic",True,19,NCES Digest Table 219.85b,2017-2021,410.0,19221.0,21.330836064720877,reliable,False,CDC WONDER Natality 2016-2024 Expanded (age 15-19),2017-2021,13.0,0.5,2.9,0.2,ACS 5-year 2017-2021 (S1701 age band: under 18; S2701 age band: under 19),2017-2021,Midwest,2017-2021
Kansas,Total,5.138197243959635,0.26640402316607925,reliable,Total,"all races/ethnicities combined (per NCES footnote, includes small groups not shown separately)",True,20,NCES Digest Table 219.85b,2017-2021,,,,,,,,14.1,0.5,5.2,0.3,ACS 5-year 2017-2021 (S1701 age band: under 18; S2701 age band: under 19),2017-2021,Midwest,2017-2021
Kansas,American Indian/Alaska Native,4.179566563467492,1.7011674571142013,unreliable_cv_30_50pct,American Indian/Alaska Native,"American Indian/Alaska Native, non-Hispanic",True,20,NCES Digest Table 219.85b,2017-2021,91.0,7288.0,12.486278814489571,reliable,False,CDC WONDER Natality 2016-2024 Expanded (age 15-19),2017-2021,14.1,0.5,5.2,0.3,ACS 5-year 2017-2021 (S1701 age band: under 18; S2701 age band: under 19),2017-2021,Midwest,2017-2021
Kansas,Asian,2.217464444104603,0.9549429253700605,unreliable_cv_30_50pct,Asian,"Asian, non-Hispanic",True,20,NCES Digest Table 219.85b,2017-2021,,,,suppressed_or_incomplete_5yr_window,False,CDC WONDER Natality 2016-2024 Expanded (age 15-19),2017-2021,14.1,0.5,5.2,0.3,ACS 5-year 2017-2021 (S1701 age band: under 18; S2701 age band: under 19),2017-2021,Midwest,2017-2021
Kansas,Black,6.146889893682024,0.867470023049342,reliable,Black,"Black, non-Hispanic",True,20,NCES Digest Table 219.85b,2017-2021,1144.0,32505.0,35.19458544839255,reliable,False,CDC WONDER Natality 2016-2024 Expanded (age 15-19),2017-2021,14.1,0.5,5.2,0.3,ACS 5-year 2017-2021 (S1701 age band: under 18; S2701 age band: under 19),2017-2021,Midwest,2017-2021
Kansas,Hispanic,10.62150393842039,0.9882738132966242,reliable,Hispanic,"Hispanic, any race",True,20,NCES Digest Table 219.85b,2017-2021,,,,,,,,14.1,0.5,5.2,0.3,ACS 5-year 2017-2021 (S1701 age band: under 18; S2701 age band: under 19),2017-2021,Midwest,2017-2021
Kansas,Pacific Islander,,,suppressed_reporting_standards_not_met,Pacific Islander,"Native Hawaiian/Pacific Islander, non-Hispanic",True,20,NCES Digest Table 219.85b,2017-2021,,,,suppressed_or_incomplete_5yr_window,False,CDC WONDER Natality 2016-2024 Expanded (age 15-19),2017-2021,14.1,0.5,5.2,0.3,ACS 5-year 2017-2021 (S1701 age band: under 18; S2701 age band: under 19),2017-2021,Midwest,2017-2021
Kansas,White,3.9493008358721973,0.2236756248573851,reliable,White,"White, non-Hispanic",True,20,NCES Digest Table 219.85b,2017-2021,7325.0,402720.0,18.188816050854193,reliable,False,CDC WONDER Natality 2016-2024 Expanded (age 15-19),2017-2021,14.1,0.5,5.2,0.3,ACS 5-year 2017-2021 (S1701 age band: under 18; S2701 age band: under 19),2017-2021,Midwest,2017-2021
Kansas,Two or more races,4.692357033601421,1.1315165523667667,reliable,Two or more races,"Two or more races, non-Hispanic",True,20,NCES Digest Table 219.85b,2017-2021,528.0,26643.0,19.817588109447136,reliable,False,CDC WONDER Natality 2016-2024 Expanded (age 15-19),2017-2021,14.1,0.5,5.2,0.3,ACS 5-year 2017-2021 (S1701 age band: under 18; S2701 age band: under 19),2017-2021,Midwest,2017-2021
Kentucky,Total,5.641431614795618,0.2348263903121775,reliable,Total,"all races/ethnicities combined (per NCES footnote, includes small groups not shown separately)",True,21,NCES Digest Table 219.85b,2017-2021,,,,,,,,21.4,0.5,4.1,0.2,ACS 5-year 2017-2021 (S1701 age band: under 18; S2701 age band: under 19),2017-2021,South,2017-2021
Kentucky,American Indian/Alaska Native,,,suppressed_reporting_standards_not_met,American Indian/Alaska Native,"American Indian/Alaska Native, non-Hispanic",True,21,NCES Digest Table 219.85b,2017-2021,,,,suppressed_or_incomplete_5yr_window,False,CDC WONDER Natality 2016-2024 Expanded (age 15-19),2017-2021,21.4,0.5,4.1,0.2,ACS 5-year 2017-2021 (S1701 age band: under 18; S2701 age band: under 19),2017-2021,South,2017-2021
Kentucky,Asian,1.8280216476247744,0.7838433891022443,unreliable_cv_30_50pct,Asian,"Asian, non-Hispanic",True,21,NCES Digest Table 219.85b,2017-2021,,,,suppressed_or_incomplete_5yr_window,False,CDC WONDER Natality 2016-2024 Expanded (age 15-19),2017-2021,21.4,0.5,4.1,0.2,ACS 5-year 2017-2021 (S1701 age band: under 18; S2701 age band: under 19),2017-2021,South,2017-2021
Kentucky,Black,5.702548781626366,0.6735476787147708,reliable,Black,"Black, non-Hispanic",True,21,NCES Digest Table 219.85b,2017-2021,2103.0,71869.0,29.261573140018644,reliable,False,CDC WONDER Natality 2016-2024 Expanded (age 15-19),2017-2021,21.4,0.5,4.1,0.2,ACS 5-year 2017-2021 (S1701 age band: under 18; S2701 age band: under 19),2017-2021,South,2017-2021
Kentucky,Hispanic,9.089210998206815,1.1657864068005457,reliable,Hispanic,"Hispanic, any race",True,21,NCES Digest Table 219.85b,2017-2021,,,,,,,,21.4,0.5,4.1,0.2,ACS 5-year 2017-2021 (S1701 age band: under 18; S2701 age band: under 19),2017-2021,South,2017-2021
Kentucky,Pacific Islander,,,suppressed_reporting_standards_not_met,Pacific Islander,"Native Hawaiian/Pacific Islander, non-Hispanic",True,21,NCES Digest Table 219.85b,2017-2021,,,,suppressed_or_incomplete_5yr_window,False,CDC WONDER Natality 2016-2024 Expanded (age 15-19),2017-2021,21.4,0.5,4.1,0.2,ACS 5-year 2017-2021 (S1701 age band: under 18; S2701 age band: under 19),2017-2021,South,2017-2021
Kentucky,White,5.341870721135959,0.24766606664131408,reliable,White,"White, non-Hispanic",True,21,NCES Digest Table 219.85b,2017-2021,14964.0,587468.0,25.472025710336563,reliable,False,CDC WONDER Natality 2016-2024 Expanded (age 15-19),2017-2021,21.4,0.5,4.1,0.2,ACS 5-year 2017-2021 (S1701 age band: under 18; S2701 age band: under 19),2017-2021,South,2017-2021
Kentucky,Two or more races,8.38203149395548,1.7704668630033307,reliable,Two or more races,"Two or more races, non-Hispanic",True,21,NCES Digest Table 219.85b,2017-2021,633.0,25780.0,24.55391776570985,reliable,False,CDC WONDER Natality 2016-2024 Expanded (age 15-19),2017-2021,21.4,0.5,4.1,0.2,ACS 5-year 2017-2021 (S1701 age band: under 18; S2701 age band: under 19),2017-2021,South,2017-2021
Louisiana,Total,7.361989089814467,0.23307213105481492,reliable,Total,"all races/ethnicities combined (per NCES footnote, includes small groups not shown separately)",True,22,NCES Digest Table 219.85b,2017-2021,,,,,,,,26.2,0.7,4.0,0.3,ACS 5-year 2017-2021 (S1701 age band: under 18; S2701 age band: under 19),2017-2021,South,2017-2021
Louisiana,American Indian/Alaska Native,10.371900826446282,3.8633211059658876,unreliable_cv_30_50pct,American Indian/Alaska Native,"American Indian/Alaska Native, non-Hispanic",True,22,NCES Digest Table 219.85b,2017-2021,166.0,6227.0,26.658101814678016,reliable,False,CDC WONDER Natality 2016-2024 Expanded (age 15-19),2017-2021,26.2,0.7,4.0,0.3,ACS 5-year 2017-2021 (S1701 age band: under 18; S2701 age band: under 19),2017-2021,South,2017-2021
Louisiana,Asian,3.8925214548426643,1.2056776004682517,unreliable_cv_30_50pct,Asian,"Asian, non-Hispanic",True,22,NCES Digest Table 219.85b,2017-2021,72.0,12483.0,5.767844268204758,reliable,False,CDC WONDER Natality 2016-2024 Expanded (age 15-19),2017-2021,26.2,0.7,4.0,0.3,ACS 5-year 2017-2021 (S1701 age band: under 18; S2701 age band: under 19),2017-2021,South,2017-2021
Louisiana,Black,8.680339032092311,0.4851228220378868,reliable,Black,"Black, non-Hispanic",True,22,NCES Digest Table 219.85b,2017-2021,10225.0,280009.0,36.516683392319536,reliable,False,CDC WONDER Natality 2016-2024 Expanded (age 15-19),2017-2021,26.2,0.7,4.0,0.3,ACS 5-year 2017-2021 (S1701 age band: under 18; S2701 age band: under 19),2017-2021,South,2017-2021
Louisiana,Hispanic,10.227632997273476,1.0446448572230327,reliable,Hispanic,"Hispanic, any race",True,22,NCES Digest Table 219.85b,2017-2021,,,,,,,,26.2,0.7,4.0,0.3,ACS 5-year 2017-2021 (S1701 age band: under 18; S2701 age band: under 19),2017-2021,South,2017-2021
Louisiana,Pacific Islander,,,suppressed_reporting_standards_not_met,Pacific Islander,"Native Hawaiian/Pacific Islander, non-Hispanic",True,22,NCES Digest Table 219.85b,2017-2021,,,,suppressed_or_incomplete_5yr_window,False,CDC WONDER Natality 2016-2024 Expanded (age 15-19),2017-2021,26.2,0.7,4.0,0.3,ACS 5-year 2017-2021 (S1701 age band: under 18; S2701 age band: under 19),2017-2021,South,2017-2021
Louisiana,White,6.160656545987873,0.29427772280090625,reliable,White,"White, non-Hispanic",True,22,NCES Digest Table 219.85b,2017-2021,8490.0,406031.0,20.90973349325544,reliable,False,CDC WONDER Natality 2016-2024 Expanded (age 15-19),2017-2021,26.2,0.7,4.0,0.3,ACS 5-year 2017-2021 (S1701 age band: under 18; S2701 age band: under 19),2017-2021,South,2017-2021
Louisiana,Two or more races,7.995437104635488,1.4711139261917974,reliable,Two or more races,"Two or more races, non-Hispanic",True,22,NCES Digest Table 219.85b,2017-2021,513.0,19322.0,26.550046579029086,reliable,False,CDC WONDER Natality 2016-2024 Expanded (age 15-19),2017-2021,26.2,0.7,4.0,0.3,ACS 5-year 2017-2021 (S1701 age band: under 18; S2701 age band: under 19),2017-2021,South,2017-2021
Maine,Total,4.522827782169333,0.3671230851062422,reliable,Total,"all races/ethnicities combined (per NCES footnote, includes small groups not shown separately)",True,23,NCES Digest Table 219.85b,2017-2021,,,,,,,,13.8,0.9,4.9,0.4,ACS 5-year 2017-2021 (S1701 age band: under 18; S2701 age band: under 19),2017-2021,Northeast,2017-2021
Maine,American Indian/Alaska Native,,,suppressed_reporting_standards_not_met,American Indian/Alaska Native,"American Indian/Alaska Native, non-Hispanic",True,23,NCES Digest Table 219.85b,2017-2021,,,,suppressed_or_incomplete_5yr_window,False,CDC WONDER Natality 2016-2024 Expanded (age 15-19),2017-2021,13.8,0.9,4.9,0.4,ACS 5-year 2017-2021 (S1701 age band: under 18; S2701 age band: under 19),2017-2021,Northeast,2017-2021
Maine,Asian,,,suppressed_reporting_standards_not_met,Asian,"Asian, non-Hispanic",True,23,NCES Digest Table 219.85b,2017-2021,,,,suppressed_or_incomplete_5yr_window,False,CDC WONDER Natality 2016-2024 Expanded (age 15-19),2017-2021,13.8,0.9,4.9,0.4,ACS 5-year 2017-2021 (S1701 age band: under 18; S2701 age band: under 19),2017-2021,Northeast,2017-2021
Maine,Black,12.060926328877837,5.848706896318371,unreliable_cv_30_50pct,Black,"Black, non-Hispanic",True,23,NCES Digest Table 219.85b,2017-2021,,,,suppressed_or_incomplete_5yr_window,False,CDC WONDER Natality 2016-2024 Expanded (age 15-19),2017-2021,13.8,0.9,4.9,0.4,ACS 5-year 2017-2021 (S1701 age band: under 18; S2701 age band: under 19),2017-2021,Northeast,2017-2021
Maine,Hispanic,8.41595572976712,2.42162394673603,reliable,Hispanic,"Hispanic, any race",True,23,NCES Digest Table 219.85b,2017-2021,,,,,,,,13.8,0.9,4.9,0.4,ACS 5-year 2017-2021 (S1701 age band: under 18; S2701 age band: under 19),2017-2021,Northeast,2017-2021
Maine,Pacific Islander,,,suppressed_reporting_standards_not_met,Pacific Islander,"Native Hawaiian/Pacific Islander, non-Hispanic",True,23,NCES Digest Table 219.85b,2017-2021,,,,suppressed_or_incomplete_5yr_window,False,CDC WONDER Natality 2016-2024 Expanded (age 15-19),2017-2021,13.8,0.9,4.9,0.4,ACS 5-year 2017-2021 (S1701 age band: under 18; S2701 age band: under 19),2017-2021,Northeast,2017-2021
Maine,White,4.290139976967869,0.403209736082143,reliable,White,"White, non-Hispanic",True,23,NCES Digest Table 219.85b,2017-2021,1761.0,171518.0,10.2671439732273,reliable,False,CDC WONDER Natality 2016-2024 Expanded (age 15-19),2017-2021,13.8,0.9,4.9,0.4,ACS 5-year 2017-2021 (S1701 age band: under 18; S2701 age band: under 19),2017-2021,Northeast,2017-2021
Maine,Two or more races,5.6471023884465845,2.357956706469295,unreliable_cv_30_50pct,Two or more races,"Two or more races, non-Hispanic",True,23,NCES Digest Table 219.85b,2017-2021,97.0,6166.0,15.731430424910801,reliable,False,CDC WONDER Natality 2016-2024 Expanded (age 15-19),2017-2021,13.8,0.9,4.9,0.4,ACS 5-year 2017-2021 (S1701 age band: under 18; S2701 age band: under 19),2017-2021,Northeast,2017-2021
Maryland,Total,4.081608997216623,0.16412147587032663,reliable,Total,"all races/ethnicities combined (per NCES footnote, includes small groups not shown separately)",True,24,NCES Digest Table 219.85b,2017-2021,,,,,,,,11.9,0.4,3.7,0.2,ACS 5-year 2017-2021 (S1701 age band: under 18; S2701 age band: under 19),2017-2021,South,2017-2021
Maryland,American Indian/Alaska Native,,,suppressed_reporting_standards_not_met,American Indian/Alaska Native,"American Indian/Alaska Native, non-Hispanic",True,24,NCES Digest Table 219.85b,2017-2021,,,,suppressed_or_incomplete_5yr_window,False,CDC WONDER Natality 2016-2024 Expanded (age 15-19),2017-2021,11.9,0.4,3.7,0.2,ACS 5-year 2017-2021 (S1701 age band: under 18; S2701 age band: under 19),2017-2021,South,2017-2021
Maryland,Asian,1.3823306339148091,0.42522094405149435,unreliable_cv_30_50pct,Asian,"Asian, non-Hispanic",True,24,NCES Digest Table 219.85b,2017-2021,179.0,60800.0,2.944078947368421,reliable,False,CDC WONDER Natality 2016-2024 Expanded (age 15-19),2017-2021,11.9,0.4,3.7,0.2,ACS 5-year 2017-2021 (S1701 age band: under 18; S2701 age band: under 19),2017-2021,South,2017-2021
Maryland,Black,4.490936381480198,0.27946711110330635,reliable,Black,"Black, non-Hispanic",True,24,NCES Digest Table 219.85b,2017-2021,5515.0,309544.0,17.816530121727446,reliable,False,CDC WONDER Natality 2016-2024 Expanded (age 15-19),2017-2021,11.9,0.4,3.7,0.2,ACS 5-year 2017-2021 (S1701 age band: under 18; S2701 age band: under 19),2017-2021,South,2017-2021
Maryland,Hispanic,9.829814935366874,0.7314552927375343,reliable,Hispanic,"Hispanic, any race",True,24,NCES Digest Table 219.85b,2017-2021,,,,,,,,11.9,0.4,3.7,0.2,ACS 5-year 2017-2021 (S1701 age band: under 18; S2701 age band: under 19),2017-2021,South,2017-2021
Maryland,Pacific Islander,,,suppressed_reporting_standards_not_met,Pacific Islander,"Native Hawaiian/Pacific Islander, non-Hispanic",True,24,NCES Digest Table 219.85b,2017-2021,,,,suppressed_or_incomplete_5yr_window,False,CDC WONDER Natality 2016-2024 Expanded (age 15-19),2017-2021,11.9,0.4,3.7,0.2,ACS 5-year 2017-2021 (S1701 age band: under 18; S2701 age band: under 19),2017-2021,South,2017-2021
Maryland,White,2.5704396208714777,0.15739848357851713,reliable,White,"White, non-Hispanic",True,24,NCES Digest Table 219.85b,2017-2021,6014.0,515505.0,11.666230201452944,reliable,False,CDC WONDER Natality 2016-2024 Expanded (age 15-19),2017-2021,11.9,0.4,3.7,0.2,ACS 5-year 2017-2021 (S1701 age band: under 18; S2701 age band: under 19),2017-2021,South,2017-2021
Maryland,Two or more races,4.094223219293326,0.7588203905774489,reliable,Two or more races,"Two or more races, non-Hispanic",True,24,NCES Digest Table 219.85b,2017-2021,643.0,48413.0,13.28155660669655,reliable,False,CDC WONDER Natality 2016-2024 Expanded (age 15-19),2017-2021,11.9,0.4,3.7,0.2,ACS 5-year 2017-2021 (S1701 age band: under 18; S2701 age band: under 19),2017-2021,South,2017-2021
Massachusetts,Total,3.4905504055086576,0.13023494412461242,reliable,Total,"all races/ethnicities combined (per NCES footnote, includes small groups not shown separately)",True,25,NCES Digest Table 219.85b,2017-2021,,,,,,,,12.1,0.4,1.5,0.1,ACS 5-year 2017-2021 (S1701 age band: under 18; S2701 age band: under 19),2017-2021,Northeast,2017-2021
Massachusetts,American Indian/Alaska Native,,,suppressed_reporting_standards_not_met,American Indian/Alaska Native,"American Indian/Alaska Native, non-Hispanic",True,25,NCES Digest Table 219.85b,2017-2021,,,,suppressed_or_incomplete_5yr_window,False,CDC WONDER Natality 2016-2024 Expanded (age 15-19),2017-2021,12.1,0.4,1.5,0.1,ACS 5-year 2017-2021 (S1701 age band: under 18; S2701 age band: under 19),2017-2021,Northeast,2017-2021
Massachusetts,Asian,1.2127042430072734,0.2018939718990491,reliable,Asian,"Asian, non-Hispanic",True,25,NCES Digest Table 219.85b,2017-2021,143.0,90181.0,1.5856998702609195,reliable,False,CDC WONDER Natality 2016-2024 Expanded (age 15-19),2017-2021,12.1,0.4,1.5,0.1,ACS 5-year 2017-2021 (S1701 age band: under 18; S2701 age band: under 19),2017-2021,Northeast,2017-2021
Massachusetts,Black,4.475140662609042,0.5033306635315143,reliable,Black,"Black, non-Hispanic",True,25,NCES Digest Table 219.85b,2017-2021,1689.0,115290.0,14.650013010668749,reliable,False,CDC WONDER Natality 2016-2024 Expanded (age 15-19),2017-2021,12.1,0.4,1.5,0.1,ACS 5-year 2017-2021 (S1701 age band: under 18; S2701 age band: under 19),2017-2021,Northeast,2017-2021
Massachusetts,Hispanic,8.7417772818043,0.5509584416806647,reliable,Hispanic,"Hispanic, any race",True,25,NCES Digest Table 219.85b,2017-2021,,,,,,,,12.1,0.4,1.5,0.1,ACS 5-year 2017-2021 (S1701 age band: under 18; S2701 age band: under 19),2017-2021,Northeast,2017-2021
Massachusetts,Pacific Islander,,,suppressed_reporting_standards_not_met,Pacific Islander,"Native Hawaiian/Pacific Islander, non-Hispanic",True,25,NCES Digest Table 219.85b,2017-2021,,,,suppressed_or_incomplete_5yr_window,False,CDC WONDER Natality 2016-2024 Expanded (age 15-19),2017-2021,12.1,0.4,1.5,0.1,ACS 5-year 2017-2021 (S1701 age band: under 18; S2701 age band: under 19),2017-2021,Northeast,2017-2021
Massachusetts,White,2.358973246408568,0.12587758766057713,reliable,White,"White, non-Hispanic",True,25,NCES Digest Table 219.85b,2017-2021,5477.0,867105.0,6.316420733359859,reliable,False,CDC WONDER Natality 2016-2024 Expanded (age 15-19),2017-2021,12.1,0.4,1.5,0.1,ACS 5-year 2017-2021 (S1701 age band: under 18; S2701 age band: under 19),2017-2021,Northeast,2017-2021
Massachusetts,Two or more races,2.989107724879516,0.5449782426279152,reliable,Two or more races,"Two or more races, non-Hispanic",True,25,NCES Digest Table 219.85b,2017-2021,333.0,47658.0,6.9872844013596875,reliable,False,CDC WONDER Natality 2016-2024 Expanded (age 15-19),2017-2021,12.1,0.4,1.5,0.1,ACS 5-year 2017-2021 (S1701 age band: under 18; S2701 age band: under 19),2017-2021,Northeast,2017-2021
Michigan,Total,5.499341712339842,0.12270932416604977,reliable,Total,"all races/ethnicities combined (per NCES footnote, includes small groups not shown separately)",True,26,NCES Digest Table 219.85b,2017-2021,,,,,,,,18.2,0.3,3.1,0.1,ACS 5-year 2017-2021 (S1701 age band: under 18; S2701 age band: under 19),2017-2021,Midwest,2017-2021
Michigan,American Indian/Alaska Native,8.883693746347166,1.3407858937438466,reliable,American Indian/Alaska Native,"American Indian/Alaska Native, non-Hispanic",True,26,NCES Digest Table 219.85b,2017-2021,168.0,13591.0,12.361121330292105,reliable,False,CDC WONDER Natality 2016-2024 Expanded (age 15-19),2017-2021,18.2,0.3,3.1,0.1,ACS 5-year 2017-2021 (S1701 age band: under 18; S2701 age band: under 19),2017-2021,Midwest,2017-2021
Michigan,Asian,2.8524770953512046,0.5438645169332744,reliable,Asian,"Asian, non-Hispanic",True,26,NCES Digest Table 219.85b,2017-2021,145.0,61596.0,2.3540489642184554,reliable,False,CDC WONDER Natality 2016-2024 Expanded (age 15-19),2017-2021,18.2,0.3,3.1,0.1,ACS 5-year 2017-2021 (S1701 age band: under 18; S2701 age band: under 19),2017-2021,Midwest,2017-2021
Michigan,Black,7.854441140148307,0.43980089488385365,reliable,Black,"Black, non-Hispanic",True,26,NCES Digest Table 219.85b,2017-2021,8153.0,246719.0,33.04569165731054,reliable,False,CDC WONDER Natality 2016-2024 Expanded (age 15-19),2017-2021,18.2,0.3,3.1,0.1,ACS 5-year 2017-2021 (S1701 age band: under 18; S2701 age band: under 19),2017-2021,Midwest,2017-2021
Michigan,Hispanic,8.580017490161785,0.6760879665170596,reliable,Hispanic,"Hispanic, any race",True,26,NCES Digest Table 219.85b,2017-2021,,,,,,,,18.2,0.3,3.1,0.1,ACS 5-year 2017-2021 (S1701 age band: under 18; S2701 age band: under 19),2017-2021,Midwest,2017-2021
Michigan,Pacific Islander,,,suppressed_reporting_standards_not_met,Pacific Islander,"Native Hawaiian/Pacific Islander, non-Hispanic",True,26,NCES Digest Table 219.85b,2017-2021,,,,suppressed_or_incomplete_5yr_window,False,CDC WONDER Natality 2016-2024 Expanded (age 15-19),2017-2021,18.2,0.3,3.1,0.1,ACS 5-year 2017-2021 (S1701 age band: under 18; S2701 age band: under 19),2017-2021,Midwest,2017-2021
Michigan,White,4.769896843666625,0.13284404800658894,reliable,White,"White, non-Hispanic",True,26,NCES Digest Table 219.85b,2017-2021,13411.0,1190986.0,11.26041783866477,reliable,False,CDC WONDER Natality 2016-2024 Expanded (age 15-19),2017-2021,18.2,0.3,3.1,0.1,ACS 5-year 2017-2021 (S1701 age band: under 18; S2701 age band: under 19),2017-2021,Midwest,2017-2021
Michigan,Two or more races,5.640734777517564,0.6317230391225721,reliable,Two or more races,"Two or more races, non-Hispanic",True,26,NCES Digest Table 219.85b,2017-2021,1273.0,72004.0,17.67957335703572,reliable,False,CDC WONDER Natality 2016-2024 Expanded (age 15-19),2017-2021,18.2,0.3,3.1,0.1,ACS 5-year 2017-2021 (S1701 age band: under 18; S2701 age band: under 19),2017-2021,Midwest,2017-2021
Minnesota,Total,4.088078146762751,0.16901207260268997,reliable,Total,"all races/ethnicities combined (per NCES footnote, includes small groups not shown separately)",True,27,NCES Digest Table 219.85b,2017-2021,,,,,,,,11.3,0.3,3.2,0.1,ACS 5-year 2017-2021 (S1701 age band: under 18; S2701 age band: under 19),2017-2021,Midwest,2017-2021
Minnesota,American Indian/Alaska Native,20.807043286867206,3.014050758742507,reliable,American Indian/Alaska Native,"American Indian/Alaska Native, non-Hispanic",True,27,NCES Digest Table 219.85b,2017-2021,598.0,15571.0,38.40472673559823,reliable,False,CDC WONDER Natality 2016-2024 Expanded (age 15-19),2017-2021,11.3,0.3,3.2,0.1,ACS 5-year 2017-2021 (S1701 age band: under 18; S2701 age band: under 19),2017-2021,Midwest,2017-2021
Minnesota,Asian,3.8283504873931276,0.7861974055281316,reliable,Asian,"Asian, non-Hispanic",True,27,NCES Digest Table 219.85b,2017-2021,536.0,54755.0,9.789060359784495,reliable,False,CDC WONDER Natality 2016-2024 Expanded (age 15-19),2017-2021,11.3,0.3,3.2,0.1,ACS 5-year 2017-2021 (S1701 age band: under 18; S2701 age band: under 19),2017-2021,Midwest,2017-2021
Minnesota,Black,6.443319049474095,1.0373208386451145,reliable,Black,"Black, non-Hispanic",True,27,NCES Digest Table 219.85b,2017-2021,1638.0,79080.0,20.71320182094082,reliable,False,CDC WONDER Natality 2016-2024 Expanded (age 15-19),2017-2021,11.3,0.3,3.2,0.1,ACS 5-year 2017-2021 (S1701 age band: under 18; S2701 age band: under 19),2017-2021,Midwest,2017-2021
Minnesota,Hispanic,9.110039791857973,0.8322135262711746,reliable,Hispanic,"Hispanic, any race",True,27,NCES Digest Table 219.85b,2017-2021,,,,,,,,11.3,0.3,3.2,0.1,ACS 5-year 2017-2021 (S1701 age band: under 18; S2701 age band: under 19),2017-2021,Midwest,2017-2021
Minnesota,Pacific Islander,,,suppressed_reporting_standards_not_met,Pacific Islander,"Native Hawaiian/Pacific Islander, non-Hispanic",True,27,NCES Digest Table 219.85b,2017-2021,,,,suppressed_or_incomplete_5yr_window,False,CDC WONDER Natality 2016-2024 Expanded (age 15-19),2017-2021,11.3,0.3,3.2,0.1,ACS 5-year 2017-2021 (S1701 age band: under 18; S2701 age band: under 19),2017-2021,Midwest,2017-2021
Minnesota,White,2.896724624212494,0.13729298473337537,reliable,White,"White, non-Hispanic",True,27,NCES Digest Table 219.85b,2017-2021,5299.0,693986.0,7.635600718170107,reliable,False,CDC WONDER Natality 2016-2024 Expanded (age 15-19),2017-2021,11.3,0.3,3.2,0.1,ACS 5-year 2017-2021 (S1701 age band: under 18; S2701 age band: under 19),2017-2021,Midwest,2017-2021
Minnesota,Two or more races,6.185234206023824,1.0032872670544906,reliable,Two or more races,"Two or more races, non-Hispanic",True,27,NCES Digest Table 219.85b,2017-2021,776.0,44148.0,17.57724019208118,reliable,False,CDC WONDER Natality 2016-2024 Expanded (age 15-19),2017-2021,11.3,0.3,3.2,0.1,ACS 5-year 2017-2021 (S1701 age band: under 18; S2701 age band: under 19),2017-2021,Midwest,2017-2021
Mississippi,Total,6.873341096174067,0.30968951912830917,reliable,Total,"all races/ethnicities combined (per NCES footnote, includes small groups not shown separately)",True,28,NCES Digest Table 219.85b,2017-2021,,,,,,,,27.1,0.7,5.5,0.3,ACS 5-year 2017-2021 (S1701 age band: under 18; S2701 age band: under 19),2017-2021,South,2017-2021
Mississippi,American Indian/Alaska Native,4.9973418394471025,2.228438680884944,unreliable_cv_30_50pct,American Indian/Alaska Native,"American Indian/Alaska Native, non-Hispanic",True,28,NCES Digest Table 219.85b,2017-2021,160.0,3733.0,42.86096972944013,reliable,False,CDC WONDER Natality 2016-2024 Expanded (age 15-19),2017-2021,27.1,0.7,5.5,0.3,ACS 5-year 2017-2021 (S1701 age band: under 18; S2701 age band: under 19),2017-2021,South,2017-2021
Mississippi,Asian,,,suppressed_reporting_standards_not_met,Asian,"Asian, non-Hispanic",True,28,NCES Digest Table 219.85b,2017-2021,,,,suppressed_or_incomplete_5yr_window,False,CDC WONDER Natality 2016-2024 Expanded (age 15-19),2017-2021,27.1,0.7,5.5,0.3,ACS 5-year 2017-2021 (S1701 age band: under 18; S2701 age band: under 19),2017-2021,South,2017-2021
Mississippi,Black,7.7642143001413855,0.421567278362078,reliable,Black,"Black, non-Hispanic",True,28,NCES Digest Table 219.85b,2017-2021,7549.0,216604.0,34.85161862200144,reliable,False,CDC WONDER Natality 2016-2024 Expanded (age 15-19),2017-2021,27.1,0.7,5.5,0.3,ACS 5-year 2017-2021 (S1701 age band: under 18; S2701 age band: under 19),2017-2021,South,2017-2021
Mississippi,Hispanic,15.403920504646273,1.8559053325624193,reliable,Hispanic,"Hispanic, any race",True,28,NCES Digest Table 219.85b,2017-2021,,,,,,,,27.1,0.7,5.5,0.3,ACS 5-year 2017-2021 (S1701 age band: under 18; S2701 age band: under 19),2017-2021,South,2017-2021
Mississippi,Pacific Islander,,,suppressed_reporting_standards_not_met,Pacific Islander,"Native Hawaiian/Pacific Islander, non-Hispanic",True,28,NCES Digest Table 219.85b,2017-2021,,,,suppressed_or_incomplete_5yr_window,False,CDC WONDER Natality 2016-2024 Expanded (age 15-19),2017-2021,27.1,0.7,5.5,0.3,ACS 5-year 2017-2021 (S1701 age band: under 18; S2701 age band: under 19),2017-2021,South,2017-2021
Mississippi,White,5.616692326040289,0.4312471767271567,reliable,White,"White, non-Hispanic",True,28,NCES Digest Table 219.85b,2017-2021,6160.0,260875.0,23.612841399137515,reliable,False,CDC WONDER Natality 2016-2024 Expanded (age 15-19),2017-2021,27.1,0.7,5.5,0.3,ACS 5-year 2017-2021 (S1701 age band: under 18; S2701 age band: under 19),2017-2021,South,2017-2021
Mississippi,Two or more races,5.8462796402289445,1.6900393050340214,reliable,Two or more races,"Two or more races, non-Hispanic",True,28,NCES Digest Table 219.85b,2017-2021,169.0,10688.0,15.812125748502995,reliable,False,CDC WONDER Natality 2016-2024 Expanded (age 15-19),2017-2021,27.1,0.7,5.5,0.3,ACS 5-year 2017-2021 (S1701 age band: under 18; S2701 age band: under 19),2017-2021,South,2017-2021
Missouri,Total,5.378162199289872,0.1844526464938149,reliable,Total,"all races/ethnicities combined (per NCES footnote, includes small groups not shown separately)",True,29,NCES Digest Table 219.85b,2017-2021,,,,,,,,16.9,0.5,6.0,0.2,ACS 5-year 2017-2021 (S1701 age band: under 18; S2701 age band: under 19),2017-2021,Midwest,2017-2021
Missouri,American Indian/Alaska Native,8.46286701208981,3.188030238954478,unreliable_cv_30_50pct,American Indian/Alaska Native,"American Indian/Alaska Native, non-Hispanic",True,29,NCES Digest Table 219.85b,2017-2021,93.0,5651.0,16.45726420102637,reliable,False,CDC WONDER Natality 2016-2024 Expanded (age 15-19),2017-2021,16.9,0.5,6.0,0.2,ACS 5-year 2017-2021 (S1701 age band: under 18; S2701 age band: under 19),2017-2021,Midwest,2017-2021
Missouri,Asian,2.4827204865910977,0.9049256997527972,unreliable_cv_30_50pct,Asian,"Asian, non-Hispanic",True,29,NCES Digest Table 219.85b,2017-2021,83.0,23384.0,3.549435511460828,reliable,False,CDC WONDER Natality 2016-2024 Expanded (age 15-19),2017-2021,16.9,0.5,6.0,0.2,ACS 5-year 2017-2021 (S1701 age band: under 18; S2701 age band: under 19),2017-2021,Midwest,2017-2021
Missouri,Black,5.510555121188428,0.6628501142423481,reliable,Black,"Black, non-Hispanic",True,29,NCES Digest Table 219.85b,2017-2021,4173.0,129590.0,32.20155876225017,reliable,False,CDC WONDER Natality 2016-2024 Expanded (age 15-19),2017-2021,16.9,0.5,6.0,0.2,ACS 5-year 2017-2021 (S1701 age band: under 18; S2701 age band: under 19),2017-2021,Midwest,2017-2021
Missouri,Hispanic,6.830321891402294,0.8012658152044694,reliable,Hispanic,"Hispanic, any race",True,29,NCES Digest Table 219.85b,2017-2021,,,,,,,,16.9,0.5,6.0,0.2,ACS 5-year 2017-2021 (S1701 age band: under 18; S2701 age band: under 19),2017-2021,Midwest,2017-2021
Missouri,Pacific Islander,11.564211807668897,4.855391205609888,unreliable_cv_30_50pct,Pacific Islander,"Native Hawaiian/Pacific Islander, non-Hispanic",True,29,NCES Digest Table 219.85b,2017-2021,,,,suppressed_or_incomplete_5yr_window,False,CDC WONDER Natality 2016-2024 Expanded (age 15-19),2017-2021,16.9,0.5,6.0,0.2,ACS 5-year 2017-2021 (S1701 age band: under 18; S2701 age band: under 19),2017-2021,Midwest,2017-2021
Missouri,White,5.334640582485902,0.19160873653460306,reliable,White,"White, non-Hispanic",True,29,NCES Digest Table 219.85b,2017-2021,13552.0,756103.0,17.923483969776605,reliable,False,CDC WONDER Natality 2016-2024 Expanded (age 15-19),2017-2021,16.9,0.5,6.0,0.2,ACS 5-year 2017-2021 (S1701 age band: under 18; S2701 age band: under 19),2017-2021,Midwest,2017-2021
Missouri,Two or more races,5.093715545755237,0.6761300726878073,reliable,Two or more races,"Two or more races, non-Hispanic",True,29,NCES Digest Table 219.85b,2017-2021,1164.0,38215.0,30.459243752453226,reliable,False,CDC WONDER Natality 2016-2024 Expanded (age 15-19),2017-2021,16.9,0.5,6.0,0.2,ACS 5-year 2017-2021 (S1701 age band: under 18; S2701 age band: under 19),2017-2021,Midwest,2017-2021
Montana,Total,5.9503804692454025,0.4798233582904875,reliable,Total,"all races/ethnicities combined (per NCES footnote, includes small groups not shown separately)",True,30,NCES Digest Table 219.85b,2017-2021,,,,,,,,15.2,0.8,6.5,0.5,ACS 5-year 2017-2021 (S1701 age band: under 18; S2701 age band: under 19),2017-2021,West,2017-2021
Montana,American Indian/Alaska Native,12.27352425482174,1.949651925901678,reliable,American Indian/Alaska Native,"American Indian/Alaska Native, non-Hispanic",True,30,NCES Digest Table 219.85b,2017-2021,758.0,15151.0,50.02970100983434,reliable,False,CDC WONDER Natality 2016-2024 Expanded (age 15-19),2017-2021,15.2,0.8,6.5,0.5,ACS 5-year 2017-2021 (S1701 age band: under 18; S2701 age band: under 19),2017-2021,West,2017-2021
Montana,Asian,,,suppressed_reporting_standards_not_met,Asian,"Asian, non-Hispanic",True,30,NCES Digest Table 219.85b,2017-2021,,,,suppressed_or_incomplete_5yr_window,False,CDC WONDER Natality 2016-2024 Expanded (age 15-19),2017-2021,15.2,0.8,6.5,0.5,ACS 5-year 2017-2021 (S1701 age band: under 18; S2701 age band: under 19),2017-2021,West,2017-2021
Montana,Black,,,suppressed_reporting_standards_not_met,Black,"Black, non-Hispanic",True,30,NCES Digest Table 219.85b,2017-2021,,,,suppressed_or_incomplete_5yr_window,False,CDC WONDER Natality 2016-2024 Expanded (age 15-19),2017-2021,15.2,0.8,6.5,0.5,ACS 5-year 2017-2021 (S1701 age band: under 18; S2701 age band: under 19),2017-2021,West,2017-2021
Montana,Hispanic,6.338287679646235,1.9264189177944706,unreliable_cv_30_50pct,Hispanic,"Hispanic, any race",True,30,NCES Digest Table 219.85b,2017-2021,,,,,,,,15.2,0.8,6.5,0.5,ACS 5-year 2017-2021 (S1701 age band: under 18; S2701 age band: under 19),2017-2021,West,2017-2021
Montana,Pacific Islander,,,suppressed_reporting_standards_not_met,Pacific Islander,"Native Hawaiian/Pacific Islander, non-Hispanic",True,30,NCES Digest Table 219.85b,2017-2021,,,,suppressed_or_incomplete_5yr_window,False,CDC WONDER Natality 2016-2024 Expanded (age 15-19),2017-2021,15.2,0.8,6.5,0.5,ACS 5-year 2017-2021 (S1701 age band: under 18; S2701 age band: under 19),2017-2021,West,2017-2021
Montana,White,5.335748119253274,0.546448111703154,reliable,White,"White, non-Hispanic",True,30,NCES Digest Table 219.85b,2017-2021,1575.0,130071.0,12.108771363332334,reliable,False,CDC WONDER Natality 2016-2024 Expanded (age 15-19),2017-2021,15.2,0.8,6.5,0.5,ACS 5-year 2017-2021 (S1701 age band: under 18; S2701 age band: under 19),2017-2021,West,2017-2021
Montana,Two or more races,7.064959696538644,2.200118178325474,unreliable_cv_30_50pct,Two or more races,"Two or more races, non-Hispanic",True,30,NCES Digest Table 219.85b,2017-2021,176.0,7501.0,23.463538194907347,reliable,False,CDC WONDER Natality 2016-2024 Expanded (age 15-19),2017-2021,15.2,0.8,6.5,0.5,ACS 5-year 2017-2021 (S1701 age band: under 18; S2701 age band: under 19),2017-2021,West,2017-2021
Nebraska,Total,4.478844337983723,0.3438694715927532,reliable,Total,"all races/ethnicities combined (per NCES footnote, includes small groups not shown separately)",True,31,NCES Digest Table 219.85b,2017-2021,,,,,,,,12.1,0.5,5.4,0.3,ACS 5-year 2017-2021 (S1701 age band: under 18; S2701 age band: under 19),2017-2021,Midwest,2017-2021
Nebraska,American Indian/Alaska Native,8.452868852459016,2.7127554156344504,unreliable_cv_30_50pct,American Indian/Alaska Native,"American Indian/Alaska Native, non-Hispanic",True,31,NCES Digest Table 219.85b,2017-2021,250.0,6234.0,40.10266281681104,reliable,False,CDC WONDER Natality 2016-2024 Expanded (age 15-19),2017-2021,12.1,0.5,5.4,0.3,ACS 5-year 2017-2021 (S1701 age band: under 18; S2701 age band: under 19),2017-2021,Midwest,2017-2021
Nebraska,Asian,2.758919543550484,1.3367263614109597,unreliable_cv_30_50pct,Asian,"Asian, non-Hispanic",True,31,NCES Digest Table 219.85b,2017-2021,97.0,9888.0,9.809870550161811,reliable,False,CDC WONDER Natality 2016-2024 Expanded (age 15-19),2017-2021,12.1,0.5,5.4,0.3,ACS 5-year 2017-2021 (S1701 age band: under 18; S2701 age band: under 19),2017-2021,Midwest,2017-2021
Nebraska,Black,7.261196987713039,1.875944328248011,reliable,Black,"Black, non-Hispanic",True,31,NCES Digest Table 219.85b,2017-2021,633.0,18967.0,33.37375441556387,reliable,False,CDC WONDER Natality 2016-2024 Expanded (age 15-19),2017-2021,12.1,0.5,5.4,0.3,ACS 5-year 2017-2021 (S1701 age band: under 18; S2701 age band: under 19),2017-2021,Midwest,2017-2021
Nebraska,Hispanic,8.997273553468647,1.0643544163573226,reliable,Hispanic,"Hispanic, any race",True,31,NCES Digest Table 219.85b,2017-2021,,,,,,,,12.1,0.5,5.4,0.3,ACS 5-year 2017-2021 (S1701 age band: under 18; S2701 age band: under 19),2017-2021,Midwest,2017-2021
Nebraska,Pacific Islander,,,suppressed_reporting_standards_not_met,Pacific Islander,"Native Hawaiian/Pacific Islander, non-Hispanic",True,31,NCES Digest Table 219.85b,2017-2021,,,,suppressed_or_incomplete_5yr_window,False,CDC WONDER Natality 2016-2024 Expanded (age 15-19),2017-2021,12.1,0.5,5.4,0.3,ACS 5-year 2017-2021 (S1701 age band: under 18; S2701 age band: under 19),2017-2021,Midwest,2017-2021
Nebraska,White,3.4472176759410806,0.4233766741746749,reliable,White,"White, non-Hispanic",True,31,NCES Digest Table 219.85b,2017-2021,3802.0,277223.0,13.714590780707228,reliable,False,CDC WONDER Natality 2016-2024 Expanded (age 15-19),2017-2021,12.1,0.5,5.4,0.3,ACS 5-year 2017-2021 (S1701 age band: under 18; S2701 age band: under 19),2017-2021,Midwest,2017-2021
Nebraska,Two or more races,3.2972489820240343,1.0595449556246295,unreliable_cv_30_50pct,Two or more races,"Two or more races, non-Hispanic",True,31,NCES Digest Table 219.85b,2017-2021,352.0,13102.0,26.866127308807815,reliable,False,CDC WONDER Natality 2016-2024 Expanded (age 15-19),2017-2021,12.1,0.5,5.4,0.3,ACS 5-year 2017-2021 (S1701 age band: under 18; S2701 age band: under 19),2017-2021,Midwest,2017-2021
Nevada,Total,7.4203185728133665,0.3430498192635469,reliable,Total,"all races/ethnicities combined (per NCES footnote, includes small groups not shown separately)",True,32,NCES Digest Table 219.85b,2017-2021,,,,,,,,17.5,0.6,7.9,0.4,ACS 5-year 2017-2021 (S1701 age band: under 18; S2701 age band: under 19),2017-2021,West,2017-2021
Nevada,American Indian/Alaska Native,3.580657069029162,1.2422861482340346,unreliable_cv_30_50pct,American Indian/Alaska Native,"American Indian/Alaska Native, non-Hispanic",True,32,NCES Digest Table 219.85b,2017-2021,138.0,8862.0,15.572105619498984,reliable,False,CDC WONDER Natality 2016-2024 Expanded (age 15-19),2017-2021,17.5,0.6,7.9,0.4,ACS 5-year 2017-2021 (S1701 age band: under 18; S2701 age band: under 19),2017-2021,West,2017-2021
Nevada,Asian,3.3029824398401937,0.6030991231143226,reliable,Asian,"Asian, non-Hispanic",True,32,NCES Digest Table 219.85b,2017-2021,154.0,32265.0,4.772973810630714,reliable,False,CDC WONDER Natality 2016-2024 Expanded (age 15-19),2017-2021,17.5,0.6,7.9,0.4,ACS 5-year 2017-2021 (S1701 age band: under 18; S2701 age band: under 19),2017-2021,West,2017-2021
Nevada,Black,10.898321210447167,1.3290632045029445,reliable,Black,"Black, non-Hispanic",True,32,NCES Digest Table 219.85b,2017-2021,1575.0,50320.0,31.29968203497615,reliable,False,CDC WONDER Natality 2016-2024 Expanded (age 15-19),2017-2021,17.5,0.6,7.9,0.4,ACS 5-year 2017-2021 (S1701 age band: under 18; S2701 age band: under 19),2017-2021,West,2017-2021
Nevada,Hispanic,9.097670924117205,0.5412104582687272,reliable,Hispanic,"Hispanic, any race",True,32,NCES Digest Table 219.85b,2017-2021,,,,,,,,17.5,0.6,7.9,0.4,ACS 5-year 2017-2021 (S1701 age band: under 18; S2701 age band: under 19),2017-2021,West,2017-2021
Nevada,Pacific Islander,5.054151624548736,1.989119518544319,unreliable_cv_30_50pct,Pacific Islander,"Native Hawaiian/Pacific Islander, non-Hispanic",True,32,NCES Digest Table 219.85b,2017-2021,79.0,4293.0,18.40204984859073,reliable,False,CDC WONDER Natality 2016-2024 Expanded (age 15-19),2017-2021,17.5,0.6,7.9,0.4,ACS 5-year 2017-2021 (S1701 age band: under 18; S2701 age band: under 19),2017-2021,West,2017-2021
Nevada,White,5.535733304931303,0.4637754229063734,reliable,White,"White, non-Hispanic",True,32,NCES Digest Table 219.85b,2017-2021,5710.0,316494.0,18.041416266975045,reliable,False,CDC WONDER Natality 2016-2024 Expanded (age 15-19),2017-2021,17.5,0.6,7.9,0.4,ACS 5-year 2017-2021 (S1701 age band: under 18; S2701 age band: under 19),2017-2021,West,2017-2021
Nevada,Two or more races,6.192842942345925,1.0964562151096127,reliable,Two or more races,"Two or more races, non-Hispanic",True,32,NCES Digest Table 219.85b,2017-2021,608.0,32458.0,18.731899685747734,reliable,False,CDC WONDER Natality 2016-2024 Expanded (age 15-19),2017-2021,17.5,0.6,7.9,0.4,ACS 5-year 2017-2021 (S1701 age band: under 18; S2701 age band: under 19),2017-2021,West,2017-2021
New Hampshire,Total,3.7435113732523333,0.33443221850012006,reliable,Total,"all races/ethnicities combined (per NCES footnote, includes small groups not shown separately)",True,33,NCES Digest Table 219.85b,2017-2021,,,,,,,,9.3,0.7,3.1,0.4,ACS 5-year 2017-2021 (S1701 age band: under 18; S2701 age band: under 19),2017-2021,Northeast,2017-2021
New Hampshire,American Indian/Alaska Native,,,suppressed_reporting_standards_not_met,American Indian/Alaska Native,"American Indian/Alaska Native, non-Hispanic",True,33,NCES Digest Table 219.85b,2017-2021,,,,suppressed_or_incomplete_5yr_window,False,CDC WONDER Natality 2016-2024 Expanded (age 15-19),2017-2021,9.3,0.7,3.1,0.4,ACS 5-year 2017-2021 (S1701 age band: under 18; S2701 age band: under 19),2017-2021,Northeast,2017-2021
New Hampshire,Asian,,,suppressed_reporting_standards_not_met,Asian,"Asian, non-Hispanic",True,33,NCES Digest Table 219.85b,2017-2021,,,,suppressed_or_incomplete_5yr_window,False,CDC WONDER Natality 2016-2024 Expanded (age 15-19),2017-2021,9.3,0.7,3.1,0.4,ACS 5-year 2017-2021 (S1701 age band: under 18; S2701 age band: under 19),2017-2021,Northeast,2017-2021
New Hampshire,Black,,,suppressed_reporting_standards_not_met,Black,"Black, non-Hispanic",True,33,NCES Digest Table 219.85b,2017-2021,63.0,5022.0,12.544802867383513,reliable,False,CDC WONDER Natality 2016-2024 Expanded (age 15-19),2017-2021,9.3,0.7,3.1,0.4,ACS 5-year 2017-2021 (S1701 age band: under 18; S2701 age band: under 19),2017-2021,Northeast,2017-2021
New Hampshire,Hispanic,7.759100523210509,1.830642904037241,reliable,Hispanic,"Hispanic, any race",True,33,NCES Digest Table 219.85b,2017-2021,,,,,,,,9.3,0.7,3.1,0.4,ACS 5-year 2017-2021 (S1701 age band: under 18; S2701 age band: under 19),2017-2021,Northeast,2017-2021
New Hampshire,Pacific Islander,,,suppressed_reporting_standards_not_met,Pacific Islander,"Native Hawaiian/Pacific Islander, non-Hispanic",True,33,NCES Digest Table 219.85b,2017-2021,,,,suppressed_or_incomplete_5yr_window,False,CDC WONDER Natality 2016-2024 Expanded (age 15-19),2017-2021,9.3,0.7,3.1,0.4,ACS 5-year 2017-2021 (S1701 age band: under 18; S2701 age band: under 19),2017-2021,Northeast,2017-2021
New Hampshire,White,3.575309956306696,0.3619187299876982,reliable,White,"White, non-Hispanic",True,33,NCES Digest Table 219.85b,2017-2021,1326.0,188718.0,7.02635678631609,reliable,False,CDC WONDER Natality 2016-2024 Expanded (age 15-19),2017-2021,9.3,0.7,3.1,0.4,ACS 5-year 2017-2021 (S1701 age band: under 18; S2701 age band: under 19),2017-2021,Northeast,2017-2021
New Hampshire,Two or more races,4.120469965249049,1.3796297461375948,unreliable_cv_30_50pct,Two or more races,"Two or more races, non-Hispanic",True,33,NCES Digest Table 219.85b,2017-2021,,,,suppressed_or_incomplete_5yr_window,False,CDC WONDER Natality 2016-2024 Expanded (age 15-19),2017-2021,9.3,0.7,3.1,0.4,ACS 5-year 2017-2021 (S1701 age band: under 18; S2701 age band: under 19),2017-2021,Northeast,2017-2021
New Jersey,Total,3.245642935283646,0.10971591379174568,reliable,Total,"all races/ethnicities combined (per NCES footnote, includes small groups not shown separately)",True,34,NCES Digest Table 219.85b,2017-2021,,,,,,,,13.5,0.3,4.0,0.2,ACS 5-year 2017-2021 (S1701 age band: under 18; S2701 age band: under 19),2017-2021,Northeast,2017-2021
New Jersey,American Indian/Alaska Native,,,suppressed_reporting_standards_not_met,American Indian/Alaska Native,"American Indian/Alaska Native, non-Hispanic",True,34,NCES Digest Table 219.85b,2017-2021,,,,suppressed_or_incomplete_5yr_window,False,CDC WONDER Natality 2016-2024 Expanded (age 15-19),2017-2021,13.5,0.3,4.0,0.2,ACS 5-year 2017-2021 (S1701 age band: under 18; S2701 age band: under 19),2017-2021,Northeast,2017-2021
New Jersey,Asian,0.9104015998883799,0.17712887651977824,reliable,Asian,"Asian, non-Hispanic",True,34,NCES Digest Table 219.85b,2017-2021,241.0,129578.0,1.8598836222198214,reliable,False,CDC WONDER Natality 2016-2024 Expanded (age 15-19),2017-2021,13.5,0.3,4.0,0.2,ACS 5-year 2017-2021 (S1701 age band: under 18; S2701 age band: under 19),2017-2021,Northeast,2017-2021
New Jersey,Black,4.045995435774832,0.3455899937518441,reliable,Black,"Black, non-Hispanic",True,34,NCES Digest Table 219.85b,2017-2021,4310.0,227221.0,18.968317188992216,reliable,False,CDC WONDER Natality 2016-2024 Expanded (age 15-19),2017-2021,13.5,0.3,4.0,0.2,ACS 5-year 2017-2021 (S1701 age band: under 18; S2701 age band: under 19),2017-2021,Northeast,2017-2021
New Jersey,Hispanic,6.169778528947494,0.33511829323636083,reliable,Hispanic,"Hispanic, any race",True,34,NCES Digest Table 219.85b,2017-2021,,,,,,,,13.5,0.3,4.0,0.2,ACS 5-year 2017-2021 (S1701 age band: under 18; S2701 age band: under 19),2017-2021,Northeast,2017-2021
New Jersey,Pacific Islander,,,suppressed_reporting_standards_not_met,Pacific Islander,"Native Hawaiian/Pacific Islander, non-Hispanic",True,34,NCES Digest Table 219.85b,2017-2021,,,,suppressed_or_incomplete_5yr_window,False,CDC WONDER Natality 2016-2024 Expanded (age 15-19),2017-2021,13.5,0.3,4.0,0.2,ACS 5-year 2017-2021 (S1701 age band: under 18; S2701 age band: under 19),2017-2021,Northeast,2017-2021
New Jersey,White,1.8763679763861993,0.11379586417847302,reliable,White,"White, non-Hispanic",True,34,NCES Digest Table 219.85b,2017-2021,7997.0,949574.0,8.421671191502716,reliable,False,CDC WONDER Natality 2016-2024 Expanded (age 15-19),2017-2021,13.5,0.3,4.0,0.2,ACS 5-year 2017-2021 (S1701 age band: under 18; S2701 age band: under 19),2017-2021,Northeast,2017-2021
New Jersey,Two or more races,3.994947102479078,0.6876236404443414,reliable,Two or more races,"Two or more races, non-Hispanic",True,34,NCES Digest Table 219.85b,2017-2021,385.0,49552.0,7.769615757184372,reliable,False,CDC WONDER Natality 2016-2024 Expanded (age 15-19),2017-2021,13.5,0.3,4.0,0.2,ACS 5-year 2017-2021 (S1701 age band: under 18; S2701 age band: under 19),2017-2021,Northeast,2017-2021
New Mexico,Total,8.50740495137047,0.4308762149189338,reliable,Total,"all races/ethnicities combined (per NCES footnote, includes small groups not shown separately)",True,35,NCES Digest Table 219.85b,2017-2021,,,,,,,,24.5,0.9,5.6,0.3,ACS 5-year 2017-2021 (S1701 age band: under 18; S2701 age band: under 19),2017-2021,West,2017-2021
New Mexico,American Indian/Alaska Native,10.982658959537572,1.0895238049286775,reliable,American Indian/Alaska Native,"American Indian/Alaska Native, non-Hispanic",True,35,NCES Digest Table 219.85b,2017-2021,1125.0,44166.0,25.472082597473168,reliable,False,CDC WONDER Natality 2016-2024 Expanded (age 15-19),2017-2021,24.5,0.9,5.6,0.3,ACS 5-year 2017-2021 (S1701 age band: under 18; S2701 age band: under 19),2017-2021,West,2017-2021
New Mexico,Asian,,,suppressed_reporting_standards_not_met,Asian,"Asian, non-Hispanic",True,35,NCES Digest Table 219.85b,2017-2021,,,,suppressed_or_incomplete_5yr_window,False,CDC WONDER Natality 2016-2024 Expanded (age 15-19),2017-2021,24.5,0.9,5.6,0.3,ACS 5-year 2017-2021 (S1701 age band: under 18; S2701 age band: under 19),2017-2021,West,2017-2021
New Mexico,Black,,,suppressed_reporting_standards_not_met,Black,"Black, non-Hispanic",True,35,NCES Digest Table 219.85b,2017-2021,218.0,9785.0,22.27899846704139,reliable,False,CDC WONDER Natality 2016-2024 Expanded (age 15-19),2017-2021,24.5,0.9,5.6,0.3,ACS 5-year 2017-2021 (S1701 age band: under 18; S2701 age band: under 19),2017-2021,West,2017-2021
New Mexico,Hispanic,9.411923206466824,0.5594486684170419,reliable,Hispanic,"Hispanic, any race",True,35,NCES Digest Table 219.85b,2017-2021,,,,,,,,24.5,0.9,5.6,0.3,ACS 5-year 2017-2021 (S1701 age band: under 18; S2701 age band: under 19),2017-2021,West,2017-2021
New Mexico,Pacific Islander,,,suppressed_reporting_standards_not_met,Pacific Islander,"Native Hawaiian/Pacific Islander, non-Hispanic",True,35,NCES Digest Table 219.85b,2017-2021,,,,suppressed_or_incomplete_5yr_window,False,CDC WONDER Natality 2016-2024 Expanded (age 15-19),2017-2021,24.5,0.9,5.6,0.3,ACS 5-year 2017-2021 (S1701 age band: under 18; S2701 age band: under 19),2017-2021,West,2017-2021
New Mexico,White,5.996453459432553,0.7165180629800099,reliable,White,"White, non-Hispanic",True,35,NCES Digest Table 219.85b,2017-2021,6511.0,267540.0,24.336547805935563,reliable,False,CDC WONDER Natality 2016-2024 Expanded (age 15-19),2017-2021,24.5,0.9,5.6,0.3,ACS 5-year 2017-2021 (S1701 age band: under 18; S2701 age band: under 19),2017-2021,West,2017-2021
New Mexico,Two or more races,8.245061551674777,2.067933439108832,reliable,Two or more races,"Two or more races, non-Hispanic",True,35,NCES Digest Table 219.85b,2017-2021,203.0,13214.0,15.362494324201604,reliable,False,CDC WONDER Natality 2016-2024 Expanded (age 15-19),2017-2021,24.5,0.9,5.6,0.3,ACS 5-year 2017-2021 (S1701 age band: under 18; S2701 age band: under 19),2017-2021,West,2017-2021
New York,Total,4.798032974509513,0.10244053019332867,reliable,Total,"all races/ethnicities combined (per NCES footnote, includes small groups not shown separately)",True,36,NCES Digest Table 219.85b,2017-2021,,,,,,,,18.4,0.3,2.5,0.1,ACS 5-year 2017-2021 (S1701 age band: under 18; S2701 age band: under 19),2017-2021,Northeast,2017-2021
New York,American Indian/Alaska Native,3.5044516006819473,1.0705646437354934,unreliable_cv_30_50pct,American Indian/Alaska Native,"American Indian/Alaska Native, non-Hispanic",True,36,NCES Digest Table 219.85b,2017-2021,219.0,35494.0,6.170056911027215,reliable,False,CDC WONDER Natality 2016-2024 Expanded (age 15-19),2017-2021,18.4,0.3,2.5,0.1,ACS 5-year 2017-2021 (S1701 age band: under 18; S2701 age band: under 19),2017-2021,Northeast,2017-2021
New York,Asian,2.336816378944316,0.22377638099111188,reliable,Asian,"Asian, non-Hispanic",True,36,NCES Digest Table 219.85b,2017-2021,873.0,243214.0,3.5894315294349832,reliable,False,CDC WONDER Natality 2016-2024 Expanded (age 15-19),2017-2021,18.4,0.3,2.5,0.1,ACS 5-year 2017-2021 (S1701 age band: under 18; S2701 age band: under 19),2017-2021,Northeast,2017-2021
New York,Black,6.07928588339486,0.2700345183025422,reliable,Black,"Black, non-Hispanic",True,36,NCES Digest Table 219.85b,2017-2021,9677.0,558794.0,17.317651943292162,reliable,False,CDC WONDER Natality 2016-2024 Expanded (age 15-19),2017-2021,18.4,0.3,2.5,0.1,ACS 5-year 2017-2021 (S1701 age band: under 18; S2701 age band: under 19),2017-2021,Northeast,2017-2021
New York,Hispanic,7.776131932038094,0.2666578408221544,reliable,Hispanic,"Hispanic, any race",True,36,NCES Digest Table 219.85b,2017-2021,,,,,,,,18.4,0.3,2.5,0.1,ACS 5-year 2017-2021 (S1701 age band: under 18; S2701 age band: under 19),2017-2021,Northeast,2017-2021
New York,Pacific Islander,,,suppressed_reporting_standards_not_met,Pacific Islander,"Native Hawaiian/Pacific Islander, non-Hispanic",True,36,NCES Digest Table 219.85b,2017-2021,,,,suppressed_or_incomplete_5yr_window,False,CDC WONDER Natality 2016-2024 Expanded (age 15-19),2017-2021,18.4,0.3,2.5,0.1,ACS 5-year 2017-2021 (S1701 age band: under 18; S2701 age band: under 19),2017-2021,Northeast,2017-2021
New York,White,3.521836786486864,0.12338554997994157,reliable,White,"White, non-Hispanic",True,36,NCES Digest Table 219.85b,2017-2021,19713.0,1964251.0,10.035886452393305,reliable,False,CDC WONDER Natality 2016-2024 Expanded (age 15-19),2017-2021,18.4,0.3,2.5,0.1,ACS 5-year 2017-2021 (S1701 age band: under 18; S2701 age band: under 19),2017-2021,Northeast,2017-2021
New York,Two or more races,4.621372682315618,0.43863891673189487,reliable,Two or more races,"Two or more races, non-Hispanic",True,36,NCES Digest Table 219.85b,2017-2021,1461.0,115759.0,12.621048903325011,reliable,False,CDC WONDER Natality 2016-2024 Expanded (age 15-19),2017-2021,18.4,0.3,2.5,0.1,ACS 5-year 2017-2021 (S1701 age band: under 18; S2701 age band: under 19),2017-2021,Northeast,2017-2021
North Carolina,Total,5.39699292433944,0.15191861944137594,reliable,Total,"all races/ethnicities combined (per NCES footnote, includes small groups not shown separately)",True,37,NCES Digest Table 219.85b,2017-2021,,,,,,,,19.3,0.4,5.5,0.2,ACS 5-year 2017-2021 (S1701 age band: under 18; S2701 age band: under 19),2017-2021,South,2017-2021
North Carolina,American Indian/Alaska Native,6.539958096378331,1.0136030382060273,reliable,American Indian/Alaska Native,"American Indian/Alaska Native, non-Hispanic",True,37,NCES Digest Table 219.85b,2017-2021,822.0,30811.0,26.67878355132907,reliable,False,CDC WONDER Natality 2016-2024 Expanded (age 15-19),2017-2021,19.3,0.4,5.5,0.2,ACS 5-year 2017-2021 (S1701 age band: under 18; S2701 age band: under 19),2017-2021,South,2017-2021
North Carolina,Asian,4.266528361631272,0.6794765076018745,reliable,Asian,"Asian, non-Hispanic",True,37,NCES Digest Table 219.85b,2017-2021,367.0,54528.0,6.730487089201878,reliable,False,CDC WONDER Natality 2016-2024 Expanded (age 15-19),2017-2021,19.3,0.4,5.5,0.2,ACS 5-year 2017-2021 (S1701 age band: under 18; S2701 age band: under 19),2017-2021,South,2017-2021
North Carolina,Black,5.4154673469036005,0.32501362816694535,reliable,Black,"Black, non-Hispanic",True,37,NCES Digest Table 219.85b,2017-2021,11281.0,421609.0,26.75701894409275,reliable,False,CDC WONDER Natality 2016-2024 Expanded (age 15-19),2017-2021,19.3,0.4,5.5,0.2,ACS 5-year 2017-2021 (S1701 age band: under 18; S2701 age band: under 19),2017-2021,South,2017-2021
North Carolina,Hispanic,10.293296262737845,0.5477933806340717,reliable,Hispanic,"Hispanic, any race",True,37,NCES Digest Table 219.85b,2017-2021,,,,,,,,19.3,0.4,5.5,0.2,ACS 5-year 2017-2021 (S1701 age band: under 18; S2701 age band: under 19),2017-2021,South,2017-2021
North Carolina,Pacific Islander,,,suppressed_reporting_standards_not_met,Pacific Islander,"Native Hawaiian/Pacific Islander, non-Hispanic",True,37,NCES Digest Table 219.85b,2017-2021,166.0,2573.0,64.51612903225806,reliable,False,CDC WONDER Natality 2016-2024 Expanded (age 15-19),2017-2021,19.3,0.4,5.5,0.2,ACS 5-year 2017-2021 (S1701 age band: under 18; S2701 age band: under 19),2017-2021,South,2017-2021
North Carolina,White,4.216631295398552,0.1642146037568425,reliable,White,"White, non-Hispanic",True,37,NCES Digest Table 219.85b,2017-2021,16384.0,1108794.0,14.776414735288972,reliable,False,CDC WONDER Natality 2016-2024 Expanded (age 15-19),2017-2021,19.3,0.4,5.5,0.2,ACS 5-year 2017-2021 (S1701 age band: under 18; S2701 age band: under 19),2017-2021,South,2017-2021
North Carolina,Two or more races,6.167055456452277,0.6808613015108871,reliable,Two or more races,"Two or more races, non-Hispanic",True,37,NCES Digest Table 219.85b,2017-2021,1611.0,68426.0,23.543682226054425,reliable,False,CDC WONDER Natality 2016-2024 Expanded (age 15-19),2017-2021,19.3,0.4,5.5,0.2,ACS 5-year 2017-2021 (S1701 age band: under 18; S2701 age band: under 19),2017-2021,South,2017-2021
North Dakota,Total,4.6985391257730384,0.4991093678120854,reliable,Total,"all races/ethnicities combined (per NCES footnote, includes small groups not shown separately)",True,38,NCES Digest Table 219.85b,2017-2021,,,,,,,,11.1,0.9,7.0,0.7,ACS 5-year 2017-2021 (S1701 age band: under 18; S2701 age band: under 19),2017-2021,Midwest,2017-2021
North Dakota,American Indian/Alaska Native,19.03398243604429,2.86202168444884,reliable,American Indian/Alaska Native,"American Indian/Alaska Native, non-Hispanic",True,38,NCES Digest Table 219.85b,2017-2021,477.0,9066.0,52.61416280608868,reliable,False,CDC WONDER Natality 2016-2024 Expanded (age 15-19),2017-2021,11.1,0.9,7.0,0.7,ACS 5-year 2017-2021 (S1701 age band: under 18; S2701 age band: under 19),2017-2021,Midwest,2017-2021
North Dakota,Asian,,,suppressed_reporting_standards_not_met,Asian,"Asian, non-Hispanic",True,38,NCES Digest Table 219.85b,2017-2021,,,,suppressed_or_incomplete_5yr_window,False,CDC WONDER Natality 2016-2024 Expanded (age 15-19),2017-2021,11.1,0.9,7.0,0.7,ACS 5-year 2017-2021 (S1701 age band: under 18; S2701 age band: under 19),2017-2021,Midwest,2017-2021
North Dakota,Black,,,suppressed_reporting_standards_not_met,Black,"Black, non-Hispanic",True,38,NCES Digest Table 219.85b,2017-2021,85.0,3843.0,22.118136872235233,reliable,False,CDC WONDER Natality 2016-2024 Expanded (age 15-19),2017-2021,11.1,0.9,7.0,0.7,ACS 5-year 2017-2021 (S1701 age band: under 18; S2701 age band: under 19),2017-2021,Midwest,2017-2021
North Dakota,Hispanic,6.9306930693069315,2.245224381170778,unreliable_cv_30_50pct,Hispanic,"Hispanic, any race",True,38,NCES Digest Table 219.85b,2017-2021,,,,,,,,11.1,0.9,7.0,0.7,ACS 5-year 2017-2021 (S1701 age band: under 18; S2701 age band: under 19),2017-2021,Midwest,2017-2021
North Dakota,Pacific Islander,,,suppressed_reporting_standards_not_met,Pacific Islander,"Native Hawaiian/Pacific Islander, non-Hispanic",True,38,NCES Digest Table 219.85b,2017-2021,,,,suppressed_or_incomplete_5yr_window,False,CDC WONDER Natality 2016-2024 Expanded (age 15-19),2017-2021,11.1,0.9,7.0,0.7,ACS 5-year 2017-2021 (S1701 age band: under 18; S2701 age band: under 19),2017-2021,Midwest,2017-2021
North Dakota,White,2.9167729630574484,0.45325528821750627,reliable,White,"White, non-Hispanic",True,38,NCES Digest Table 219.85b,2017-2021,994.0,96826.0,10.265837688224238,reliable,False,CDC WONDER Natality 2016-2024 Expanded (age 15-19),2017-2021,11.1,0.9,7.0,0.7,ACS 5-year 2017-2021 (S1701 age band: under 18; S2701 age band: under 19),2017-2021,Midwest,2017-2021
North Dakota,Two or more races,3.708206686930091,1.703192629323554,unreliable_cv_30_50pct,Two or more races,"Two or more races, non-Hispanic",True,38,NCES Digest Table 219.85b,2017-2021,141.0,4396.0,32.07461328480437,reliable,False,CDC WONDER Natality 2016-2024 Expanded (age 15-19),2017-2021,11.1,0.9,7.0,0.7,ACS 5-year 2017-2021 (S1701 age band: under 18; S2701 age band: under 19),2017-2021,Midwest,2017-2021
Ohio,Total,5.405539095410566,0.13451671338726018,reliable,Total,"all races/ethnicities combined (per NCES footnote, includes small groups not shown separately)",True,39,NCES Digest Table 219.85b,2017-2021,,,,,,,,18.6,0.4,4.6,0.1,ACS 5-year 2017-2021 (S1701 age band: under 18; S2701 age band: under 19),2017-2021,Midwest,2017-2021
Ohio,American Indian/Alaska Native,13.14596554850408,5.793954297868611,unreliable_cv_30_50pct,American Indian/Alaska Native,"American Indian/Alaska Native, non-Hispanic",True,39,NCES Digest Table 219.85b,2017-2021,,,,suppressed_or_incomplete_5yr_window,False,CDC WONDER Natality 2016-2024 Expanded (age 15-19),2017-2021,18.6,0.4,4.6,0.1,ACS 5-year 2017-2021 (S1701 age band: under 18; S2701 age band: under 19),2017-2021,Midwest,2017-2021
Ohio,Asian,2.1920186647133826,0.5238659719297022,reliable,Asian,"Asian, non-Hispanic",True,39,NCES Digest Table 219.85b,2017-2021,214.0,50207.0,4.262353855040134,reliable,False,CDC WONDER Natality 2016-2024 Expanded (age 15-19),2017-2021,18.6,0.4,4.6,0.1,ACS 5-year 2017-2021 (S1701 age band: under 18; S2701 age band: under 19),2017-2021,Midwest,2017-2021
Ohio,Black,7.210521524464365,0.42155399776741653,reliable,Black,"Black, non-Hispanic",True,39,NCES Digest Table 219.85b,2017-2021,9278.0,273656.0,33.9038793229456,reliable,False,CDC WONDER Natality 2016-2024 Expanded (age 15-19),2017-2021,18.6,0.4,4.6,0.1,ACS 5-year 2017-2021 (S1701 age band: under 18; S2701 age band: under 19),2017-2021,Midwest,2017-2021
Ohio,Hispanic,8.265606086806155,0.6422482863704284,reliable,Hispanic,"Hispanic, any race",True,39,NCES Digest Table 219.85b,2017-2021,,,,,,,,18.6,0.4,4.6,0.1,ACS 5-year 2017-2021 (S1701 age band: under 18; S2701 age band: under 19),2017-2021,Midwest,2017-2021
Ohio,Pacific Islander,,,suppressed_reporting_standards_not_met,Pacific Islander,"Native Hawaiian/Pacific Islander, non-Hispanic",True,39,NCES Digest Table 219.85b,2017-2021,,,,suppressed_or_incomplete_5yr_window,False,CDC WONDER Natality 2016-2024 Expanded (age 15-19),2017-2021,18.6,0.4,4.6,0.1,ACS 5-year 2017-2021 (S1701 age band: under 18; S2701 age band: under 19),2017-2021,Midwest,2017-2021
Ohio,White,4.972876306398165,0.14884424767820456,reliable,White,"White, non-Hispanic",True,39,NCES Digest Table 219.85b,2017-2021,22173.0,1442240.0,15.37400155313956,reliable,False,CDC WONDER Natality 2016-2024 Expanded (age 15-19),2017-2021,18.6,0.4,4.6,0.1,ACS 5-year 2017-2021 (S1701 age band: under 18; S2701 age band: under 19),2017-2021,Midwest,2017-2021
Ohio,Two or more races,5.365495735118775,0.5236331988925566,reliable,Two or more races,"Two or more races, non-Hispanic",True,39,NCES Digest Table 219.85b,2017-2021,2163.0,81169.0,26.64810457194249,reliable,False,CDC WONDER Natality 2016-2024 Expanded (age 15-19),2017-2021,18.6,0.4,4.6,0.1,ACS 5-year 2017-2021 (S1701 age band: under 18; S2701 age band: under 19),2017-2021,Midwest,2017-2021
Oklahoma,Total,6.633948703349568,0.23431091558768774,reliable,Total,"all races/ethnicities combined (per NCES footnote, includes small groups not shown separately)",True,40,NCES Digest Table 219.85b,2017-2021,,,,,,,,20.7,0.4,8.4,0.3,ACS 5-year 2017-2021 (S1701 age band: under 18; S2701 age band: under 19),2017-2021,South,2017-2021
Oklahoma,American Indian/Alaska Native,8.44426057966077,0.7821691197505193,reliable,American Indian/Alaska Native,"American Indian/Alaska Native, non-Hispanic",True,40,NCES Digest Table 219.85b,2017-2021,2339.0,77520.0,30.172858617131062,reliable,False,CDC WONDER Natality 2016-2024 Expanded (age 15-19),2017-2021,20.7,0.4,8.4,0.3,ACS 5-year 2017-2021 (S1701 age band: under 18; S2701 age band: under 19),2017-2021,South,2017-2021
Oklahoma,Asian,3.0730963652411134,1.1544352716001178,unreliable_cv_30_50pct,Asian,"Asian, non-Hispanic",True,40,NCES Digest Table 219.85b,2017-2021,78.0,15340.0,5.084745762711864,reliable,False,CDC WONDER Natality 2016-2024 Expanded (age 15-19),2017-2021,20.7,0.4,8.4,0.3,ACS 5-year 2017-2021 (S1701 age band: under 18; S2701 age band: under 19),2017-2021,South,2017-2021
Oklahoma,Black,10.184807024709006,1.0661354776643788,reliable,Black,"Black, non-Hispanic",True,40,NCES Digest Table 219.85b,2017-2021,1806.0,57600.0,31.354166666666668,reliable,False,CDC WONDER Natality 2016-2024 Expanded (age 15-19),2017-2021,20.7,0.4,8.4,0.3,ACS 5-year 2017-2021 (S1701 age band: under 18; S2701 age band: under 19),2017-2021,South,2017-2021
Oklahoma,Hispanic,9.013754755633595,0.7220393812072317,reliable,Hispanic,"Hispanic, any race",True,40,NCES Digest Table 219.85b,2017-2021,,,,,,,,20.7,0.4,8.4,0.3,ACS 5-year 2017-2021 (S1701 age band: under 18; S2701 age band: under 19),2017-2021,South,2017-2021
Oklahoma,Pacific Islander,,,suppressed_reporting_standards_not_met,Pacific Islander,"Native Hawaiian/Pacific Islander, non-Hispanic",True,40,NCES Digest Table 219.85b,2017-2021,,,,suppressed_or_incomplete_5yr_window,False,CDC WONDER Natality 2016-2024 Expanded (age 15-19),2017-2021,20.7,0.4,8.4,0.3,ACS 5-year 2017-2021 (S1701 age band: under 18; S2701 age band: under 19),2017-2021,South,2017-2021
Oklahoma,White,5.3470340962167215,0.28330893677324354,reliable,White,"White, non-Hispanic",True,40,NCES Digest Table 219.85b,2017-2021,10809.0,431846.0,25.029755977825427,reliable,False,CDC WONDER Natality 2016-2024 Expanded (age 15-19),2017-2021,20.7,0.4,8.4,0.3,ACS 5-year 2017-2021 (S1701 age band: under 18; S2701 age band: under 19),2017-2021,South,2017-2021
Oklahoma,Two or more races,6.85597084768713,0.7440684243377343,reliable,Two or more races,"Two or more races, non-Hispanic",True,40,NCES Digest Table 219.85b,2017-2021,2074.0,61628.0,33.65353410787304,reliable,False,CDC WONDER Natality 2016-2024 Expanded (age 15-19),2017-2021,20.7,0.4,8.4,0.3,ACS 5-year 2017-2021 (S1701 age band: under 18; S2701 age band: under 19),2017-2021,South,2017-2021
Oregon,Total,6.548262648455544,0.22714247565483311,reliable,Total,"all races/ethnicities combined (per NCES footnote, includes small groups not shown separately)",True,41,NCES Digest Table 219.85b,2017-2021,,,,,,,,14.0,0.5,3.5,0.2,ACS 5-year 2017-2021 (S1701 age band: under 18; S2701 age band: under 19),2017-2021,West,2017-2021
Oregon,American Indian/Alaska Native,14.282347395710582,2.9426047955579087,reliable,American Indian/Alaska Native,"American Indian/Alaska Native, non-Hispanic",True,41,NCES Digest Table 219.85b,2017-2021,227.0,13750.0,16.50909090909091,reliable,False,CDC WONDER Natality 2016-2024 Expanded (age 15-19),2017-2021,14.0,0.5,3.5,0.2,ACS 5-year 2017-2021 (S1701 age band: under 18; S2701 age band: under 19),2017-2021,West,2017-2021
Oregon,Asian,2.4248029596268297,0.7151897147439529,reliable,Asian,"Asian, non-Hispanic",True,41,NCES Digest Table 219.85b,2017-2021,,,,suppressed_or_incomplete_5yr_window,False,CDC WONDER Natality 2016-2024 Expanded (age 15-19),2017-2021,14.0,0.5,3.5,0.2,ACS 5-year 2017-2021 (S1701 age band: under 18; S2701 age band: under 19),2017-2021,West,2017-2021
Oregon,Black,6.693963054656256,1.7262792627273575,reliable,Black,"Black, non-Hispanic",True,41,NCES Digest Table 219.85b,2017-2021,250.0,15644.0,15.98056762976221,reliable,False,CDC WONDER Natality 2016-2024 Expanded (age 15-19),2017-2021,14.0,0.5,3.5,0.2,ACS 5-year 2017-2021 (S1701 age band: under 18; S2701 age band: under 19),2017-2021,West,2017-2021
Oregon,Hispanic,8.960248608053865,0.5881921700654733,reliable,Hispanic,"Hispanic, any race",True,41,NCES Digest Table 219.85b,2017-2021,,,,,,,,14.0,0.5,3.5,0.2,ACS 5-year 2017-2021 (S1701 age band: under 18; S2701 age band: under 19),2017-2021,West,2017-2021
Oregon,Pacific Islander,,,suppressed_reporting_standards_not_met,Pacific Islander,"Native Hawaiian/Pacific Islander, non-Hispanic",True,41,NCES Digest Table 219.85b,2017-2021,94.0,3597.0,26.13288851820962,reliable,False,CDC WONDER Natality 2016-2024 Expanded (age 15-19),2017-2021,14.0,0.5,3.5,0.2,ACS 5-year 2017-2021 (S1701 age band: under 18; S2701 age band: under 19),2017-2021,West,2017-2021
Oregon,White,6.242847372234599,0.29355345505770475,reliable,White,"White, non-Hispanic",True,41,NCES Digest Table 219.85b,2017-2021,6080.0,497779.0,12.214255723925678,reliable,False,CDC WONDER Natality 2016-2024 Expanded (age 15-19),2017-2021,14.0,0.5,3.5,0.2,ACS 5-year 2017-2021 (S1701 age band: under 18; S2701 age band: under 19),2017-2021,West,2017-2021
Oregon,Two or more races,4.684865776163922,0.6654579983514206,reliable,Two or more races,"Two or more races, non-Hispanic",True,41,NCES Digest Table 219.85b,2017-2021,514.0,40765.0,12.608855635962222,reliable,False,CDC WONDER Natality 2016-2024 Expanded (age 15-19),2017-2021,14.0,0.5,3.5,0.2,ACS 5-year 2017-2021 (S1701 age band: under 18; S2701 age band: under 19),2017-2021,West,2017-2021
Pennsylvania,Total,5.329357409659486,0.12051661457471118,reliable,Total,"all races/ethnicities combined (per NCES footnote, includes small groups not shown separately)",True,42,NCES Digest Table 219.85b,2017-2021,,,,,,,,16.4,0.3,4.6,0.2,ACS 5-year 2017-2021 (S1701 age band: under 18; S2701 age band: under 19),2017-2021,Northeast,2017-2021
Pennsylvania,American Indian/Alaska Native,,,suppressed_reporting_standards_not_met,American Indian/Alaska Native,"American Indian/Alaska Native, non-Hispanic",True,42,NCES Digest Table 219.85b,2017-2021,124.0,9343.0,13.27196831852724,reliable,False,CDC WONDER Natality 2016-2024 Expanded (age 15-19),2017-2021,16.4,0.3,4.6,0.2,ACS 5-year 2017-2021 (S1701 age band: under 18; S2701 age band: under 19),2017-2021,Northeast,2017-2021
Pennsylvania,Asian,1.9051361787923315,0.365549070259233,reliable,Asian,"Asian, non-Hispanic",True,42,NCES Digest Table 219.85b,2017-2021,290.0,86260.0,3.3619290517041502,reliable,False,CDC WONDER Natality 2016-2024 Expanded (age 15-19),2017-2021,16.4,0.3,4.6,0.2,ACS 5-year 2017-2021 (S1701 age band: under 18; S2701 age band: under 19),2017-2021,Northeast,2017-2021
Pennsylvania,Black,5.006663584192347,0.4132365977591693,reliable,Black,"Black, non-Hispanic",True,42,NCES Digest Table 219.85b,2017-2021,7870.0,280451.0,28.0619430845317,reliable,False,CDC WONDER Natality 2016-2024 Expanded (age 15-19),2017-2021,16.4,0.3,4.6,0.2,ACS 5-year 2017-2021 (S1701 age band: under 18; S2701 age band: under 19),2017-2021,Northeast,2017-2021
Pennsylvania,Hispanic,9.805300093739708,0.6507119039319478,reliable,Hispanic,"Hispanic, any race",True,42,NCES Digest Table 219.85b,2017-2021,,,,,,,,16.4,0.3,4.6,0.2,ACS 5-year 2017-2021 (S1701 age band: under 18; S2701 age band: under 19),2017-2021,Northeast,2017-2021
Pennsylvania,Pacific Islander,,,suppressed_reporting_standards_not_met,Pacific Islander,"Native Hawaiian/Pacific Islander, non-Hispanic",True,42,NCES Digest Table 219.85b,2017-2021,150.0,1785.0,84.03361344537815,reliable,False,CDC WONDER Natality 2016-2024 Expanded (age 15-19),2017-2021,16.4,0.3,4.6,0.2,ACS 5-year 2017-2021 (S1701 age band: under 18; S2701 age band: under 19),2017-2021,Northeast,2017-2021
Pennsylvania,White,4.9837142568974615,0.14470090634130045,reliable,White,"White, non-Hispanic",True,42,NCES Digest Table 219.85b,2017-2021,16060.0,1529297.0,10.501557251469139,reliable,False,CDC WONDER Natality 2016-2024 Expanded (age 15-19),2017-2021,16.4,0.3,4.6,0.2,ACS 5-year 2017-2021 (S1701 age band: under 18; S2701 age band: under 19),2017-2021,Northeast,2017-2021
Pennsylvania,Two or more races,3.573488070352483,0.5337696739893011,reliable,Two or more races,"Two or more races, non-Hispanic",True,42,NCES Digest Table 219.85b,2017-2021,1806.0,76151.0,23.716037872122495,reliable,False,CDC WONDER Natality 2016-2024 Expanded (age 15-19),2017-2021,16.4,0.3,4.6,0.2,ACS 5-year 2017-2021 (S1701 age band: under 18; S2701 age band: under 19),2017-2021,Northeast,2017-2021
Rhode Island,Total,3.97747171456548,0.33938977441802054,reliable,Total,"all races/ethnicities combined (per NCES footnote, includes small groups not shown separately)",True,44,NCES Digest Table 219.85b,2017-2021,,,,,,,,15.2,1.1,2.6,0.5,ACS 5-year 2017-2021 (S1701 age band: under 18; S2701 age band: under 19),2017-2021,Northeast,2017-2021
Rhode Island,American Indian/Alaska Native,,,suppressed_reporting_standards_not_met,American Indian/Alaska Native,"American Indian/Alaska Native, non-Hispanic",True,44,NCES Digest Table 219.85b,2017-2021,,,,suppressed_or_incomplete_5yr_window,False,CDC WONDER Natality 2016-2024 Expanded (age 15-19),2017-2021,15.2,1.1,2.6,0.5,ACS 5-year 2017-2021 (S1701 age band: under 18; S2701 age band: under 19),2017-2021,Northeast,2017-2021
Rhode Island,Asian,,,suppressed_reporting_standards_not_met,Asian,"Asian, non-Hispanic",True,44,NCES Digest Table 219.85b,2017-2021,,,,suppressed_or_incomplete_5yr_window,False,CDC WONDER Natality 2016-2024 Expanded (age 15-19),2017-2021,15.2,1.1,2.6,0.5,ACS 5-year 2017-2021 (S1701 age band: under 18; S2701 age band: under 19),2017-2021,Northeast,2017-2021
Rhode Island,Black,5.568,1.4062642609837963,reliable,Black,"Black, non-Hispanic",True,44,NCES Digest Table 219.85b,2017-2021,341.0,18580.0,18.353067814854683,reliable,False,CDC WONDER Natality 2016-2024 Expanded (age 15-19),2017-2021,15.2,1.1,2.6,0.5,ACS 5-year 2017-2021 (S1701 age band: under 18; S2701 age band: under 19),2017-2021,Northeast,2017-2021
Rhode Island,Hispanic,5.36346120161149,0.8824874481050478,reliable,Hispanic,"Hispanic, any race",True,44,NCES Digest Table 219.85b,2017-2021,,,,,,,,15.2,1.1,2.6,0.5,ACS 5-year 2017-2021 (S1701 age band: under 18; S2701 age band: under 19),2017-2021,Northeast,2017-2021
Rhode Island,Pacific Islander,,,suppressed_reporting_standards_not_met,Pacific Islander,"Native Hawaiian/Pacific Islander, non-Hispanic",True,44,NCES Digest Table 219.85b,2017-2021,,,,suppressed_or_incomplete_5yr_window,False,CDC WONDER Natality 2016-2024 Expanded (age 15-19),2017-2021,15.2,1.1,2.6,0.5,ACS 5-year 2017-2021 (S1701 age band: under 18; S2701 age band: under 19),2017-2021,Northeast,2017-2021
Rhode Island,White,3.0420410527870234,0.33913575636480675,reliable,White,"White, non-Hispanic",True,44,NCES Digest Table 219.85b,2017-2021,1240.0,141267.0,8.777704630239192,reliable,False,CDC WONDER Natality 2016-2024 Expanded (age 15-19),2017-2021,15.2,1.1,2.6,0.5,ACS 5-year 2017-2021 (S1701 age band: under 18; S2701 age band: under 19),2017-2021,Northeast,2017-2021
Rhode Island,Two or more races,8.672126352734717,2.303070428982916,reliable,Two or more races,"Two or more races, non-Hispanic",True,44,NCES Digest Table 219.85b,2017-2021,124.0,8877.0,13.968683113664527,reliable,False,CDC WONDER Natality 2016-2024 Expanded (age 15-19),2017-2021,15.2,1.1,2.6,0.5,ACS 5-year 2017-2021 (S1701 age band: under 18; S2701 age band: under 19),2017-2021,Northeast,2017-2021
South Carolina,Total,5.933784079108086,0.23154747630145353,reliable,Total,"all races/ethnicities combined (per NCES footnote, includes small groups not shown separately)",True,45,NCES Digest Table 219.85b,2017-2021,,,,,,,,20.8,0.5,5.2,0.3,ACS 5-year 2017-2021 (S1701 age band: under 18; S2701 age band: under 19),2017-2021,South,2017-2021
South Carolina,American Indian/Alaska Native,8.806262230919765,3.2774501417467654,unreliable_cv_30_50pct,American Indian/Alaska Native,"American Indian/Alaska Native, non-Hispanic",True,45,NCES Digest Table 219.85b,2017-2021,103.0,4589.0,22.444977119198082,reliable,False,CDC WONDER Natality 2016-2024 Expanded (age 15-19),2017-2021,20.8,0.5,5.2,0.3,ACS 5-year 2017-2021 (S1701 age band: under 18; S2701 age band: under 19),2017-2021,South,2017-2021
South Carolina,Asian,2.604115868526285,1.0342012975703507,unreliable_cv_30_50pct,Asian,"Asian, non-Hispanic",True,45,NCES Digest Table 219.85b,2017-2021,58.0,15112.0,3.838009528851244,reliable,False,CDC WONDER Natality 2016-2024 Expanded (age 15-19),2017-2021,20.8,0.5,5.2,0.3,ACS 5-year 2017-2021 (S1701 age band: under 18; S2701 age band: under 19),2017-2021,South,2017-2021
South Carolina,Black,6.634622010888291,0.4440509335243297,reliable,Black,"Black, non-Hispanic",True,45,NCES Digest Table 219.85b,2017-2021,6776.0,245073.0,27.648904612095173,reliable,False,CDC WONDER Natality 2016-2024 Expanded (age 15-19),2017-2021,20.8,0.5,5.2,0.3,ACS 5-year 2017-2021 (S1701 age band: under 18; S2701 age band: under 19),2017-2021,South,2017-2021
South Carolina,Hispanic,9.91392296105014,0.907501674773342,reliable,Hispanic,"Hispanic, any race",True,45,NCES Digest Table 219.85b,2017-2021,,,,,,,,20.8,0.5,5.2,0.3,ACS 5-year 2017-2021 (S1701 age band: under 18; S2701 age band: under 19),2017-2021,South,2017-2021
South Carolina,Pacific Islander,,,suppressed_reporting_standards_not_met,Pacific Islander,"Native Hawaiian/Pacific Islander, non-Hispanic",True,45,NCES Digest Table 219.85b,2017-2021,,,,suppressed_or_incomplete_5yr_window,False,CDC WONDER Natality 2016-2024 Expanded (age 15-19),2017-2021,20.8,0.5,5.2,0.3,ACS 5-year 2017-2021 (S1701 age band: under 18; S2701 age band: under 19),2017-2021,South,2017-2021
South Carolina,White,5.123408058389812,0.2534957206365872,reliable,White,"White, non-Hispanic",True,45,NCES Digest Table 219.85b,2017-2021,8453.0,502082.0,16.835895331838227,reliable,False,CDC WONDER Natality 2016-2024 Expanded (age 15-19),2017-2021,20.8,0.5,5.2,0.3,ACS 5-year 2017-2021 (S1701 age band: under 18; S2701 age band: under 19),2017-2021,South,2017-2021
South Carolina,Two or more races,6.1337554412346655,0.9565538457395434,reliable,Two or more races,"Two or more races, non-Hispanic",True,45,NCES Digest Table 219.85b,2017-2021,912.0,27609.0,33.03270672606759,reliable,False,CDC WONDER Natality 2016-2024 Expanded (age 15-19),2017-2021,20.8,0.5,5.2,0.3,ACS 5-year 2017-2021 (S1701 age band: under 18; S2701 age band: under 19),2017-2021,South,2017-2021
South Dakota,Total,6.369271681929696,0.5033203780259256,reliable,Total,"all races/ethnicities combined (per NCES footnote, includes small groups not shown separately)",True,46,NCES Digest Table 219.85b,2017-2021,,,,,,,,15.8,0.8,6.7,0.5,ACS 5-year 2017-2021 (S1701 age band: under 18; S2701 age band: under 19),2017-2021,Midwest,2017-2021
South Dakota,American Indian/Alaska Native,19.3542535824415,2.5494531454466944,reliable,American Indian/Alaska Native,"American Indian/Alaska Native, non-Hispanic",True,46,NCES Digest Table 219.85b,2017-2021,1155.0,18489.0,62.46957650494889,reliable,False,CDC WONDER Natality 2016-2024 Expanded (age 15-19),2017-2021,15.8,0.8,6.7,0.5,ACS 5-year 2017-2021 (S1701 age band: under 18; S2701 age band: under 19),2017-2021,Midwest,2017-2021
South Dakota,Asian,,,suppressed_reporting_standards_not_met,Asian,"Asian, non-Hispanic",True,46,NCES Digest Table 219.85b,2017-2021,,,,suppressed_or_incomplete_5yr_window,False,CDC WONDER Natality 2016-2024 Expanded (age 15-19),2017-2021,15.8,0.8,6.7,0.5,ACS 5-year 2017-2021 (S1701 age band: under 18; S2701 age band: under 19),2017-2021,Midwest,2017-2021
South Dakota,Black,6.4340239912759,3.1662169679353336,unreliable_cv_30_50pct,Black,"Black, non-Hispanic",True,46,NCES Digest Table 219.85b,2017-2021,81.0,3215.0,25.194401244167963,reliable,False,CDC WONDER Natality 2016-2024 Expanded (age 15-19),2017-2021,15.8,0.8,6.7,0.5,ACS 5-year 2017-2021 (S1701 age band: under 18; S2701 age band: under 19),2017-2021,Midwest,2017-2021
South Dakota,Hispanic,8.358982666450672,2.3121058318093457,reliable,Hispanic,"Hispanic, any race",True,46,NCES Digest Table 219.85b,2017-2021,,,,,,,,15.8,0.8,6.7,0.5,ACS 5-year 2017-2021 (S1701 age band: under 18; S2701 age band: under 19),2017-2021,Midwest,2017-2021
South Dakota,Pacific Islander,,,suppressed_reporting_standards_not_met,Pacific Islander,"Native Hawaiian/Pacific Islander, non-Hispanic",True,46,NCES Digest Table 219.85b,2017-2021,,,,suppressed_or_incomplete_5yr_window,False,CDC WONDER Natality 2016-2024 Expanded (age 15-19),2017-2021,15.8,0.8,6.7,0.5,ACS 5-year 2017-2021 (S1701 age band: under 18; S2701 age band: under 19),2017-2021,Midwest,2017-2021
South Dakota,White,4.191496062992126,0.4689021526620161,reliable,White,"White, non-Hispanic",True,46,NCES Digest Table 219.85b,2017-2021,1258.0,110513.0,11.383276175653544,reliable,False,CDC WONDER Natality 2016-2024 Expanded (age 15-19),2017-2021,15.8,0.8,6.7,0.5,ACS 5-year 2017-2021 (S1701 age band: under 18; S2701 age band: under 19),2017-2021,Midwest,2017-2021
South Dakota,Two or more races,7.997962302598065,3.1972662594006245,unreliable_cv_30_50pct,Two or more races,"Two or more races, non-Hispanic",True,46,NCES Digest Table 219.85b,2017-2021,210.0,5886.0,35.67787971457696,reliable,False,CDC WONDER Natality 2016-2024 Expanded (age 15-19),2017-2021,15.8,0.8,6.7,0.5,ACS 5-year 2017-2021 (S1701 age band: under 18; S2701 age band: under 19),2017-2021,Midwest,2017-2021
Tennessee,Total,4.943245890057062,0.16066843608874923,reliable,Total,"all races/ethnicities combined (per NCES footnote, includes small groups not shown separately)",True,47,NCES Digest Table 219.85b,2017-2021,,,,,,,,19.9,0.5,5.2,0.2,ACS 5-year 2017-2021 (S1701 age band: under 18; S2701 age band: under 19),2017-2021,South,2017-2021
Tennessee,American Indian/Alaska Native,,,suppressed_reporting_standards_not_met,American Indian/Alaska Native,"American Indian/Alaska Native, non-Hispanic",True,47,NCES Digest Table 219.85b,2017-2021,101.0,5267.0,19.17600151889121,reliable,False,CDC WONDER Natality 2016-2024 Expanded (age 15-19),2017-2021,19.9,0.5,5.2,0.2,ACS 5-year 2017-2021 (S1701 age band: under 18; S2701 age band: under 19),2017-2021,South,2017-2021
Tennessee,Asian,2.6055934254953175,0.7084082432516581,reliable,Asian,"Asian, non-Hispanic",True,47,NCES Digest Table 219.85b,2017-2021,149.0,22646.0,6.5795283935352815,reliable,False,CDC WONDER Natality 2016-2024 Expanded (age 15-19),2017-2021,19.9,0.5,5.2,0.2,ACS 5-year 2017-2021 (S1701 age band: under 18; S2701 age band: under 19),2017-2021,South,2017-2021
Tennessee,Black,5.399037860391042,0.4553886487423326,reliable,Black,"Black, non-Hispanic",True,47,NCES Digest Table 219.85b,2017-2021,7135.0,208724.0,34.18389835380694,reliable,False,CDC WONDER Natality 2016-2024 Expanded (age 15-19),2017-2021,19.9,0.5,5.2,0.2,ACS 5-year 2017-2021 (S1701 age band: under 18; S2701 age band: under 19),2017-2021,South,2017-2021
Tennessee,Hispanic,10.749212941255275,0.931524108113829,reliable,Hispanic,"Hispanic, any race",True,47,NCES Digest Table 219.85b,2017-2021,,,,,,,,19.9,0.5,5.2,0.2,ACS 5-year 2017-2021 (S1701 age band: under 18; S2701 age band: under 19),2017-2021,South,2017-2021
Tennessee,Pacific Islander,,,suppressed_reporting_standards_not_met,Pacific Islander,"Native Hawaiian/Pacific Islander, non-Hispanic",True,47,NCES Digest Table 219.85b,2017-2021,,,,suppressed_or_incomplete_5yr_window,False,CDC WONDER Natality 2016-2024 Expanded (age 15-19),2017-2021,19.9,0.5,5.2,0.2,ACS 5-year 2017-2021 (S1701 age band: under 18; S2701 age band: under 19),2017-2021,South,2017-2021
Tennessee,White,4.153243393503292,0.17213845980903913,reliable,White,"White, non-Hispanic",True,47,NCES Digest Table 219.85b,2017-2021,16780.0,770958.0,21.765128580285825,reliable,False,CDC WONDER Natality 2016-2024 Expanded (age 15-19),2017-2021,19.9,0.5,5.2,0.2,ACS 5-year 2017-2021 (S1701 age band: under 18; S2701 age band: under 19),2017-2021,South,2017-2021
Tennessee,Two or more races,6.667819470862874,1.0105648889264607,reliable,Two or more races,"Two or more races, non-Hispanic",True,47,NCES Digest Table 219.85b,2017-2021,904.0,35761.0,25.27893515282011,reliable,False,CDC WONDER Natality 2016-2024 Expanded (age 15-19),2017-2021,19.9,0.5,5.2,0.2,ACS 5-year 2017-2021 (S1701 age band: under 18; S2701 age band: under 19),2017-2021,South,2017-2021
Texas,Total,6.050815880801087,0.09810984067825307,reliable,Total,"all races/ethnicities combined (per NCES footnote, includes small groups not shown separately)",True,48,NCES Digest Table 219.85b,2017-2021,,,,,,,,19.6,0.3,11.5,0.2,ACS 5-year 2017-2021 (S1701 age band: under 18; S2701 age band: under 19),2017-2021,South,2017-2021
Texas,American Indian/Alaska Native,7.332652018395504,1.493554514754822,reliable,American Indian/Alaska Native,"American Indian/Alaska Native, non-Hispanic",True,48,NCES Digest Table 219.85b,2017-2021,380.0,59321.0,6.405825930109067,reliable,False,CDC WONDER Natality 2016-2024 Expanded (age 15-19),2017-2021,19.6,0.3,11.5,0.2,ACS 5-year 2017-2021 (S1701 age band: under 18; S2701 age band: under 19),2017-2021,South,2017-2021
Texas,Asian,1.756101428401538,0.1974967728246718,reliable,Asian,"Asian, non-Hispanic",True,48,NCES Digest Table 219.85b,2017-2021,762.0,225796.0,3.374727630250314,reliable,False,CDC WONDER Natality 2016-2024 Expanded (age 15-19),2017-2021,19.6,0.3,11.5,0.2,ACS 5-year 2017-2021 (S1701 age band: under 18; S2701 age band: under 19),2017-2021,South,2017-2021
Texas,Black,5.6013399440800224,0.3036385065767702,reliable,Black,"Black, non-Hispanic",True,48,NCES Digest Table 219.85b,2017-2021,17572.0,676328.0,25.9814764433825,reliable,False,CDC WONDER Natality 2016-2024 Expanded (age 15-19),2017-2021,19.6,0.3,11.5,0.2,ACS 5-year 2017-2021 (S1701 age band: under 18; S2701 age band: under 19),2017-2021,South,2017-2021
Texas,Hispanic,8.130076580525671,0.16413370385420362,reliable,Hispanic,"Hispanic, any race",True,48,NCES Digest Table 219.85b,2017-2021,,,,,,,,19.6,0.3,11.5,0.2,ACS 5-year 2017-2021 (S1701 age band: under 18; S2701 age band: under 19),2017-2021,South,2017-2021
Texas,Pacific Islander,10.56701030927835,4.276818194175995,unreliable_cv_30_50pct,Pacific Islander,"Native Hawaiian/Pacific Islander, non-Hispanic",True,48,NCES Digest Table 219.85b,2017-2021,228.0,8055.0,28.30540037243948,reliable,False,CDC WONDER Natality 2016-2024 Expanded (age 15-19),2017-2021,19.6,0.3,11.5,0.2,ACS 5-year 2017-2021 (S1701 age band: under 18; S2701 age band: under 19),2017-2021,South,2017-2021
Texas,White,3.92154903601567,0.12477841007633124,reliable,White,"White, non-Hispanic",True,48,NCES Digest Table 219.85b,2017-2021,98848.0,3908170.0,25.29265615364736,reliable,False,CDC WONDER Natality 2016-2024 Expanded (age 15-19),2017-2021,19.6,0.3,11.5,0.2,ACS 5-year 2017-2021 (S1701 age band: under 18; S2701 age band: under 19),2017-2021,South,2017-2021
Texas,Two or more races,4.114452357304367,0.43781143753693247,reliable,Two or more races,"Two or more races, non-Hispanic",True,48,NCES Digest Table 219.85b,2017-2021,2061.0,145907.0,14.125436065438944,reliable,False,CDC WONDER Natality 2016-2024 Expanded (age 15-19),2017-2021,19.6,0.3,11.5,0.2,ACS 5-year 2017-2021 (S1701 age band: under 18; S2701 age band: under 19),2017-2021,South,2017-2021
Utah,Total,4.371462329541335,0.2136729767170469,reliable,Total,"all races/ethnicities combined (per NCES footnote, includes small groups not shown separately)",True,49,NCES Digest Table 219.85b,2017-2021,,,,,,,,9.3,0.4,7.2,0.3,ACS 5-year 2017-2021 (S1701 age band: under 18; S2701 age band: under 19),2017-2021,West,2017-2021
Utah,American Indian/Alaska Native,12.399272160124774,2.848246877095916,reliable,American Indian/Alaska Native,"American Indian/Alaska Native, non-Hispanic",True,49,NCES Digest Table 219.85b,2017-2021,215.0,10026.0,21.44424496309595,reliable,False,CDC WONDER Natality 2016-2024 Expanded (age 15-19),2017-2021,9.3,0.4,7.2,0.3,ACS 5-year 2017-2021 (S1701 age band: under 18; S2701 age band: under 19),2017-2021,West,2017-2021
Utah,Asian,3.012598137666606,0.8284409314484663,reliable,Asian,"Asian, non-Hispanic",True,49,NCES Digest Table 219.85b,2017-2021,,,,suppressed_or_incomplete_5yr_window,False,CDC WONDER Natality 2016-2024 Expanded (age 15-19),2017-2021,9.3,0.4,7.2,0.3,ACS 5-year 2017-2021 (S1701 age band: under 18; S2701 age band: under 19),2017-2021,West,2017-2021
Utah,Black,8.20664603793892,2.4175846090329127,reliable,Black,"Black, non-Hispanic",True,49,NCES Digest Table 219.85b,2017-2021,162.0,9670.0,16.752843846949325,reliable,False,CDC WONDER Natality 2016-2024 Expanded (age 15-19),2017-2021,9.3,0.4,7.2,0.3,ACS 5-year 2017-2021 (S1701 age band: under 18; S2701 age band: under 19),2017-2021,West,2017-2021
Utah,Hispanic,7.611411380787272,0.7568860824358568,reliable,Hispanic,"Hispanic, any race",True,49,NCES Digest Table 219.85b,2017-2021,,,,,,,,9.3,0.4,7.2,0.3,ACS 5-year 2017-2021 (S1701 age band: under 18; S2701 age band: under 19),2017-2021,West,2017-2021
Utah,Pacific Islander,3.917629331993973,1.6162332603950176,unreliable_cv_30_50pct,Pacific Islander,"Native Hawaiian/Pacific Islander, non-Hispanic",True,49,NCES Digest Table 219.85b,2017-2021,114.0,7542.0,15.11535401750199,reliable,False,CDC WONDER Natality 2016-2024 Expanded (age 15-19),2017-2021,9.3,0.4,7.2,0.3,ACS 5-year 2017-2021 (S1701 age band: under 18; S2701 age band: under 19),2017-2021,West,2017-2021
Utah,White,3.459900741262862,0.1847787001936519,reliable,White,"White, non-Hispanic",True,49,NCES Digest Table 219.85b,2017-2021,6628.0,559362.0,11.84921392586554,reliable,False,CDC WONDER Natality 2016-2024 Expanded (age 15-19),2017-2021,9.3,0.4,7.2,0.3,ACS 5-year 2017-2021 (S1701 age band: under 18; S2701 age band: under 19),2017-2021,West,2017-2021
Utah,Two or more races,5.044742057534083,1.1824486255095807,reliable,Two or more races,"Two or more races, non-Hispanic",True,49,NCES Digest Table 219.85b,2017-2021,352.0,24009.0,14.66116872839352,reliable,False,CDC WONDER Natality 2016-2024 Expanded (age 15-19),2017-2021,9.3,0.4,7.2,0.3,ACS 5-year 2017-2021 (S1701 age band: under 18; S2701 age band: under 19),2017-2021,West,2017-2021
Vermont,Total,4.623115577889447,0.6859148430000728,reliable,Total,"all races/ethnicities combined (per NCES footnote, includes small groups not shown separately)",True,50,NCES Digest Table 219.85b,2017-2021,,,,,,,,11.4,0.8,1.6,0.3,ACS 5-year 2017-2021 (S1701 age band: under 18; S2701 age band: under 19),2017-2021,Northeast,2017-2021
Vermont,American Indian/Alaska Native,,,suppressed_reporting_standards_not_met,American Indian/Alaska Native,"American Indian/Alaska Native, non-Hispanic",True,50,NCES Digest Table 219.85b,2017-2021,,,,suppressed_or_incomplete_5yr_window,False,CDC WONDER Natality 2016-2024 Expanded (age 15-19),2017-2021,11.4,0.8,1.6,0.3,ACS 5-year 2017-2021 (S1701 age band: under 18; S2701 age band: under 19),2017-2021,Northeast,2017-2021
Vermont,Asian,,,suppressed_reporting_standards_not_met,Asian,"Asian, non-Hispanic",True,50,NCES Digest Table 219.85b,2017-2021,,,,suppressed_or_incomplete_5yr_window,False,CDC WONDER Natality 2016-2024 Expanded (age 15-19),2017-2021,11.4,0.8,1.6,0.3,ACS 5-year 2017-2021 (S1701 age band: under 18; S2701 age band: under 19),2017-2021,Northeast,2017-2021
Vermont,Black,,,suppressed_reporting_standards_not_met,Black,"Black, non-Hispanic",True,50,NCES Digest Table 219.85b,2017-2021,,,,suppressed_or_incomplete_5yr_window,False,CDC WONDER Natality 2016-2024 Expanded (age 15-19),2017-2021,11.4,0.8,1.6,0.3,ACS 5-year 2017-2021 (S1701 age band: under 18; S2701 age band: under 19),2017-2021,Northeast,2017-2021
Vermont,Hispanic,6.742424242424243,1.8802863662139462,reliable,Hispanic,"Hispanic, any race",True,50,NCES Digest Table 219.85b,2017-2021,,,,,,,,11.4,0.8,1.6,0.3,ACS 5-year 2017-2021 (S1701 age band: under 18; S2701 age band: under 19),2017-2021,Northeast,2017-2021
Vermont,Pacific Islander,,,suppressed_reporting_standards_not_met,Pacific Islander,"Native Hawaiian/Pacific Islander, non-Hispanic",True,50,NCES Digest Table 219.85b,2017-2021,,,,suppressed_or_incomplete_5yr_window,False,CDC WONDER Natality 2016-2024 Expanded (age 15-19),2017-2021,11.4,0.8,1.6,0.3,ACS 5-year 2017-2021 (S1701 age band: under 18; S2701 age band: under 19),2017-2021,Northeast,2017-2021
Vermont,White,4.575869664602469,0.7598440800244897,reliable,White,"White, non-Hispanic",True,50,NCES Digest Table 219.85b,2017-2021,765.0,92151.0,8.301591952339095,reliable,False,CDC WONDER Natality 2016-2024 Expanded (age 15-19),2017-2021,11.4,0.8,1.6,0.3,ACS 5-year 2017-2021 (S1701 age band: under 18; S2701 age band: under 19),2017-2021,Northeast,2017-2021
Vermont,Two or more races,,,suppressed_reporting_standards_not_met,Two or more races,"Two or more races, non-Hispanic",True,50,NCES Digest Table 219.85b,2017-2021,,,,suppressed_or_incomplete_5yr_window,False,CDC WONDER Natality 2016-2024 Expanded (age 15-19),2017-2021,11.4,0.8,1.6,0.3,ACS 5-year 2017-2021 (S1701 age band: under 18; S2701 age band: under 19),2017-2021,Northeast,2017-2021
Virginia,Total,3.543937715103617,0.13298899765007352,reliable,Total,"all races/ethnicities combined (per NCES footnote, includes small groups not shown separately)",True,51,NCES Digest Table 219.85b,2017-2021,,,,,,,,13.0,0.3,4.9,0.2,ACS 5-year 2017-2021 (S1701 age band: under 18; S2701 age band: under 19),2017-2021,South,2017-2021
Virginia,American Indian/Alaska Native,,,suppressed_reporting_standards_not_met,American Indian/Alaska Native,"American Indian/Alaska Native, non-Hispanic",True,51,NCES Digest Table 219.85b,2017-2021,,,,suppressed_or_incomplete_5yr_window,False,CDC WONDER Natality 2016-2024 Expanded (age 15-19),2017-2021,13.0,0.3,4.9,0.2,ACS 5-year 2017-2021 (S1701 age band: under 18; S2701 age band: under 19),2017-2021,South,2017-2021
Virginia,Asian,1.6425151409455558,0.3251776341196101,reliable,Asian,"Asian, non-Hispanic",True,51,NCES Digest Table 219.85b,2017-2021,309.0,91500.0,3.377049180327869,reliable,False,CDC WONDER Natality 2016-2024 Expanded (age 15-19),2017-2021,13.0,0.3,4.9,0.2,ACS 5-year 2017-2021 (S1701 age band: under 18; S2701 age band: under 19),2017-2021,South,2017-2021
Virginia,Black,4.361211873995406,0.3401112157120408,reliable,Black,"Black, non-Hispanic",True,51,NCES Digest Table 219.85b,2017-2021,6083.0,292809.0,20.774634659453774,reliable,False,CDC WONDER Natality 2016-2024 Expanded (age 15-19),2017-2021,13.0,0.3,4.9,0.2,ACS 5-year 2017-2021 (S1701 age band: under 18; S2701 age band: under 19),2017-2021,South,2017-2021
Virginia,Hispanic,7.9201768826054675,0.5199568055778878,reliable,Hispanic,"Hispanic, any race",True,51,NCES Digest Table 219.85b,2017-2021,,,,,,,,13.0,0.3,4.9,0.2,ACS 5-year 2017-2021 (S1701 age band: under 18; S2701 age band: under 19),2017-2021,South,2017-2021
Virginia,Pacific Islander,,,suppressed_reporting_standards_not_met,Pacific Islander,"Native Hawaiian/Pacific Islander, non-Hispanic",True,51,NCES Digest Table 219.85b,2017-2021,88.0,1649.0,53.36567616737416,reliable,False,CDC WONDER Natality 2016-2024 Expanded (age 15-19),2017-2021,13.0,0.3,4.9,0.2,ACS 5-year 2017-2021 (S1701 age band: under 18; S2701 age band: under 19),2017-2021,South,2017-2021
Virginia,White,2.6053887426443714,0.14924624711405293,reliable,White,"White, non-Hispanic",True,51,NCES Digest Table 219.85b,2017-2021,10993.0,871711.0,12.610830883171142,reliable,False,CDC WONDER Natality 2016-2024 Expanded (age 15-19),2017-2021,13.0,0.3,4.9,0.2,ACS 5-year 2017-2021 (S1701 age band: under 18; S2701 age band: under 19),2017-2021,South,2017-2021
Virginia,Two or more races,2.3886056306805585,0.3592031342513528,reliable,Two or more races,"Two or more races, non-Hispanic",True,51,NCES Digest Table 219.85b,2017-2021,572.0,73416.0,7.791217173368203,reliable,False,CDC WONDER Natality 2016-2024 Expanded (age 15-19),2017-2021,13.0,0.3,4.9,0.2,ACS 5-year 2017-2021 (S1701 age band: under 18; S2701 age band: under 19),2017-2021,South,2017-2021
Washington,Total,5.722487559939016,0.1767146894912751,reliable,Total,"all races/ethnicities combined (per NCES footnote, includes small groups not shown separately)",True,53,NCES Digest Table 219.85b,2017-2021,,,,,,,,12.4,0.4,2.9,0.2,ACS 5-year 2017-2021 (S1701 age band: under 18; S2701 age band: under 19),2017-2021,West,2017-2021
Washington,American Indian/Alaska Native,9.557035627444762,1.5419634482615323,reliable,American Indian/Alaska Native,"American Indian/Alaska Native, non-Hispanic",True,53,NCES Digest Table 219.85b,2017-2021,696.0,25866.0,26.907909997680353,reliable,False,CDC WONDER Natality 2016-2024 Expanded (age 15-19),2017-2021,12.4,0.4,2.9,0.2,ACS 5-year 2017-2021 (S1701 age band: under 18; S2701 age band: under 19),2017-2021,West,2017-2021
Washington,Asian,1.8468522921115904,0.29443366119280323,reliable,Asian,"Asian, non-Hispanic",True,53,NCES Digest Table 219.85b,2017-2021,317.0,98904.0,3.205128205128205,reliable,False,CDC WONDER Natality 2016-2024 Expanded (age 15-19),2017-2021,12.4,0.4,2.9,0.2,ACS 5-year 2017-2021 (S1701 age band: under 18; S2701 age band: under 19),2017-2021,West,2017-2021
Washington,Black,5.239651416122005,0.8227455279975593,reliable,Black,"Black, non-Hispanic",True,53,NCES Digest Table 219.85b,2017-2021,866.0,52408.0,16.52419477942299,reliable,False,CDC WONDER Natality 2016-2024 Expanded (age 15-19),2017-2021,12.4,0.4,2.9,0.2,ACS 5-year 2017-2021 (S1701 age band: under 18; S2701 age band: under 19),2017-2021,West,2017-2021
Washington,Hispanic,9.7979715821284,0.4652860404502297,reliable,Hispanic,"Hispanic, any race",True,53,NCES Digest Table 219.85b,2017-2021,,,,,,,,12.4,0.4,2.9,0.2,ACS 5-year 2017-2021 (S1701 age band: under 18; S2701 age band: under 19),2017-2021,West,2017-2021
Washington,Pacific Islander,8.457918050941307,1.6661551150002678,reliable,Pacific Islander,"Native Hawaiian/Pacific Islander, non-Hispanic",True,53,NCES Digest Table 219.85b,2017-2021,377.0,11897.0,31.688661006976552,reliable,False,CDC WONDER Natality 2016-2024 Expanded (age 15-19),2017-2021,12.4,0.4,2.9,0.2,ACS 5-year 2017-2021 (S1701 age band: under 18; S2701 age band: under 19),2017-2021,West,2017-2021
Washington,White,4.920838150169263,0.21542392871894445,reliable,White,"White, non-Hispanic",True,53,NCES Digest Table 219.85b,2017-2021,10096.0,814889.0,12.389417454401766,reliable,False,CDC WONDER Natality 2016-2024 Expanded (age 15-19),2017-2021,12.4,0.4,2.9,0.2,ACS 5-year 2017-2021 (S1701 age band: under 18; S2701 age band: under 19),2017-2021,West,2017-2021
Washington,Two or more races,5.422925138424141,0.5878986944457305,reliable,Two or more races,"Two or more races, non-Hispanic",True,53,NCES Digest Table 219.85b,2017-2021,1143.0,93543.0,12.218979506750907,reliable,False,CDC WONDER Natality 2016-2024 Expanded (age 15-19),2017-2021,12.4,0.4,2.9,0.2,ACS 5-year 2017-2021 (S1701 age band: under 18; S2701 age band: under 19),2017-2021,West,2017-2021
West Virginia,Total,5.018396466283116,0.32820994063725323,reliable,Total,"all races/ethnicities combined (per NCES footnote, includes small groups not shown separately)",True,54,NCES Digest Table 219.85b,2017-2021,,,,,,,,22.4,0.9,3.0,0.3,ACS 5-year 2017-2021 (S1701 age band: under 18; S2701 age band: under 19),2017-2021,South,2017-2021
West Virginia,American Indian/Alaska Native,,,suppressed_reporting_standards_not_met,American Indian/Alaska Native,"American Indian/Alaska Native, non-Hispanic",True,54,NCES Digest Table 219.85b,2017-2021,,,,suppressed_or_incomplete_5yr_window,False,CDC WONDER Natality 2016-2024 Expanded (age 15-19),2017-2021,22.4,0.9,3.0,0.3,ACS 5-year 2017-2021 (S1701 age band: under 18; S2701 age band: under 19),2017-2021,South,2017-2021
West Virginia,Asian,,,suppressed_reporting_standards_not_met,Asian,"Asian, non-Hispanic",True,54,NCES Digest Table 219.85b,2017-2021,,,,suppressed_or_incomplete_5yr_window,False,CDC WONDER Natality 2016-2024 Expanded (age 15-19),2017-2021,22.4,0.9,3.0,0.3,ACS 5-year 2017-2021 (S1701 age band: under 18; S2701 age band: under 19),2017-2021,South,2017-2021
West Virginia,Black,5.37117903930131,1.1722873450059754,reliable,Black,"Black, non-Hispanic",True,54,NCES Digest Table 219.85b,2017-2021,221.0,11009.0,20.07448451267145,reliable,False,CDC WONDER Natality 2016-2024 Expanded (age 15-19),2017-2021,22.4,0.9,3.0,0.3,ACS 5-year 2017-2021 (S1701 age band: under 18; S2701 age band: under 19),2017-2021,South,2017-2021
West Virginia,Hispanic,6.909966654316413,2.23954629138958,unreliable_cv_30_50pct,Hispanic,"Hispanic, any race",True,54,NCES Digest Table 219.85b,2017-2021,,,,,,,,22.4,0.9,3.0,0.3,ACS 5-year 2017-2021 (S1701 age band: under 18; S2701 age band: under 19),2017-2021,South,2017-2021
West Virginia,Pacific Islander,,,suppressed_reporting_standards_not_met,Pacific Islander,"Native Hawaiian/Pacific Islander, non-Hispanic",True,54,NCES Digest Table 219.85b,2017-2021,,,,suppressed_or_incomplete_5yr_window,False,CDC WONDER Natality 2016-2024 Expanded (age 15-19),2017-2021,22.4,0.9,3.0,0.3,ACS 5-year 2017-2021 (S1701 age band: under 18; S2701 age band: under 19),2017-2021,South,2017-2021
West Virginia,White,4.902902079118518,0.340035124991556,reliable,White,"White, non-Hispanic",True,54,NCES Digest Table 219.85b,2017-2021,5761.0,234659.0,24.55051798567283,reliable,False,CDC WONDER Natality 2016-2024 Expanded (age 15-19),2017-2021,22.4,0.9,3.0,0.3,ACS 5-year 2017-2021 (S1701 age band: under 18; S2701 age band: under 19),2017-2021,South,2017-2021
West Virginia,Two or more races,6.778370144706779,1.9010430932039315,reliable,Two or more races,"Two or more races, non-Hispanic",True,54,NCES Digest Table 219.85b,2017-2021,246.0,9045.0,27.197346600331674,reliable,False,CDC WONDER Natality 2016-2024 Expanded (age 15-19),2017-2021,22.4,0.9,3.0,0.3,ACS 5-year 2017-2021 (S1701 age band: under 18; S2701 age band: under 19),2017-2021,South,2017-2021
Wisconsin,Total,4.365282846389522,0.18315546899814747,reliable,Total,"all races/ethnicities combined (per NCES footnote, includes small groups not shown separately)",True,55,NCES Digest Table 219.85b,2017-2021,,,,,,,,13.5,0.4,3.9,0.1,ACS 5-year 2017-2021 (S1701 age band: under 18; S2701 age band: under 19),2017-2021,Midwest,2017-2021
Wisconsin,American Indian/Alaska Native,5.628924009525871,1.7255812348153015,unreliable_cv_30_50pct,American Indian/Alaska Native,"American Indian/Alaska Native, non-Hispanic",True,55,NCES Digest Table 219.85b,2017-2021,294.0,13019.0,22.58237959904755,reliable,False,CDC WONDER Natality 2016-2024 Expanded (age 15-19),2017-2021,13.5,0.4,3.9,0.1,ACS 5-year 2017-2021 (S1701 age band: under 18; S2701 age band: under 19),2017-2021,Midwest,2017-2021
Wisconsin,Asian,1.6495717457967642,0.49794167662527056,unreliable_cv_30_50pct,Asian,"Asian, non-Hispanic",True,55,NCES Digest Table 219.85b,2017-2021,308.0,35028.0,8.792965627498,reliable,False,CDC WONDER Natality 2016-2024 Expanded (age 15-19),2017-2021,13.5,0.4,3.9,0.1,ACS 5-year 2017-2021 (S1701 age band: under 18; S2701 age band: under 19),2017-2021,Midwest,2017-2021
Wisconsin,Black,10.779267989362312,1.1751937025268242,reliable,Black,"Black, non-Hispanic",True,55,NCES Digest Table 219.85b,2017-2021,3186.0,76063.0,41.88633106766759,reliable,False,CDC WONDER Natality 2016-2024 Expanded (age 15-19),2017-2021,13.5,0.4,3.9,0.1,ACS 5-year 2017-2021 (S1701 age band: under 18; S2701 age band: under 19),2017-2021,Midwest,2017-2021
Wisconsin,Hispanic,7.898606128330295,0.6969152545043831,reliable,Hispanic,"Hispanic, any race",True,55,NCES Digest Table 219.85b,2017-2021,,,,,,,,13.5,0.4,3.9,0.1,ACS 5-year 2017-2021 (S1701 age band: under 18; S2701 age band: under 19),2017-2021,Midwest,2017-2021
Wisconsin,Pacific Islander,,,suppressed_reporting_standards_not_met,Pacific Islander,"Native Hawaiian/Pacific Islander, non-Hispanic",True,55,NCES Digest Table 219.85b,2017-2021,,,,suppressed_or_incomplete_5yr_window,False,CDC WONDER Natality 2016-2024 Expanded (age 15-19),2017-2021,13.5,0.4,3.9,0.1,ACS 5-year 2017-2021 (S1701 age band: under 18; S2701 age band: under 19),2017-2021,Midwest,2017-2021
Wisconsin,White,3.3768070818774816,0.17227105264329784,reliable,White,"White, non-Hispanic",True,55,NCES Digest Table 219.85b,2017-2021,6823.0,770019.0,8.860820317420739,reliable,False,CDC WONDER Natality 2016-2024 Expanded (age 15-19),2017-2021,13.5,0.4,3.9,0.1,ACS 5-year 2017-2021 (S1701 age band: under 18; S2701 age band: under 19),2017-2021,Midwest,2017-2021
Wisconsin,Two or more races,4.659248956884562,0.8023302813537008,reliable,Two or more races,"Two or more races, non-Hispanic",True,55,NCES Digest Table 219.85b,2017-2021,693.0,35138.0,19.722238032898858,reliable,False,CDC WONDER Natality 2016-2024 Expanded (age 15-19),2017-2021,13.5,0.4,3.9,0.1,ACS 5-year 2017-2021 (S1701 age band: under 18; S2701 age band: under 19),2017-2021,Midwest,2017-2021
Wyoming,Total,4.015565367058295,0.5457102362181683,reliable,Total,"all races/ethnicities combined (per NCES footnote, includes small groups not shown separately)",True,56,NCES Digest Table 219.85b,2017-2021,,,,,,,,12.8,1.1,9.3,1.0,ACS 5-year 2017-2021 (S1701 age band: under 18; S2701 age band: under 19),2017-2021,West,2017-2021
Wyoming,American Indian/Alaska Native,11.42513529765484,2.5251378393568498,reliable,American Indian/Alaska Native,"American Indian/Alaska Native, non-Hispanic",True,56,NCES Digest Table 219.85b,2017-2021,143.0,3189.0,44.841643148322355,reliable,False,CDC WONDER Natality 2016-2024 Expanded (age 15-19),2017-2021,12.8,1.1,9.3,1.0,ACS 5-year 2017-2021 (S1701 age band: under 18; S2701 age band: under 19),2017-2021,West,2017-2021
Wyoming,Asian,,,suppressed_reporting_standards_not_met,Asian,"Asian, non-Hispanic",True,56,NCES Digest Table 219.85b,2017-2021,,,,suppressed_or_incomplete_5yr_window,False,CDC WONDER Natality 2016-2024 Expanded (age 15-19),2017-2021,12.8,1.1,9.3,1.0,ACS 5-year 2017-2021 (S1701 age band: under 18; S2701 age band: under 19),2017-2021,West,2017-2021
Wyoming,Black,,,suppressed_reporting_standards_not_met,Black,"Black, non-Hispanic",True,56,NCES Digest Table 219.85b,2017-2021,,,,suppressed_or_incomplete_5yr_window,False,CDC WONDER Natality 2016-2024 Expanded (age 15-19),2017-2021,12.8,1.1,9.3,1.0,ACS 5-year 2017-2021 (S1701 age band: under 18; S2701 age band: under 19),2017-2021,West,2017-2021
Wyoming,Hispanic,3.578506936798062,1.2933270268569905,unreliable_cv_30_50pct,Hispanic,"Hispanic, any race",True,56,NCES Digest Table 219.85b,2017-2021,,,,,,,,12.8,1.1,9.3,1.0,ACS 5-year 2017-2021 (S1701 age band: under 18; S2701 age band: under 19),2017-2021,West,2017-2021
Wyoming,Pacific Islander,,,suppressed_reporting_standards_not_met,Pacific Islander,"Native Hawaiian/Pacific Islander, non-Hispanic",True,56,NCES Digest Table 219.85b,2017-2021,,,,suppressed_or_incomplete_5yr_window,False,CDC WONDER Natality 2016-2024 Expanded (age 15-19),2017-2021,12.8,1.1,9.3,1.0,ACS 5-year 2017-2021 (S1701 age band: under 18; S2701 age band: under 19),2017-2021,West,2017-2021
Wyoming,White,3.8150556724107982,0.6720833054714411,reliable,White,"White, non-Hispanic",True,56,NCES Digest Table 219.85b,2017-2021,1494.0,79976.0,18.680604181254377,reliable,False,CDC WONDER Natality 2016-2024 Expanded (age 15-19),2017-2021,12.8,1.1,9.3,1.0,ACS 5-year 2017-2021 (S1701 age band: under 18; S2701 age band: under 19),2017-2021,West,2017-2021
Wyoming,Two or more races,,,suppressed_reporting_standards_not_met,Two or more races,"Two or more races, non-Hispanic",True,56,NCES Digest Table 219.85b,2017-2021,,,,suppressed_or_incomplete_5yr_window,False,CDC WONDER Natality 2016-2024 Expanded (age 15-19),2017-2021,12.8,1.1,9.3,1.0,ACS 5-year 2017-2021 (S1701 age band: under 18; S2701 age band: under 19),2017-2021,West,2017-2021
