"Notes","State of Residence","State of Residence Code","Mother's Single Race 6","Mother's Single Race 6 Code","Year","Year Code",Births,Female Population,Fertility Rate
,"Alabama","01","American Indian or Alaska Native","1002-5","2016","2016",14,1211,11.56
,"Alabama","01","American Indian or Alaska Native","1002-5","2017","2017",Suppressed,1213,Suppressed
,"Alabama","01","American Indian or Alaska Native","1002-5","2018","2018",15,1173,12.79
,"Alabama","01","American Indian or Alaska Native","1002-5","2019","2019",22,1170,18.80
,"Alabama","01","American Indian or Alaska Native","1002-5","2020","2020",17,1162,14.63
,"Alabama","01","American Indian or Alaska Native","1002-5","2021","2021",12,1188,10.10
,"Alabama","01","American Indian or Alaska Native","1002-5","2022","2022",12,1180,10.17
,"Alabama","01","American Indian or Alaska Native","1002-5","2023","2023",19,1268,14.98
,"Alabama","01","American Indian or Alaska Native","1002-5","2024","2024",29,1315,22.05
,"Alabama","01","Asian","A","2016","2016",14,2302,6.08
,"Alabama","01","Asian","A","2017","2017",Suppressed,2527,Suppressed
,"Alabama","01","Asian","A","2018","2018",10,2646,3.78
,"Alabama","01","Asian","A","2019","2019",13,2559,5.08
,"Alabama","01","Asian","A","2020","2020",11,2582,4.26
,"Alabama","01","Asian","A","2021","2021",Suppressed,2685,Suppressed
,"Alabama","01","Asian","A","2022","2022",Suppressed,2794,Suppressed
,"Alabama","01","Asian","A","2023","2023",Suppressed,2682,Suppressed
,"Alabama","01","Asian","A","2024","2024",11,2617,4.20
,"Alabama","01","Black or African American","2054-5","2016","2016",1762,49586,35.53
,"Alabama","01","Black or African American","2054-5","2017","2017",1610,49018,32.85
,"Alabama","01","Black or African American","2054-5","2018","2018",1527,48041,31.79
,"Alabama","01","Black or African American","2054-5","2019","2019",1557,47351,32.88
,"Alabama","01","Black or African American","2054-5","2020","2020",1458,46076,31.64
,"Alabama","01","Black or African American","2054-5","2021","2021",1378,47763,28.85
,"Alabama","01","Black or African American","2054-5","2022","2022",1169,49360,23.68
,"Alabama","01","Black or African American","2054-5","2023","2023",1167,50963,22.90
,"Alabama","01","Black or African American","2054-5","2024","2024",1023,51624,19.82
,"Alabama","01","Native Hawaiian or Other Pacific Islander","NHOPI","2016","2016",17,207,82.13
,"Alabama","01","Native Hawaiian or Other Pacific Islander","NHOPI","2017","2017",11,243,45.27
,"Alabama","01","Native Hawaiian or Other Pacific Islander","NHOPI","2018","2018",17,249,68.27
,"Alabama","01","Native Hawaiian or Other Pacific Islander","NHOPI","2019","2019",Suppressed,244,Suppressed
,"Alabama","01","Native Hawaiian or Other Pacific Islander","NHOPI","2020","2020",Suppressed,218,Suppressed
,"Alabama","01","Native Hawaiian or Other Pacific Islander","NHOPI","2021","2021",Suppressed,206,Suppressed
,"Alabama","01","Native Hawaiian or Other Pacific Islander","NHOPI","2022","2022",Suppressed,239,Suppressed
,"Alabama","01","Native Hawaiian or Other Pacific Islander","NHOPI","2023","2023",Suppressed,286,Suppressed
,"Alabama","01","Native Hawaiian or Other Pacific Islander","NHOPI","2024","2024",10,311,32.15
,"Alabama","01","White","2106-3","2016","2016",2543,100856,25.21
,"Alabama","01","White","2106-3","2017","2017",2501,100131,24.98
,"Alabama","01","White","2106-3","2018","2018",2246,99515,22.57
,"Alabama","01","White","2106-3","2019","2019",2239,99059,22.60
,"Alabama","01","White","2106-3","2020","2020",2171,98492,22.04
,"Alabama","01","White","2106-3","2021","2021",2124,102831,20.66
,"Alabama","01","White","2106-3","2022","2022",2128,106034,20.07
,"Alabama","01","White","2106-3","2023","2023",2092,109420,19.12
,"Alabama","01","White","2106-3","2024","2024",2107,110741,19.03
,"Alabama","01","More than one race","M","2016","2016",130,3846,33.80
,"Alabama","01","More than one race","M","2017","2017",104,3940,26.40
,"Alabama","01","More than one race","M","2018","2018",109,4073,26.76
,"Alabama","01","More than one race","M","2019","2019",117,4146,28.22
,"Alabama","01","More than one race","M","2020","2020",123,4323,28.45
,"Alabama","01","More than one race","M","2021","2021",111,4640,23.92
,"Alabama","01","More than one race","M","2022","2022",124,4972,24.94
,"Alabama","01","More than one race","M","2023","2023",122,5405,22.57
,"Alabama","01","More than one race","M","2024","2024",107,5655,18.92
,"Alabama","01","Unknown or Not Stated","UNK","2016","2016",0,Not Available,Not Available
,"Alabama","01","Unknown or Not Stated","UNK","2017","2017",0,Not Available,Not Available
,"Alabama","01","Unknown or Not Stated","UNK","2018","2018",0,Not Available,Not Available
,"Alabama","01","Unknown or Not Stated","UNK","2019","2019",0,Not Available,Not Available
,"Alabama","01","Unknown or Not Stated","UNK","2020","2020",0,Not Available,Not Available
,"Alabama","01","Unknown or Not Stated","UNK","2021","2021",0,Not Available,Not Available
,"Alabama","01","Unknown or Not Stated","UNK","2022","2022",0,Not Available,Not Available
,"Alabama","01","Unknown or Not Stated","UNK","2023","2023",0,Not Available,Not Available
,"Alabama","01","Unknown or Not Stated","UNK","2024","2024",0,Not Available,Not Available
,"Alabama","01","Not Available","NA","2016","2016",0,Not Available,Not Available
,"Alabama","01","Not Available","NA","2017","2017",0,Not Available,Not Available
,"Alabama","01","Not Available","NA","2018","2018",0,Not Available,Not Available
,"Alabama","01","Not Available","NA","2019","2019",0,Not Available,Not Available
,"Alabama","01","Not Available","NA","2020","2020",0,Not Available,Not Available
,"Alabama","01","Not Available","NA","2021","2021",0,Not Available,Not Available
,"Alabama","01","Not Available","NA","2022","2022",0,Not Available,Not Available
,"Alabama","01","Not Available","NA","2023","2023",0,Not Available,Not Available
,"Alabama","01","Not Available","NA","2024","2024",0,Not Available,Not Available
,"Alabama","01","Not Reported","NR","2016","2016",0,Not Available,Not Available
,"Alabama","01","Not Reported","NR","2017","2017",0,Not Available,Not Available
,"Alabama","01","Not Reported","NR","2018","2018",0,Not Available,Not Available
,"Alabama","01","Not Reported","NR","2019","2019",0,Not Available,Not Available
,"Alabama","01","Not Reported","NR","2020","2020",0,Not Available,Not Available
,"Alabama","01","Not Reported","NR","2021","2021",0,Not Available,Not Available
,"Alabama","01","Not Reported","NR","2022","2022",0,Not Available,Not Available
,"Alabama","01","Not Reported","NR","2023","2023",0,Not Available,Not Available
,"Alabama","01","Not Reported","NR","2024","2024",0,Not Available,Not Available
,"Alaska","02","American Indian or Alaska Native","1002-5","2016","2016",213,4428,48.10
,"Alaska","02","American Indian or Alaska Native","1002-5","2017","2017",191,4446,42.96
,"Alaska","02","American Indian or Alaska Native","1002-5","2018","2018",160,4392,36.43
,"Alaska","02","American Indian or Alaska Native","1002-5","2019","2019",155,4361,35.54
,"Alaska","02","American Indian or Alaska Native","1002-5","2020","2020",143,4341,32.94
,"Alaska","02","American Indian or Alaska Native","1002-5","2021","2021",172,4427,38.85
,"Alaska","02","American Indian or Alaska Native","1002-5","2022","2022",152,4363,34.84
,"Alaska","02","American Indian or Alaska Native","1002-5","2023","2023",135,4415,30.58
,"Alaska","02","American Indian or Alaska Native","1002-5","2024","2024",130,4536,28.66
,"Alaska","02","Asian","A","2016","2016",42,1597,26.30
,"Alaska","02","Asian","A","2017","2017",31,1531,20.25
,"Alaska","02","Asian","A","2018","2018",24,1724,13.92
,"Alaska","02","Asian","A","2019","2019",22,1619,13.59
,"Alaska","02","Asian","A","2020","2020",10,1570,6.37
,"Alaska","02","Asian","A","2021","2021",16,1526,10.48
,"Alaska","02","Asian","A","2022","2022",13,1409,9.23
,"Alaska","02","Asian","A","2023","2023",10,1308,7.65
,"Alaska","02","Asian","A","2024","2024",Suppressed,1228,Suppressed
,"Alaska","02","Black or African American","2054-5","2016","2016",18,922,19.52
,"Alaska","02","Black or African American","2054-5","2017","2017",14,904,15.49
,"Alaska","02","Black or African American","2054-5","2018","2018",18,857,21.00
,"Alaska","02","Black or African American","2054-5","2019","2019",10,764,13.09
,"Alaska","02","Black or African American","2054-5","2020","2020",13,735,17.69
,"Alaska","02","Black or African American","2054-5","2021","2021",Suppressed,739,Suppressed
,"Alaska","02","Black or African American","2054-5","2022","2022",10,686,14.58
,"Alaska","02","Black or African American","2054-5","2023","2023",Suppressed,684,Suppressed
,"Alaska","02","Black or African American","2054-5","2024","2024",Suppressed,719,Suppressed
,"Alaska","02","Native Hawaiian or Other Pacific Islander","NHOPI","2016","2016",26,405,64.20
,"Alaska","02","Native Hawaiian or Other Pacific Islander","NHOPI","2017","2017",28,437,64.07
,"Alaska","02","Native Hawaiian or Other Pacific Islander","NHOPI","2018","2018",Suppressed,444,Suppressed
,"Alaska","02","Native Hawaiian or Other Pacific Islander","NHOPI","2019","2019",26,459,56.64
,"Alaska","02","Native Hawaiian or Other Pacific Islander","NHOPI","2020","2020",22,506,43.48
,"Alaska","02","Native Hawaiian or Other Pacific Islander","NHOPI","2021","2021",14,544,25.74
,"Alaska","02","Native Hawaiian or Other Pacific Islander","NHOPI","2022","2022",14,539,25.97
,"Alaska","02","Native Hawaiian or Other Pacific Islander","NHOPI","2023","2023",20,535,37.38
,"Alaska","02","Native Hawaiian or Other Pacific Islander","NHOPI","2024","2024",22,555,39.64
,"Alaska","02","White","2106-3","2016","2016",210,12492,16.81
,"Alaska","02","White","2106-3","2017","2017",156,12008,12.99
,"Alaska","02","White","2106-3","2018","2018",144,11768,12.24
,"Alaska","02","White","2106-3","2019","2019",119,11494,10.35
,"Alaska","02","White","2106-3","2020","2020",127,11394,11.15
,"Alaska","02","White","2106-3","2021","2021",113,11479,9.84
,"Alaska","02","White","2106-3","2022","2022",118,11236,10.50
,"Alaska","02","White","2106-3","2023","2023",97,11453,8.47
,"Alaska","02","White","2106-3","2024","2024",99,11735,8.44
,"Alaska","02","More than one race","M","2016","2016",74,2766,26.75
,"Alaska","02","More than one race","M","2017","2017",66,2767,23.85
,"Alaska","02","More than one race","M","2018","2018",68,2771,24.54
,"Alaska","02","More than one race","M","2019","2019",61,2819,21.64
,"Alaska","02","More than one race","M","2020","2020",63,2842,22.17
,"Alaska","02","More than one race","M","2021","2021",55,2896,18.99
,"Alaska","02","More than one race","M","2022","2022",50,2920,17.12
,"Alaska","02","More than one race","M","2023","2023",75,3017,24.86
,"Alaska","02","More than one race","M","2024","2024",51,3087,16.52
,"Alaska","02","Unknown or Not Stated","UNK","2016","2016",0,Not Available,Not Available
,"Alaska","02","Unknown or Not Stated","UNK","2017","2017",0,Not Available,Not Available
,"Alaska","02","Unknown or Not Stated","UNK","2018","2018",0,Not Available,Not Available
,"Alaska","02","Unknown or Not Stated","UNK","2019","2019",0,Not Available,Not Available
,"Alaska","02","Unknown or Not Stated","UNK","2020","2020",0,Not Available,Not Available
,"Alaska","02","Unknown or Not Stated","UNK","2021","2021",0,Not Available,Not Available
,"Alaska","02","Unknown or Not Stated","UNK","2022","2022",0,Not Available,Not Available
,"Alaska","02","Unknown or Not Stated","UNK","2023","2023",0,Not Available,Not Available
,"Alaska","02","Unknown or Not Stated","UNK","2024","2024",0,Not Available,Not Available
,"Alaska","02","Not Available","NA","2016","2016",0,Not Available,Not Available
,"Alaska","02","Not Available","NA","2017","2017",0,Not Available,Not Available
,"Alaska","02","Not Available","NA","2018","2018",0,Not Available,Not Available
,"Alaska","02","Not Available","NA","2019","2019",0,Not Available,Not Available
,"Alaska","02","Not Available","NA","2020","2020",0,Not Available,Not Available
,"Alaska","02","Not Available","NA","2021","2021",0,Not Available,Not Available
,"Alaska","02","Not Available","NA","2022","2022",0,Not Available,Not Available
,"Alaska","02","Not Available","NA","2023","2023",0,Not Available,Not Available
,"Alaska","02","Not Available","NA","2024","2024",0,Not Available,Not Available
,"Alaska","02","Not Reported","NR","2016","2016",0,Not Available,Not Available
,"Alaska","02","Not Reported","NR","2017","2017",0,Not Available,Not Available
,"Alaska","02","Not Reported","NR","2018","2018",0,Not Available,Not Available
,"Alaska","02","Not Reported","NR","2019","2019",0,Not Available,Not Available
,"Alaska","02","Not Reported","NR","2020","2020",0,Not Available,Not Available
,"Alaska","02","Not Reported","NR","2021","2021",0,Not Available,Not Available
,"Alaska","02","Not Reported","NR","2022","2022",0,Not Available,Not Available
,"Alaska","02","Not Reported","NR","2023","2023",0,Not Available,Not Available
,"Alaska","02","Not Reported","NR","2024","2024",0,Not Available,Not Available
,"Arizona","04","American Indian or Alaska Native","1002-5","2016","2016",527,15301,34.44
,"Arizona","04","American Indian or Alaska Native","1002-5","2017","2017",508,15051,33.75
,"Arizona","04","American Indian or Alaska Native","1002-5","2018","2018",449,15106,29.72
,"Arizona","04","American Indian or Alaska Native","1002-5","2019","2019",395,15321,25.78
,"Arizona","04","American Indian or Alaska Native","1002-5","2020","2020",341,15478,22.03
,"Arizona","04","American Indian or Alaska Native","1002-5","2021","2021",325,15646,20.77
,"Arizona","04","American Indian or Alaska Native","1002-5","2022","2022",286,15646,18.28
,"Arizona","04","American Indian or Alaska Native","1002-5","2023","2023",318,16207,19.62
,"Arizona","04","American Indian or Alaska Native","1002-5","2024","2024",308,16487,18.68
,"Arizona","04","Asian","A","2016","2016",44,7321,6.01
,"Arizona","04","Asian","A","2017","2017",40,7768,5.15
,"Arizona","04","Asian","A","2018","2018",32,8122,3.94
,"Arizona","04","Asian","A","2019","2019",37,8085,4.58
,"Arizona","04","Asian","A","2020","2020",21,8149,2.58
,"Arizona","04","Asian","A","2021","2021",13,8096,1.61
,"Arizona","04","Asian","A","2022","2022",29,8419,3.44
,"Arizona","04","Asian","A","2023","2023",18,8856,2.03
,"Arizona","04","Asian","A","2024","2024",17,9891,1.72
,"Arizona","04","Black or African American","2054-5","2016","2016",324,12799,25.31
,"Arizona","04","Black or African American","2054-5","2017","2017",332,13056,25.43
,"Arizona","04","Black or African American","2054-5","2018","2018",282,13420,21.01
,"Arizona","04","Black or African American","2054-5","2019","2019",287,13760,20.86
,"Arizona","04","Black or African American","2054-5","2020","2020",264,14084,18.74
,"Arizona","04","Black or African American","2054-5","2021","2021",224,14284,15.68
,"Arizona","04","Black or African American","2054-5","2022","2022",260,14598,17.81
,"Arizona","04","Black or African American","2054-5","2023","2023",238,15440,15.41
,"Arizona","04","Black or African American","2054-5","2024","2024",226,16439,13.75
,"Arizona","04","Native Hawaiian or Other Pacific Islander","NHOPI","2016","2016",Suppressed,706,Suppressed
,"Arizona","04","Native Hawaiian or Other Pacific Islander","NHOPI","2017","2017",16,702,22.79
,"Arizona","04","Native Hawaiian or Other Pacific Islander","NHOPI","2018","2018",14,706,19.83
,"Arizona","04","Native Hawaiian or Other Pacific Islander","NHOPI","2019","2019",Suppressed,723,Suppressed
,"Arizona","04","Native Hawaiian or Other Pacific Islander","NHOPI","2020","2020",Suppressed,730,Suppressed
,"Arizona","04","Native Hawaiian or Other Pacific Islander","NHOPI","2021","2021",Suppressed,731,Suppressed
,"Arizona","04","Native Hawaiian or Other Pacific Islander","NHOPI","2022","2022",Suppressed,756,Suppressed
,"Arizona","04","Native Hawaiian or Other Pacific Islander","NHOPI","2023","2023",14,776,18.04
,"Arizona","04","Native Hawaiian or Other Pacific Islander","NHOPI","2024","2024",Suppressed,776,Suppressed
,"Arizona","04","White","2106-3","2016","2016",4260,181239,23.50
,"Arizona","04","White","2106-3","2017","2017",3959,181502,21.81
,"Arizona","04","White","2106-3","2018","2018",3714,183680,20.22
,"Arizona","04","White","2106-3","2019","2019",3407,184631,18.45
,"Arizona","04","White","2106-3","2020","2020",3130,185534,16.87
,"Arizona","04","White","2106-3","2021","2021",2830,184871,15.31
,"Arizona","04","White","2106-3","2022","2022",2823,184440,15.31
,"Arizona","04","White","2106-3","2023","2023",2727,187143,14.57
,"Arizona","04","White","2106-3","2024","2024",2700,188123,14.35
,"Arizona","04","More than one race","M","2016","2016",193,10058,19.19
,"Arizona","04","More than one race","M","2017","2017",170,10252,16.58
,"Arizona","04","More than one race","M","2018","2018",159,10601,15.00
,"Arizona","04","More than one race","M","2019","2019",185,10974,16.86
,"Arizona","04","More than one race","M","2020","2020",151,11514,13.11
,"Arizona","04","More than one race","M","2021","2021",150,11874,12.63
,"Arizona","04","More than one race","M","2022","2022",156,12358,12.62
,"Arizona","04","More than one race","M","2023","2023",146,13024,11.21
,"Arizona","04","More than one race","M","2024","2024",153,13419,11.40
,"Arizona","04","Unknown or Not Stated","UNK","2016","2016",0,Not Available,Not Available
,"Arizona","04","Unknown or Not Stated","UNK","2017","2017",0,Not Available,Not Available
,"Arizona","04","Unknown or Not Stated","UNK","2018","2018",0,Not Available,Not Available
,"Arizona","04","Unknown or Not Stated","UNK","2019","2019",0,Not Available,Not Available
,"Arizona","04","Unknown or Not Stated","UNK","2020","2020",0,Not Available,Not Available
,"Arizona","04","Unknown or Not Stated","UNK","2021","2021",0,Not Available,Not Available
,"Arizona","04","Unknown or Not Stated","UNK","2022","2022",0,Not Available,Not Available
,"Arizona","04","Unknown or Not Stated","UNK","2023","2023",0,Not Available,Not Available
,"Arizona","04","Unknown or Not Stated","UNK","2024","2024",0,Not Available,Not Available
,"Arizona","04","Not Available","NA","2016","2016",0,Not Available,Not Available
,"Arizona","04","Not Available","NA","2017","2017",0,Not Available,Not Available
,"Arizona","04","Not Available","NA","2018","2018",0,Not Available,Not Available
,"Arizona","04","Not Available","NA","2019","2019",0,Not Available,Not Available
,"Arizona","04","Not Available","NA","2020","2020",0,Not Available,Not Available
,"Arizona","04","Not Available","NA","2021","2021",0,Not Available,Not Available
,"Arizona","04","Not Available","NA","2022","2022",0,Not Available,Not Available
,"Arizona","04","Not Available","NA","2023","2023",0,Not Available,Not Available
,"Arizona","04","Not Available","NA","2024","2024",0,Not Available,Not Available
,"Arizona","04","Not Reported","NR","2016","2016",0,Not Available,Not Available
,"Arizona","04","Not Reported","NR","2017","2017",0,Not Available,Not Available
,"Arizona","04","Not Reported","NR","2018","2018",0,Not Available,Not Available
,"Arizona","04","Not Reported","NR","2019","2019",0,Not Available,Not Available
,"Arizona","04","Not Reported","NR","2020","2020",0,Not Available,Not Available
,"Arizona","04","Not Reported","NR","2021","2021",0,Not Available,Not Available
,"Arizona","04","Not Reported","NR","2022","2022",0,Not Available,Not Available
,"Arizona","04","Not Reported","NR","2023","2023",0,Not Available,Not Available
,"Arizona","04","Not Reported","NR","2024","2024",0,Not Available,Not Available
,"Arkansas","05","American Indian or Alaska Native","1002-5","2016","2016",29,1099,26.39
,"Arkansas","05","American Indian or Alaska Native","1002-5","2017","2017",29,1115,26.01
,"Arkansas","05","American Indian or Alaska Native","1002-5","2018","2018",29,1076,26.95
,"Arkansas","05","American Indian or Alaska Native","1002-5","2019","2019",15,1110,13.51
,"Arkansas","05","American Indian or Alaska Native","1002-5","2020","2020",17,1093,15.55
,"Arkansas","05","American Indian or Alaska Native","1002-5","2021","2021",18,1146,15.71
,"Arkansas","05","American Indian or Alaska Native","1002-5","2022","2022",26,1160,22.41
,"Arkansas","05","American Indian or Alaska Native","1002-5","2023","2023",23,1291,17.82
,"Arkansas","05","American Indian or Alaska Native","1002-5","2024","2024",12,1394,8.61
,"Arkansas","05","Asian","A","2016","2016",15,1462,10.26
,"Arkansas","05","Asian","A","2017","2017",18,1509,11.93
,"Arkansas","05","Asian","A","2018","2018",13,1566,8.30
,"Arkansas","05","Asian","A","2019","2019",19,1658,11.46
,"Arkansas","05","Asian","A","2020","2020",15,1666,9.00
,"Arkansas","05","Asian","A","2021","2021",10,1662,6.02
,"Arkansas","05","Asian","A","2022","2022",17,1716,9.91
,"Arkansas","05","Asian","A","2023","2023",11,1797,6.12
,"Arkansas","05","Asian","A","2024","2024",10,1779,5.62
,"Arkansas","05","Black or African American","2054-5","2016","2016",882,18715,47.13
,"Arkansas","05","Black or African American","2054-5","2017","2017",828,18424,44.94
,"Arkansas","05","Black or African American","2054-5","2018","2018",800,18019,44.40
,"Arkansas","05","Black or African American","2054-5","2019","2019",795,17670,44.99
,"Arkansas","05","Black or African American","2054-5","2020","2020",741,17579,42.15
,"Arkansas","05","Black or African American","2054-5","2021","2021",716,17823,40.17
,"Arkansas","05","Black or African American","2054-5","2022","2022",625,17874,34.97
,"Arkansas","05","Black or African American","2054-5","2023","2023",626,18413,34.00
,"Arkansas","05","Black or African American","2054-5","2024","2024",562,18463,30.44
,"Arkansas","05","Native Hawaiian or Other Pacific Islander","NHOPI","2016","2016",42,417,100.72
,"Arkansas","05","Native Hawaiian or Other Pacific Islander","NHOPI","2017","2017",47,381,123.36
,"Arkansas","05","Native Hawaiian or Other Pacific Islander","NHOPI","2018","2018",35,455,76.92
,"Arkansas","05","Native Hawaiian or Other Pacific Islander","NHOPI","2019","2019",56,518,108.11
,"Arkansas","05","Native Hawaiian or Other Pacific Islander","NHOPI","2020","2020",37,581,63.68
,"Arkansas","05","Native Hawaiian or Other Pacific Islander","NHOPI","2021","2021",55,635,86.61
,"Arkansas","05","Native Hawaiian or Other Pacific Islander","NHOPI","2022","2022",52,710,73.24
,"Arkansas","05","Native Hawaiian or Other Pacific Islander","NHOPI","2023","2023",45,733,61.39
,"Arkansas","05","Native Hawaiian or Other Pacific Islander","NHOPI","2024","2024",39,818,47.68
,"Arkansas","05","White","2106-3","2016","2016",2323,72733,31.94
,"Arkansas","05","White","2106-3","2017","2017",2155,72396,29.77
,"Arkansas","05","White","2106-3","2018","2018",1952,72183,27.04
,"Arkansas","05","White","2106-3","2019","2019",1904,71989,26.45
,"Arkansas","05","White","2106-3","2020","2020",1784,71879,24.82
,"Arkansas","05","White","2106-3","2021","2021",1729,73437,23.54
,"Arkansas","05","White","2106-3","2022","2022",1621,73840,21.95
,"Arkansas","05","White","2106-3","2023","2023",1638,75987,21.56
,"Arkansas","05","White","2106-3","2024","2024",1547,75804,20.41
,"Arkansas","05","More than one race","M","2016","2016",81,2933,27.62
,"Arkansas","05","More than one race","M","2017","2017",101,3017,33.48
,"Arkansas","05","More than one race","M","2018","2018",99,3053,32.43
,"Arkansas","05","More than one race","M","2019","2019",93,3227,28.82
,"Arkansas","05","More than one race","M","2020","2020",82,3327,24.65
,"Arkansas","05","More than one race","M","2021","2021",81,3586,22.59
,"Arkansas","05","More than one race","M","2022","2022",99,3797,26.07
,"Arkansas","05","More than one race","M","2023","2023",93,4073,22.83
,"Arkansas","05","More than one race","M","2024","2024",103,4239,24.30
,"Arkansas","05","Unknown or Not Stated","UNK","2016","2016",0,Not Available,Not Available
,"Arkansas","05","Unknown or Not Stated","UNK","2017","2017",0,Not Available,Not Available
,"Arkansas","05","Unknown or Not Stated","UNK","2018","2018",0,Not Available,Not Available
,"Arkansas","05","Unknown or Not Stated","UNK","2019","2019",0,Not Available,Not Available
,"Arkansas","05","Unknown or Not Stated","UNK","2020","2020",0,Not Available,Not Available
,"Arkansas","05","Unknown or Not Stated","UNK","2021","2021",0,Not Available,Not Available
,"Arkansas","05","Unknown or Not Stated","UNK","2022","2022",0,Not Available,Not Available
,"Arkansas","05","Unknown or Not Stated","UNK","2023","2023",0,Not Available,Not Available
,"Arkansas","05","Unknown or Not Stated","UNK","2024","2024",0,Not Available,Not Available
,"Arkansas","05","Not Available","NA","2016","2016",0,Not Available,Not Available
,"Arkansas","05","Not Available","NA","2017","2017",0,Not Available,Not Available
,"Arkansas","05","Not Available","NA","2018","2018",0,Not Available,Not Available
,"Arkansas","05","Not Available","NA","2019","2019",0,Not Available,Not Available
,"Arkansas","05","Not Available","NA","2020","2020",0,Not Available,Not Available
,"Arkansas","05","Not Available","NA","2021","2021",0,Not Available,Not Available
,"Arkansas","05","Not Available","NA","2022","2022",0,Not Available,Not Available
,"Arkansas","05","Not Available","NA","2023","2023",0,Not Available,Not Available
,"Arkansas","05","Not Available","NA","2024","2024",0,Not Available,Not Available
,"Arkansas","05","Not Reported","NR","2016","2016",0,Not Available,Not Available
,"Arkansas","05","Not Reported","NR","2017","2017",0,Not Available,Not Available
,"Arkansas","05","Not Reported","NR","2018","2018",0,Not Available,Not Available
,"Arkansas","05","Not Reported","NR","2019","2019",0,Not Available,Not Available
,"Arkansas","05","Not Reported","NR","2020","2020",0,Not Available,Not Available
,"Arkansas","05","Not Reported","NR","2021","2021",0,Not Available,Not Available
,"Arkansas","05","Not Reported","NR","2022","2022",0,Not Available,Not Available
,"Arkansas","05","Not Reported","NR","2023","2023",0,Not Available,Not Available
,"Arkansas","05","Not Reported","NR","2024","2024",0,Not Available,Not Available
,"California","06","American Indian or Alaska Native","1002-5","2016","2016",184,25113,7.33
,"California","06","American Indian or Alaska Native","1002-5","2017","2017",165,24822,6.65
,"California","06","American Indian or Alaska Native","1002-5","2018","2018",152,24634,6.17
,"California","06","American Indian or Alaska Native","1002-5","2019","2019",147,24632,5.97
,"California","06","American Indian or Alaska Native","1002-5","2020","2020",141,24714,5.71
,"California","06","American Indian or Alaska Native","1002-5","2021","2021",116,25516,4.55
,"California","06","American Indian or Alaska Native","1002-5","2022","2022",95,25785,3.68
,"California","06","American Indian or Alaska Native","1002-5","2023","2023",112,26961,4.15
,"California","06","American Indian or Alaska Native","1002-5","2024","2024",98,28547,3.43
,"California","06","Asian","A","2016","2016",534,159313,3.35
,"California","06","Asian","A","2017","2017",438,161554,2.71
,"California","06","Asian","A","2018","2018",377,163464,2.31
,"California","06","Asian","A","2019","2019",350,164949,2.12
,"California","06","Asian","A","2020","2020",352,164746,2.14
,"California","06","Asian","A","2021","2021",319,166626,1.91
,"California","06","Asian","A","2022","2022",284,168909,1.68
,"California","06","Asian","A","2023","2023",287,173453,1.65
,"California","06","Asian","A","2024","2024",265,179889,1.47
,"California","06","Black or African American","2054-5","2016","2016",1581,86072,18.37
,"California","06","Black or African American","2054-5","2017","2017",1439,84544,17.02
,"California","06","Black or African American","2054-5","2018","2018",1234,82398,14.98
,"California","06","Black or African American","2054-5","2019","2019",1214,80788,15.03
,"California","06","Black or African American","2054-5","2020","2020",1039,78746,13.19
,"California","06","Black or African American","2054-5","2021","2021",959,79734,12.03
,"California","06","Black or African American","2054-5","2022","2022",902,79278,11.38
,"California","06","Black or African American","2054-5","2023","2023",793,81530,9.73
,"California","06","Black or African American","2054-5","2024","2024",747,82392,9.07
,"California","06","Native Hawaiian or Other Pacific Islander","NHOPI","2016","2016",64,6916,9.25
,"California","06","Native Hawaiian or Other Pacific Islander","NHOPI","2017","2017",44,6791,6.48
,"California","06","Native Hawaiian or Other Pacific Islander","NHOPI","2018","2018",76,6611,11.50
,"California","06","Native Hawaiian or Other Pacific Islander","NHOPI","2019","2019",58,6603,8.78
,"California","06","Native Hawaiian or Other Pacific Islander","NHOPI","2020","2020",53,6639,7.98
,"California","06","Native Hawaiian or Other Pacific Islander","NHOPI","2021","2021",40,6674,5.99
,"California","06","Native Hawaiian or Other Pacific Islander","NHOPI","2022","2022",53,6680,7.93
,"California","06","Native Hawaiian or Other Pacific Islander","NHOPI","2023","2023",38,6936,5.48
,"California","06","Native Hawaiian or Other Pacific Islander","NHOPI","2024","2024",35,7269,4.81
,"California","06","White","2106-3","2016","2016",18002,911808,19.74
,"California","06","White","2106-3","2017","2017",15935,903160,17.64
,"California","06","White","2106-3","2018","2018",14273,894741,15.95
,"California","06","White","2106-3","2019","2019",12875,889107,14.48
,"California","06","White","2106-3","2020","2020",11333,880576,12.87
,"California","06","White","2106-3","2021","2021",10429,898954,11.60
,"California","06","White","2106-3","2022","2022",10339,889570,11.62
,"California","06","White","2106-3","2023","2023",9830,900423,10.92
,"California","06","White","2106-3","2024","2024",9450,902820,10.47
,"California","06","More than one race","M","2016","2016",1047,72662,14.41
,"California","06","More than one race","M","2017","2017",914,73228,12.48
,"California","06","More than one race","M","2018","2018",817,74015,11.04
,"California","06","More than one race","M","2019","2019",712,75437,9.44
,"California","06","More than one race","M","2020","2020",673,76853,8.76
,"California","06","More than one race","M","2021","2021",617,79847,7.73
,"California","06","More than one race","M","2022","2022",606,81187,7.46
,"California","06","More than one race","M","2023","2023",518,84639,6.12
,"California","06","More than one race","M","2024","2024",569,87304,6.52
,"California","06","Unknown or Not Stated","UNK","2016","2016",0,Not Available,Not Available
,"California","06","Unknown or Not Stated","UNK","2017","2017",0,Not Available,Not Available
,"California","06","Unknown or Not Stated","UNK","2018","2018",0,Not Available,Not Available
,"California","06","Unknown or Not Stated","UNK","2019","2019",0,Not Available,Not Available
,"California","06","Unknown or Not Stated","UNK","2020","2020",0,Not Available,Not Available
,"California","06","Unknown or Not Stated","UNK","2021","2021",0,Not Available,Not Available
,"California","06","Unknown or Not Stated","UNK","2022","2022",0,Not Available,Not Available
,"California","06","Unknown or Not Stated","UNK","2023","2023",0,Not Available,Not Available
,"California","06","Unknown or Not Stated","UNK","2024","2024",0,Not Available,Not Available
,"California","06","Not Available","NA","2016","2016",0,Not Available,Not Available
,"California","06","Not Available","NA","2017","2017",0,Not Available,Not Available
,"California","06","Not Available","NA","2018","2018",0,Not Available,Not Available
,"California","06","Not Available","NA","2019","2019",0,Not Available,Not Available
,"California","06","Not Available","NA","2020","2020",0,Not Available,Not Available
,"California","06","Not Available","NA","2021","2021",0,Not Available,Not Available
,"California","06","Not Available","NA","2022","2022",0,Not Available,Not Available
,"California","06","Not Available","NA","2023","2023",0,Not Available,Not Available
,"California","06","Not Available","NA","2024","2024",0,Not Available,Not Available
,"California","06","Not Reported","NR","2016","2016",0,Not Available,Not Available
,"California","06","Not Reported","NR","2017","2017",0,Not Available,Not Available
,"California","06","Not Reported","NR","2018","2018",0,Not Available,Not Available
,"California","06","Not Reported","NR","2019","2019",0,Not Available,Not Available
,"California","06","Not Reported","NR","2020","2020",0,Not Available,Not Available
,"California","06","Not Reported","NR","2021","2021",0,Not Available,Not Available
,"California","06","Not Reported","NR","2022","2022",0,Not Available,Not Available
,"California","06","Not Reported","NR","2023","2023",0,Not Available,Not Available
,"California","06","Not Reported","NR","2024","2024",0,Not Available,Not Available
,"Colorado","08","American Indian or Alaska Native","1002-5","2016","2016",48,3504,13.70
,"Colorado","08","American Indian or Alaska Native","1002-5","2017","2017",61,3467,17.59
,"Colorado","08","American Indian or Alaska Native","1002-5","2018","2018",74,3524,21.00
,"Colorado","08","American Indian or Alaska Native","1002-5","2019","2019",63,3499,18.01
,"Colorado","08","American Indian or Alaska Native","1002-5","2020","2020",52,3473,14.97
,"Colorado","08","American Indian or Alaska Native","1002-5","2021","2021",45,3557,12.65
,"Colorado","08","American Indian or Alaska Native","1002-5","2022","2022",43,3553,12.10
,"Colorado","08","American Indian or Alaska Native","1002-5","2023","2023",58,3625,16.00
,"Colorado","08","American Indian or Alaska Native","1002-5","2024","2024",61,3643,16.74
,"Colorado","08","Asian","A","2016","2016",47,6138,7.66
,"Colorado","08","Asian","A","2017","2017",42,6272,6.70
,"Colorado","08","Asian","A","2018","2018",30,6492,4.62
,"Colorado","08","Asian","A","2019","2019",28,6848,4.09
,"Colorado","08","Asian","A","2020","2020",32,6847,4.67
,"Colorado","08","Asian","A","2021","2021",14,6820,2.05
,"Colorado","08","Asian","A","2022","2022",30,6703,4.48
,"Colorado","08","Asian","A","2023","2023",25,6646,3.76
,"Colorado","08","Asian","A","2024","2024",17,6753,2.52
,"Colorado","08","Black or African American","2054-5","2016","2016",217,8636,25.13
,"Colorado","08","Black or African American","2054-5","2017","2017",203,8622,23.54
,"Colorado","08","Black or African American","2054-5","2018","2018",187,8830,21.18
,"Colorado","08","Black or African American","2054-5","2019","2019",167,8828,18.92
,"Colorado","08","Black or African American","2054-5","2020","2020",183,8766,20.88
,"Colorado","08","Black or African American","2054-5","2021","2021",154,8872,17.36
,"Colorado","08","Black or African American","2054-5","2022","2022",152,8787,17.30
,"Colorado","08","Black or African American","2054-5","2023","2023",159,9041,17.59
,"Colorado","08","Black or African American","2054-5","2024","2024",161,9200,17.50
,"Colorado","08","Native Hawaiian or Other Pacific Islander","NHOPI","2016","2016",10,424,23.58
,"Colorado","08","Native Hawaiian or Other Pacific Islander","NHOPI","2017","2017",16,410,39.02
,"Colorado","08","Native Hawaiian or Other Pacific Islander","NHOPI","2018","2018",19,401,47.38
,"Colorado","08","Native Hawaiian or Other Pacific Islander","NHOPI","2019","2019",16,408,39.22
,"Colorado","08","Native Hawaiian or Other Pacific Islander","NHOPI","2020","2020",12,403,29.78
,"Colorado","08","Native Hawaiian or Other Pacific Islander","NHOPI","2021","2021",15,411,36.50
,"Colorado","08","Native Hawaiian or Other Pacific Islander","NHOPI","2022","2022",14,435,32.18
,"Colorado","08","Native Hawaiian or Other Pacific Islander","NHOPI","2023","2023",17,472,36.02
,"Colorado","08","Native Hawaiian or Other Pacific Islander","NHOPI","2024","2024",17,497,34.21
,"Colorado","08","White","2106-3","2016","2016",2613,144615,18.07
,"Colorado","08","White","2106-3","2017","2017",2354,145332,16.20
,"Colorado","08","White","2106-3","2018","2018",2101,147737,14.22
,"Colorado","08","White","2106-3","2019","2019",2092,148231,14.11
,"Colorado","08","White","2106-3","2020","2020",1823,148782,12.25
,"Colorado","08","White","2106-3","2021","2021",1734,151241,11.47
,"Colorado","08","White","2106-3","2022","2022",1669,150440,11.09
,"Colorado","08","White","2106-3","2023","2023",1640,152783,10.73
,"Colorado","08","White","2106-3","2024","2024",1698,152768,11.11
,"Colorado","08","More than one race","M","2016","2016",133,8635,15.40
,"Colorado","08","More than one race","M","2017","2017",114,8878,12.84
,"Colorado","08","More than one race","M","2018","2018",111,9288,11.95
,"Colorado","08","More than one race","M","2019","2019",105,9411,11.16
,"Colorado","08","More than one race","M","2020","2020",121,9578,12.63
,"Colorado","08","More than one race","M","2021","2021",97,9884,9.81
,"Colorado","08","More than one race","M","2022","2022",96,10124,9.48
,"Colorado","08","More than one race","M","2023","2023",100,10563,9.47
,"Colorado","08","More than one race","M","2024","2024",103,10933,9.42
,"Colorado","08","Unknown or Not Stated","UNK","2016","2016",0,Not Available,Not Available
,"Colorado","08","Unknown or Not Stated","UNK","2017","2017",0,Not Available,Not Available
,"Colorado","08","Unknown or Not Stated","UNK","2018","2018",0,Not Available,Not Available
,"Colorado","08","Unknown or Not Stated","UNK","2019","2019",0,Not Available,Not Available
,"Colorado","08","Unknown or Not Stated","UNK","2020","2020",0,Not Available,Not Available
,"Colorado","08","Unknown or Not Stated","UNK","2021","2021",0,Not Available,Not Available
,"Colorado","08","Unknown or Not Stated","UNK","2022","2022",0,Not Available,Not Available
,"Colorado","08","Unknown or Not Stated","UNK","2023","2023",0,Not Available,Not Available
,"Colorado","08","Unknown or Not Stated","UNK","2024","2024",0,Not Available,Not Available
,"Colorado","08","Not Available","NA","2016","2016",0,Not Available,Not Available
,"Colorado","08","Not Available","NA","2017","2017",0,Not Available,Not Available
,"Colorado","08","Not Available","NA","2018","2018",0,Not Available,Not Available
,"Colorado","08","Not Available","NA","2019","2019",0,Not Available,Not Available
,"Colorado","08","Not Available","NA","2020","2020",0,Not Available,Not Available
,"Colorado","08","Not Available","NA","2021","2021",0,Not Available,Not Available
,"Colorado","08","Not Available","NA","2022","2022",0,Not Available,Not Available
,"Colorado","08","Not Available","NA","2023","2023",0,Not Available,Not Available
,"Colorado","08","Not Available","NA","2024","2024",0,Not Available,Not Available
,"Colorado","08","Not Reported","NR","2016","2016",0,Not Available,Not Available
,"Colorado","08","Not Reported","NR","2017","2017",0,Not Available,Not Available
,"Colorado","08","Not Reported","NR","2018","2018",0,Not Available,Not Available
,"Colorado","08","Not Reported","NR","2019","2019",0,Not Available,Not Available
,"Colorado","08","Not Reported","NR","2020","2020",0,Not Available,Not Available
,"Colorado","08","Not Reported","NR","2021","2021",0,Not Available,Not Available
,"Colorado","08","Not Reported","NR","2022","2022",0,Not Available,Not Available
,"Colorado","08","Not Reported","NR","2023","2023",0,Not Available,Not Available
,"Colorado","08","Not Reported","NR","2024","2024",0,Not Available,Not Available
,"Connecticut","09","American Indian or Alaska Native","1002-5","2016","2016",14,742,18.87
,"Connecticut","09","American Indian or Alaska Native","1002-5","2017","2017",12,732,16.39
,"Connecticut","09","American Indian or Alaska Native","1002-5","2018","2018",15,762,19.69
,"Connecticut","09","American Indian or Alaska Native","1002-5","2019","2019",15,778,19.28
,"Connecticut","09","American Indian or Alaska Native","1002-5","2020","2020",23,766,30.03
,"Connecticut","09","American Indian or Alaska Native","1002-5","2021","2021",20,808,24.75
,"Connecticut","09","American Indian or Alaska Native","1002-5","2022","2022",14,856,16.36
,"Connecticut","09","American Indian or Alaska Native","1002-5","2023","2023",20,905,22.10
,"Connecticut","09","American Indian or Alaska Native","1002-5","2024","2024",10,1124,8.90
,"Connecticut","09","Asian","A","2016","2016",21,5725,3.67
,"Connecticut","09","Asian","A","2017","2017",17,5903,2.88
,"Connecticut","09","Asian","A","2018","2018",10,6041,1.66
,"Connecticut","09","Asian","A","2019","2019",11,6243,1.76
,"Connecticut","09","Asian","A","2020","2020",Suppressed,6096,Suppressed
,"Connecticut","09","Asian","A","2021","2021",Suppressed,6253,Suppressed
,"Connecticut","09","Asian","A","2022","2022",Suppressed,6599,Suppressed
,"Connecticut","09","Asian","A","2023","2023",Suppressed,6370,Suppressed
,"Connecticut","09","Asian","A","2024","2024",Suppressed,6567,Suppressed
,"Connecticut","09","Black or African American","2054-5","2016","2016",274,16394,16.71
,"Connecticut","09","Black or African American","2054-5","2017","2017",273,16418,16.63
,"Connecticut","09","Black or African American","2054-5","2018","2018",227,16190,14.02
,"Connecticut","09","Black or African American","2054-5","2019","2019",221,16207,13.64
,"Connecticut","09","Black or African American","2054-5","2020","2020",214,16127,13.27
,"Connecticut","09","Black or African American","2054-5","2021","2021",232,16839,13.78
,"Connecticut","09","Black or African American","2054-5","2022","2022",206,17574,11.72
,"Connecticut","09","Black or African American","2054-5","2023","2023",207,17740,11.67
,"Connecticut","09","Black or African American","2054-5","2024","2024",192,18511,10.37
,"Connecticut","09","Native Hawaiian or Other Pacific Islander","NHOPI","2016","2016",Suppressed,127,Suppressed
,"Connecticut","09","Native Hawaiian or Other Pacific Islander","NHOPI","2017","2017",Suppressed,128,Suppressed
,"Connecticut","09","Native Hawaiian or Other Pacific Islander","NHOPI","2018","2018",Suppressed,130,Suppressed
,"Connecticut","09","Native Hawaiian or Other Pacific Islander","NHOPI","2019","2019",0,133,0.00
,"Connecticut","09","Native Hawaiian or Other Pacific Islander","NHOPI","2020","2020",Suppressed,140,Suppressed
,"Connecticut","09","Native Hawaiian or Other Pacific Islander","NHOPI","2021","2021",Suppressed,139,Suppressed
,"Connecticut","09","Native Hawaiian or Other Pacific Islander","NHOPI","2022","2022",Suppressed,152,Suppressed
,"Connecticut","09","Native Hawaiian or Other Pacific Islander","NHOPI","2023","2023",Suppressed,160,Suppressed
,"Connecticut","09","Native Hawaiian or Other Pacific Islander","NHOPI","2024","2024",Suppressed,150,Suppressed
,"Connecticut","09","White","2106-3","2016","2016",771,93306,8.26
,"Connecticut","09","White","2106-3","2017","2017",690,91889,7.51
,"Connecticut","09","White","2106-3","2018","2018",679,90444,7.51
,"Connecticut","09","White","2106-3","2019","2019",610,88981,6.86
,"Connecticut","09","White","2106-3","2020","2020",588,87260,6.74
,"Connecticut","09","White","2106-3","2021","2021",546,88971,6.14
,"Connecticut","09","White","2106-3","2022","2022",516,91532,5.64
,"Connecticut","09","White","2106-3","2023","2023",520,86594,6.01
,"Connecticut","09","White","2106-3","2024","2024",530,86911,6.10
,"Connecticut","09","More than one race","M","2016","2016",55,4562,12.06
,"Connecticut","09","More than one race","M","2017","2017",59,4700,12.55
,"Connecticut","09","More than one race","M","2018","2018",56,4810,11.64
,"Connecticut","09","More than one race","M","2019","2019",45,4934,9.12
,"Connecticut","09","More than one race","M","2020","2020",52,5107,10.18
,"Connecticut","09","More than one race","M","2021","2021",39,5419,7.20
,"Connecticut","09","More than one race","M","2022","2022",38,5763,6.59
,"Connecticut","09","More than one race","M","2023","2023",42,5994,7.01
,"Connecticut","09","More than one race","M","2024","2024",43,6280,6.85
,"Connecticut","09","Unknown or Not Stated","UNK","2016","2016",0,Not Available,Not Available
,"Connecticut","09","Unknown or Not Stated","UNK","2017","2017",0,Not Available,Not Available
,"Connecticut","09","Unknown or Not Stated","UNK","2018","2018",0,Not Available,Not Available
,"Connecticut","09","Unknown or Not Stated","UNK","2019","2019",0,Not Available,Not Available
,"Connecticut","09","Unknown or Not Stated","UNK","2020","2020",0,Not Available,Not Available
,"Connecticut","09","Unknown or Not Stated","UNK","2021","2021",0,Not Available,Not Available
,"Connecticut","09","Unknown or Not Stated","UNK","2022","2022",0,Not Available,Not Available
,"Connecticut","09","Unknown or Not Stated","UNK","2023","2023",0,Not Available,Not Available
,"Connecticut","09","Unknown or Not Stated","UNK","2024","2024",0,Not Available,Not Available
,"Connecticut","09","Not Available","NA","2016","2016",0,Not Available,Not Available
,"Connecticut","09","Not Available","NA","2017","2017",0,Not Available,Not Available
,"Connecticut","09","Not Available","NA","2018","2018",0,Not Available,Not Available
,"Connecticut","09","Not Available","NA","2019","2019",0,Not Available,Not Available
,"Connecticut","09","Not Available","NA","2020","2020",0,Not Available,Not Available
,"Connecticut","09","Not Available","NA","2021","2021",0,Not Available,Not Available
,"Connecticut","09","Not Available","NA","2022","2022",0,Not Available,Not Available
,"Connecticut","09","Not Available","NA","2023","2023",0,Not Available,Not Available
,"Connecticut","09","Not Available","NA","2024","2024",0,Not Available,Not Available
,"Connecticut","09","Not Reported","NR","2016","2016",0,Not Available,Not Available
,"Connecticut","09","Not Reported","NR","2017","2017",0,Not Available,Not Available
,"Connecticut","09","Not Reported","NR","2018","2018",0,Not Available,Not Available
,"Connecticut","09","Not Reported","NR","2019","2019",0,Not Available,Not Available
,"Connecticut","09","Not Reported","NR","2020","2020",0,Not Available,Not Available
,"Connecticut","09","Not Reported","NR","2021","2021",0,Not Available,Not Available
,"Connecticut","09","Not Reported","NR","2022","2022",0,Not Available,Not Available
,"Connecticut","09","Not Reported","NR","2023","2023",0,Not Available,Not Available
,"Connecticut","09","Not Reported","NR","2024","2024",0,Not Available,Not Available
,"Delaware","10","American Indian or Alaska Native","1002-5","2016","2016",Suppressed,181,Suppressed
,"Delaware","10","American Indian or Alaska Native","1002-5","2017","2017",Suppressed,204,Suppressed
,"Delaware","10","American Indian or Alaska Native","1002-5","2018","2018",0,233,0.00
,"Delaware","10","American Indian or Alaska Native","1002-5","2019","2019",Suppressed,234,Suppressed
,"Delaware","10","American Indian or Alaska Native","1002-5","2020","2020",Suppressed,238,Suppressed
,"Delaware","10","American Indian or Alaska Native","1002-5","2021","2021",0,260,0.00
,"Delaware","10","American Indian or Alaska Native","1002-5","2022","2022",Suppressed,274,Suppressed
,"Delaware","10","American Indian or Alaska Native","1002-5","2023","2023",Suppressed,293,Suppressed
,"Delaware","10","American Indian or Alaska Native","1002-5","2024","2024",Suppressed,345,Suppressed
,"Delaware","10","Asian","A","2016","2016",Suppressed,1005,Suppressed
,"Delaware","10","Asian","A","2017","2017",Suppressed,983,Suppressed
,"Delaware","10","Asian","A","2018","2018",Suppressed,1009,Suppressed
,"Delaware","10","Asian","A","2019","2019",Suppressed,1081,Suppressed
,"Delaware","10","Asian","A","2020","2020",Suppressed,1159,Suppressed
,"Delaware","10","Asian","A","2021","2021",Suppressed,1191,Suppressed
,"Delaware","10","Asian","A","2022","2022",Suppressed,1297,Suppressed
,"Delaware","10","Asian","A","2023","2023",Suppressed,1293,Suppressed
,"Delaware","10","Asian","A","2024","2024",Suppressed,1415,Suppressed
,"Delaware","10","Black or African American","2054-5","2016","2016",240,8362,28.70
,"Delaware","10","Black or African American","2054-5","2017","2017",220,8477,25.95
,"Delaware","10","Black or African American","2054-5","2018","2018",201,8366,24.03
,"Delaware","10","Black or African American","2054-5","2019","2019",225,8352,26.94
,"Delaware","10","Black or African American","2054-5","2020","2020",173,8441,20.50
,"Delaware","10","Black or African American","2054-5","2021","2021",157,8768,17.91
,"Delaware","10","Black or African American","2054-5","2022","2022",186,8837,21.05
,"Delaware","10","Black or African American","2054-5","2023","2023",178,9458,18.82
,"Delaware","10","Black or African American","2054-5","2024","2024",181,9652,18.75
,"Delaware","10","Native Hawaiian or Other Pacific Islander","NHOPI","2016","2016",Suppressed,28,Suppressed
,"Delaware","10","Native Hawaiian or Other Pacific Islander","NHOPI","2017","2017",Suppressed,25,Suppressed
,"Delaware","10","Native Hawaiian or Other Pacific Islander","NHOPI","2018","2018",0,25,0.00
,"Delaware","10","Native Hawaiian or Other Pacific Islander","NHOPI","2019","2019",Suppressed,32,Suppressed
,"Delaware","10","Native Hawaiian or Other Pacific Islander","NHOPI","2020","2020",0,40,0.00
,"Delaware","10","Native Hawaiian or Other Pacific Islander","NHOPI","2021","2021",0,39,0.00
,"Delaware","10","Native Hawaiian or Other Pacific Islander","NHOPI","2022","2022",Suppressed,39,Suppressed
,"Delaware","10","Native Hawaiian or Other Pacific Islander","NHOPI","2023","2023",Suppressed,40,Suppressed
,"Delaware","10","Native Hawaiian or Other Pacific Islander","NHOPI","2024","2024",Suppressed,36,Suppressed
,"Delaware","10","White","2106-3","2016","2016",303,18883,16.05
,"Delaware","10","White","2106-3","2017","2017",273,18710,14.59
,"Delaware","10","White","2106-3","2018","2018",255,18583,13.72
,"Delaware","10","White","2106-3","2019","2019",185,18470,10.02
,"Delaware","10","White","2106-3","2020","2020",229,18581,12.32
,"Delaware","10","White","2106-3","2021","2021",239,19392,12.32
,"Delaware","10","White","2106-3","2022","2022",249,19417,12.82
,"Delaware","10","White","2106-3","2023","2023",226,19925,11.34
,"Delaware","10","White","2106-3","2024","2024",211,19977,10.56
,"Delaware","10","More than one race","M","2016","2016",36,1447,24.88
,"Delaware","10","More than one race","M","2017","2017",47,1507,31.19
,"Delaware","10","More than one race","M","2018","2018",37,1567,23.61
,"Delaware","10","More than one race","M","2019","2019",28,1623,17.25
,"Delaware","10","More than one race","M","2020","2020",32,1645,19.45
,"Delaware","10","More than one race","M","2021","2021",28,1760,15.91
,"Delaware","10","More than one race","M","2022","2022",25,1856,13.47
,"Delaware","10","More than one race","M","2023","2023",34,1991,17.08
,"Delaware","10","More than one race","M","2024","2024",41,2059,19.91
,"Delaware","10","Unknown or Not Stated","UNK","2016","2016",0,Not Available,Not Available
,"Delaware","10","Unknown or Not Stated","UNK","2017","2017",0,Not Available,Not Available
,"Delaware","10","Unknown or Not Stated","UNK","2018","2018",0,Not Available,Not Available
,"Delaware","10","Unknown or Not Stated","UNK","2019","2019",0,Not Available,Not Available
,"Delaware","10","Unknown or Not Stated","UNK","2020","2020",0,Not Available,Not Available
,"Delaware","10","Unknown or Not Stated","UNK","2021","2021",0,Not Available,Not Available
,"Delaware","10","Unknown or Not Stated","UNK","2022","2022",0,Not Available,Not Available
,"Delaware","10","Unknown or Not Stated","UNK","2023","2023",0,Not Available,Not Available
,"Delaware","10","Unknown or Not Stated","UNK","2024","2024",0,Not Available,Not Available
,"Delaware","10","Not Available","NA","2016","2016",0,Not Available,Not Available
,"Delaware","10","Not Available","NA","2017","2017",0,Not Available,Not Available
,"Delaware","10","Not Available","NA","2018","2018",0,Not Available,Not Available
,"Delaware","10","Not Available","NA","2019","2019",0,Not Available,Not Available
,"Delaware","10","Not Available","NA","2020","2020",0,Not Available,Not Available
,"Delaware","10","Not Available","NA","2021","2021",0,Not Available,Not Available
,"Delaware","10","Not Available","NA","2022","2022",0,Not Available,Not Available
,"Delaware","10","Not Available","NA","2023","2023",0,Not Available,Not Available
,"Delaware","10","Not Available","NA","2024","2024",0,Not Available,Not Available
,"Delaware","10","Not Reported","NR","2016","2016",0,Not Available,Not Available
,"Delaware","10","Not Reported","NR","2017","2017",0,Not Available,Not Available
,"Delaware","10","Not Reported","NR","2018","2018",0,Not Available,Not Available
,"Delaware","10","Not Reported","NR","2019","2019",0,Not Available,Not Available
,"Delaware","10","Not Reported","NR","2020","2020",0,Not Available,Not Available
,"Delaware","10","Not Reported","NR","2021","2021",0,Not Available,Not Available
,"Delaware","10","Not Reported","NR","2022","2022",0,Not Available,Not Available
,"Delaware","10","Not Reported","NR","2023","2023",0,Not Available,Not Available
,"Delaware","10","Not Reported","NR","2024","2024",0,Not Available,Not Available
,"District of Columbia","11","American Indian or Alaska Native","1002-5","2016","2016",Suppressed,95,Suppressed
,"District of Columbia","11","American Indian or Alaska Native","1002-5","2017","2017",Suppressed,95,Suppressed
,"District of Columbia","11","American Indian or Alaska Native","1002-5","2018","2018",Suppressed,100,Suppressed
,"District of Columbia","11","American Indian or Alaska Native","1002-5","2019","2019",Suppressed,102,Suppressed
,"District of Columbia","11","American Indian or Alaska Native","1002-5","2020","2020",Suppressed,107,Suppressed
,"District of Columbia","11","American Indian or Alaska Native","1002-5","2021","2021",Suppressed,98,Suppressed
,"District of Columbia","11","American Indian or Alaska Native","1002-5","2022","2022",Suppressed,103,Suppressed
,"District of Columbia","11","American Indian or Alaska Native","1002-5","2023","2023",0,116,0.00
,"District of Columbia","11","American Indian or Alaska Native","1002-5","2024","2024",Suppressed,132,Suppressed
,"District of Columbia","11","Asian","A","2016","2016",Suppressed,765,Suppressed
,"District of Columbia","11","Asian","A","2017","2017",Suppressed,825,Suppressed
,"District of Columbia","11","Asian","A","2018","2018",Suppressed,865,Suppressed
,"District of Columbia","11","Asian","A","2019","2019",Suppressed,820,Suppressed
,"District of Columbia","11","Asian","A","2020","2020",0,810,0.00
,"District of Columbia","11","Asian","A","2021","2021",Suppressed,748,Suppressed
,"District of Columbia","11","Asian","A","2022","2022",Suppressed,807,Suppressed
,"District of Columbia","11","Asian","A","2023","2023",0,776,0.00
,"District of Columbia","11","Asian","A","2024","2024",Suppressed,876,Suppressed
,"District of Columbia","11","Black or African American","2054-5","2016","2016",408,10330,39.50
,"District of Columbia","11","Black or African American","2054-5","2017","2017",359,10163,35.32
,"District of Columbia","11","Black or African American","2054-5","2018","2018",304,9846,30.88
,"District of Columbia","11","Black or African American","2054-5","2019","2019",251,9796,25.62
,"District of Columbia","11","Black or African American","2054-5","2020","2020",247,9749,25.34
,"District of Columbia","11","Black or African American","2054-5","2021","2021",185,9497,19.48
,"District of Columbia","11","Black or African American","2054-5","2022","2022",184,9521,19.33
,"District of Columbia","11","Black or African American","2054-5","2023","2023",197,9844,20.01
,"District of Columbia","11","Black or African American","2054-5","2024","2024",182,9898,18.39
,"District of Columbia","11","Native Hawaiian or Other Pacific Islander","NHOPI","2016","2016",0,23,0.00
,"District of Columbia","11","Native Hawaiian or Other Pacific Islander","NHOPI","2017","2017",Suppressed,26,Suppressed
,"District of Columbia","11","Native Hawaiian or Other Pacific Islander","NHOPI","2018","2018",Suppressed,27,Suppressed
,"District of Columbia","11","Native Hawaiian or Other Pacific Islander","NHOPI","2019","2019",Suppressed,24,Suppressed
,"District of Columbia","11","Native Hawaiian or Other Pacific Islander","NHOPI","2020","2020",0,25,0.00
,"District of Columbia","11","Native Hawaiian or Other Pacific Islander","NHOPI","2021","2021",Suppressed,26,Suppressed
,"District of Columbia","11","Native Hawaiian or Other Pacific Islander","NHOPI","2022","2022",0,26,0.00
,"District of Columbia","11","Native Hawaiian or Other Pacific Islander","NHOPI","2023","2023",Suppressed,29,Suppressed
,"District of Columbia","11","Native Hawaiian or Other Pacific Islander","NHOPI","2024","2024",0,31,0.00
,"District of Columbia","11","White","2106-3","2016","2016",44,7289,6.04
,"District of Columbia","11","White","2106-3","2017","2017",38,7583,5.01
,"District of Columbia","11","White","2106-3","2018","2018",54,7791,6.93
,"District of Columbia","11","White","2106-3","2019","2019",61,7712,7.91
,"District of Columbia","11","White","2106-3","2020","2020",47,7828,6.00
,"District of Columbia","11","White","2106-3","2021","2021",62,7723,8.03
,"District of Columbia","11","White","2106-3","2022","2022",48,7962,6.03
,"District of Columbia","11","White","2106-3","2023","2023",41,8200,5.00
,"District of Columbia","11","White","2106-3","2024","2024",58,8485,6.84
,"District of Columbia","11","More than one race","M","2016","2016",Suppressed,703,Suppressed
,"District of Columbia","11","More than one race","M","2017","2017",Suppressed,726,Suppressed
,"District of Columbia","11","More than one race","M","2018","2018",Suppressed,736,Suppressed
,"District of Columbia","11","More than one race","M","2019","2019",Suppressed,717,Suppressed
,"District of Columbia","11","More than one race","M","2020","2020",Suppressed,719,Suppressed
,"District of Columbia","11","More than one race","M","2021","2021",Suppressed,737,Suppressed
,"District of Columbia","11","More than one race","M","2022","2022",Suppressed,798,Suppressed
,"District of Columbia","11","More than one race","M","2023","2023",Suppressed,848,Suppressed
,"District of Columbia","11","More than one race","M","2024","2024",Suppressed,972,Suppressed
,"District of Columbia","11","Unknown or Not Stated","UNK","2016","2016",0,Not Available,Not Available
,"District of Columbia","11","Unknown or Not Stated","UNK","2017","2017",0,Not Available,Not Available
,"District of Columbia","11","Unknown or Not Stated","UNK","2018","2018",0,Not Available,Not Available
,"District of Columbia","11","Unknown or Not Stated","UNK","2019","2019",0,Not Available,Not Available
,"District of Columbia","11","Unknown or Not Stated","UNK","2020","2020",0,Not Available,Not Available
,"District of Columbia","11","Unknown or Not Stated","UNK","2021","2021",0,Not Available,Not Available
,"District of Columbia","11","Unknown or Not Stated","UNK","2022","2022",0,Not Available,Not Available
,"District of Columbia","11","Unknown or Not Stated","UNK","2023","2023",0,Not Available,Not Available
,"District of Columbia","11","Unknown or Not Stated","UNK","2024","2024",0,Not Available,Not Available
,"District of Columbia","11","Not Available","NA","2016","2016",0,Not Available,Not Available
,"District of Columbia","11","Not Available","NA","2017","2017",0,Not Available,Not Available
,"District of Columbia","11","Not Available","NA","2018","2018",0,Not Available,Not Available
,"District of Columbia","11","Not Available","NA","2019","2019",0,Not Available,Not Available
,"District of Columbia","11","Not Available","NA","2020","2020",0,Not Available,Not Available
,"District of Columbia","11","Not Available","NA","2021","2021",0,Not Available,Not Available
,"District of Columbia","11","Not Available","NA","2022","2022",0,Not Available,Not Available
,"District of Columbia","11","Not Available","NA","2023","2023",0,Not Available,Not Available
,"District of Columbia","11","Not Available","NA","2024","2024",0,Not Available,Not Available
,"District of Columbia","11","Not Reported","NR","2016","2016",0,Not Available,Not Available
,"District of Columbia","11","Not Reported","NR","2017","2017",0,Not Available,Not Available
,"District of Columbia","11","Not Reported","NR","2018","2018",0,Not Available,Not Available
,"District of Columbia","11","Not Reported","NR","2019","2019",0,Not Available,Not Available
,"District of Columbia","11","Not Reported","NR","2020","2020",0,Not Available,Not Available
,"District of Columbia","11","Not Reported","NR","2021","2021",0,Not Available,Not Available
,"District of Columbia","11","Not Reported","NR","2022","2022",0,Not Available,Not Available
,"District of Columbia","11","Not Reported","NR","2023","2023",0,Not Available,Not Available
,"District of Columbia","11","Not Reported","NR","2024","2024",0,Not Available,Not Available
,"Florida","12","American Indian or Alaska Native","1002-5","2016","2016",27,3344,8.07
,"Florida","12","American Indian or Alaska Native","1002-5","2017","2017",31,3402,9.11
,"Florida","12","American Indian or Alaska Native","1002-5","2018","2018",35,3521,9.94
,"Florida","12","American Indian or Alaska Native","1002-5","2019","2019",34,3505,9.70
,"Florida","12","American Indian or Alaska Native","1002-5","2020","2020",30,3512,8.54
,"Florida","12","American Indian or Alaska Native","1002-5","2021","2021",18,3637,4.95
,"Florida","12","American Indian or Alaska Native","1002-5","2022","2022",32,3751,8.53
,"Florida","12","American Indian or Alaska Native","1002-5","2023","2023",29,4113,7.05
,"Florida","12","American Indian or Alaska Native","1002-5","2024","2024",29,5068,5.72
,"Florida","12","Asian","A","2016","2016",99,16694,5.93
,"Florida","12","Asian","A","2017","2017",113,17489,6.46
,"Florida","12","Asian","A","2018","2018",66,18057,3.66
,"Florida","12","Asian","A","2019","2019",50,18174,2.75
,"Florida","12","Asian","A","2020","2020",46,18489,2.49
,"Florida","12","Asian","A","2021","2021",36,18828,1.91
,"Florida","12","Asian","A","2022","2022",47,19533,2.41
,"Florida","12","Asian","A","2023","2023",56,20320,2.76
,"Florida","12","Asian","A","2024","2024",47,21596,2.18
,"Florida","12","Black or African American","2054-5","2016","2016",3849,127948,30.08
,"Florida","12","Black or African American","2054-5","2017","2017",3764,129732,29.01
,"Florida","12","Black or African American","2054-5","2018","2018",3167,129284,24.50
,"Florida","12","Black or African American","2054-5","2019","2019",3202,127927,25.03
,"Florida","12","Black or African American","2054-5","2020","2020",2997,126434,23.70
,"Florida","12","Black or African American","2054-5","2021","2021",2631,128486,20.48
,"Florida","12","Black or African American","2054-5","2022","2022",2645,131429,20.12
,"Florida","12","Black or African American","2054-5","2023","2023",2553,136525,18.70
,"Florida","12","Black or African American","2054-5","2024","2024",2236,140925,15.87
,"Florida","12","Native Hawaiian or Other Pacific Islander","NHOPI","2016","2016",Suppressed,738,Suppressed
,"Florida","12","Native Hawaiian or Other Pacific Islander","NHOPI","2017","2017",20,724,27.62
,"Florida","12","Native Hawaiian or Other Pacific Islander","NHOPI","2018","2018",Suppressed,688,Suppressed
,"Florida","12","Native Hawaiian or Other Pacific Islander","NHOPI","2019","2019",Suppressed,695,Suppressed
,"Florida","12","Native Hawaiian or Other Pacific Islander","NHOPI","2020","2020",10,704,14.20
,"Florida","12","Native Hawaiian or Other Pacific Islander","NHOPI","2021","2021",Suppressed,759,Suppressed
,"Florida","12","Native Hawaiian or Other Pacific Islander","NHOPI","2022","2022",Suppressed,818,Suppressed
,"Florida","12","Native Hawaiian or Other Pacific Islander","NHOPI","2023","2023",Suppressed,858,Suppressed
,"Florida","12","Native Hawaiian or Other Pacific Islander","NHOPI","2024","2024",Suppressed,925,Suppressed
,"Florida","12","White","2106-3","2016","2016",6964,410428,16.97
,"Florida","12","White","2106-3","2017","2017",6471,414765,15.60
,"Florida","12","White","2106-3","2018","2018",6276,415203,15.12
,"Florida","12","White","2106-3","2019","2019",5986,414593,14.44
,"Florida","12","White","2106-3","2020","2020",5563,414344,13.43
,"Florida","12","White","2106-3","2021","2021",5170,424585,12.18
,"Florida","12","White","2106-3","2022","2022",5133,437515,11.73
,"Florida","12","White","2106-3","2023","2023",5223,450148,11.60
,"Florida","12","White","2106-3","2024","2024",5242,461785,11.35
,"Florida","12","More than one race","M","2016","2016",250,20767,12.04
,"Florida","12","More than one race","M","2017","2017",309,21721,14.23
,"Florida","12","More than one race","M","2018","2018",277,22193,12.48
,"Florida","12","More than one race","M","2019","2019",260,22878,11.36
,"Florida","12","More than one race","M","2020","2020",274,23679,11.57
,"Florida","12","More than one race","M","2021","2021",231,25071,9.21
,"Florida","12","More than one race","M","2022","2022",276,26788,10.30
,"Florida","12","More than one race","M","2023","2023",239,28660,8.34
,"Florida","12","More than one race","M","2024","2024",259,30520,8.49
,"Florida","12","Unknown or Not Stated","UNK","2016","2016",0,Not Available,Not Available
,"Florida","12","Unknown or Not Stated","UNK","2017","2017",0,Not Available,Not Available
,"Florida","12","Unknown or Not Stated","UNK","2018","2018",0,Not Available,Not Available
,"Florida","12","Unknown or Not Stated","UNK","2019","2019",0,Not Available,Not Available
,"Florida","12","Unknown or Not Stated","UNK","2020","2020",0,Not Available,Not Available
,"Florida","12","Unknown or Not Stated","UNK","2021","2021",0,Not Available,Not Available
,"Florida","12","Unknown or Not Stated","UNK","2022","2022",0,Not Available,Not Available
,"Florida","12","Unknown or Not Stated","UNK","2023","2023",0,Not Available,Not Available
,"Florida","12","Unknown or Not Stated","UNK","2024","2024",0,Not Available,Not Available
,"Florida","12","Not Available","NA","2016","2016",0,Not Available,Not Available
,"Florida","12","Not Available","NA","2017","2017",0,Not Available,Not Available
,"Florida","12","Not Available","NA","2018","2018",0,Not Available,Not Available
,"Florida","12","Not Available","NA","2019","2019",0,Not Available,Not Available
,"Florida","12","Not Available","NA","2020","2020",0,Not Available,Not Available
,"Florida","12","Not Available","NA","2021","2021",0,Not Available,Not Available
,"Florida","12","Not Available","NA","2022","2022",0,Not Available,Not Available
,"Florida","12","Not Available","NA","2023","2023",0,Not Available,Not Available
,"Florida","12","Not Available","NA","2024","2024",0,Not Available,Not Available
,"Florida","12","Not Reported","NR","2016","2016",0,Not Available,Not Available
,"Florida","12","Not Reported","NR","2017","2017",0,Not Available,Not Available
,"Florida","12","Not Reported","NR","2018","2018",0,Not Available,Not Available
,"Florida","12","Not Reported","NR","2019","2019",0,Not Available,Not Available
,"Florida","12","Not Reported","NR","2020","2020",0,Not Available,Not Available
,"Florida","12","Not Reported","NR","2021","2021",0,Not Available,Not Available
,"Florida","12","Not Reported","NR","2022","2022",0,Not Available,Not Available
,"Florida","12","Not Reported","NR","2023","2023",0,Not Available,Not Available
,"Florida","12","Not Reported","NR","2024","2024",0,Not Available,Not Available
,"Georgia","13","American Indian or Alaska Native","1002-5","2016","2016",17,1907,8.91
,"Georgia","13","American Indian or Alaska Native","1002-5","2017","2017",Suppressed,1988,Suppressed
,"Georgia","13","American Indian or Alaska Native","1002-5","2018","2018",10,2080,4.81
,"Georgia","13","American Indian or Alaska Native","1002-5","2019","2019",14,2181,6.42
,"Georgia","13","American Indian or Alaska Native","1002-5","2020","2020",12,2253,5.33
,"Georgia","13","American Indian or Alaska Native","1002-5","2021","2021",11,2334,4.71
,"Georgia","13","American Indian or Alaska Native","1002-5","2022","2022",15,2523,5.95
,"Georgia","13","American Indian or Alaska Native","1002-5","2023","2023",16,2818,5.68
,"Georgia","13","American Indian or Alaska Native","1002-5","2024","2024",12,3287,3.65
,"Georgia","13","Asian","A","2016","2016",85,13231,6.42
,"Georgia","13","Asian","A","2017","2017",71,13997,5.07
,"Georgia","13","Asian","A","2018","2018",66,14583,4.53
,"Georgia","13","Asian","A","2019","2019",57,15149,3.76
,"Georgia","13","Asian","A","2020","2020",52,15418,3.37
,"Georgia","13","Asian","A","2021","2021",38,15816,2.40
,"Georgia","13","Asian","A","2022","2022",40,15919,2.51
,"Georgia","13","Asian","A","2023","2023",32,16215,1.97
,"Georgia","13","Asian","A","2024","2024",35,16688,2.10
,"Georgia","13","Black or African American","2054-5","2016","2016",3633,127773,28.43
,"Georgia","13","Black or African American","2054-5","2017","2017",3403,129363,26.31
,"Georgia","13","Black or African American","2054-5","2018","2018",3199,129892,24.63
,"Georgia","13","Black or African American","2054-5","2019","2019",3112,129715,23.99
,"Georgia","13","Black or African American","2054-5","2020","2020",2869,128740,22.29
,"Georgia","13","Black or African American","2054-5","2021","2021",2657,132190,20.10
,"Georgia","13","Black or African American","2054-5","2022","2022",2549,131439,19.39
,"Georgia","13","Black or African American","2054-5","2023","2023",2593,136001,19.07
,"Georgia","13","Black or African American","2054-5","2024","2024",2450,137771,17.78
,"Georgia","13","Native Hawaiian or Other Pacific Islander","NHOPI","2016","2016",11,458,24.02
,"Georgia","13","Native Hawaiian or Other Pacific Islander","NHOPI","2017","2017",Suppressed,472,Suppressed
,"Georgia","13","Native Hawaiian or Other Pacific Islander","NHOPI","2018","2018",15,501,29.94
,"Georgia","13","Native Hawaiian or Other Pacific Islander","NHOPI","2019","2019",21,509,41.26
,"Georgia","13","Native Hawaiian or Other Pacific Islander","NHOPI","2020","2020",22,499,44.09
,"Georgia","13","Native Hawaiian or Other Pacific Islander","NHOPI","2021","2021",10,517,19.34
,"Georgia","13","Native Hawaiian or Other Pacific Islander","NHOPI","2022","2022",23,511,45.01
,"Georgia","13","Native Hawaiian or Other Pacific Islander","NHOPI","2023","2023",26,544,47.79
,"Georgia","13","Native Hawaiian or Other Pacific Islander","NHOPI","2024","2024",15,580,25.86
,"Georgia","13","White","2106-3","2016","2016",4246,195964,21.67
,"Georgia","13","White","2106-3","2017","2017",4006,197956,20.24
,"Georgia","13","White","2106-3","2018","2018",3840,198960,19.30
,"Georgia","13","White","2106-3","2019","2019",3634,200578,18.12
,"Georgia","13","White","2106-3","2020","2020",3393,200995,16.88
,"Georgia","13","White","2106-3","2021","2021",3189,205973,15.48
,"Georgia","13","White","2106-3","2022","2022",3262,203891,16.00
,"Georgia","13","White","2106-3","2023","2023",3315,208011,15.94
,"Georgia","13","White","2106-3","2024","2024",3336,207726,16.06
,"Georgia","13","More than one race","M","2016","2016",256,10777,23.75
,"Georgia","13","More than one race","M","2017","2017",280,11142,25.13
,"Georgia","13","More than one race","M","2018","2018",255,11642,21.90
,"Georgia","13","More than one race","M","2019","2019",252,12155,20.73
,"Georgia","13","More than one race","M","2020","2020",224,12646,17.71
,"Georgia","13","More than one race","M","2021","2021",236,13516,17.46
,"Georgia","13","More than one race","M","2022","2022",239,14196,16.84
,"Georgia","13","More than one race","M","2023","2023",277,15164,18.27
,"Georgia","13","More than one race","M","2024","2024",252,15872,15.88
,"Georgia","13","Unknown or Not Stated","UNK","2016","2016",0,Not Available,Not Available
,"Georgia","13","Unknown or Not Stated","UNK","2017","2017",0,Not Available,Not Available
,"Georgia","13","Unknown or Not Stated","UNK","2018","2018",0,Not Available,Not Available
,"Georgia","13","Unknown or Not Stated","UNK","2019","2019",0,Not Available,Not Available
,"Georgia","13","Unknown or Not Stated","UNK","2020","2020",0,Not Available,Not Available
,"Georgia","13","Unknown or Not Stated","UNK","2021","2021",0,Not Available,Not Available
,"Georgia","13","Unknown or Not Stated","UNK","2022","2022",0,Not Available,Not Available
,"Georgia","13","Unknown or Not Stated","UNK","2023","2023",0,Not Available,Not Available
,"Georgia","13","Unknown or Not Stated","UNK","2024","2024",0,Not Available,Not Available
,"Georgia","13","Not Available","NA","2016","2016",0,Not Available,Not Available
,"Georgia","13","Not Available","NA","2017","2017",0,Not Available,Not Available
,"Georgia","13","Not Available","NA","2018","2018",0,Not Available,Not Available
,"Georgia","13","Not Available","NA","2019","2019",0,Not Available,Not Available
,"Georgia","13","Not Available","NA","2020","2020",0,Not Available,Not Available
,"Georgia","13","Not Available","NA","2021","2021",0,Not Available,Not Available
,"Georgia","13","Not Available","NA","2022","2022",0,Not Available,Not Available
,"Georgia","13","Not Available","NA","2023","2023",0,Not Available,Not Available
,"Georgia","13","Not Available","NA","2024","2024",0,Not Available,Not Available
,"Georgia","13","Not Reported","NR","2016","2016",0,Not Available,Not Available
,"Georgia","13","Not Reported","NR","2017","2017",0,Not Available,Not Available
,"Georgia","13","Not Reported","NR","2018","2018",0,Not Available,Not Available
,"Georgia","13","Not Reported","NR","2019","2019",0,Not Available,Not Available
,"Georgia","13","Not Reported","NR","2020","2020",0,Not Available,Not Available
,"Georgia","13","Not Reported","NR","2021","2021",0,Not Available,Not Available
,"Georgia","13","Not Reported","NR","2022","2022",0,Not Available,Not Available
,"Georgia","13","Not Reported","NR","2023","2023",0,Not Available,Not Available
,"Georgia","13","Not Reported","NR","2024","2024",0,Not Available,Not Available
,"Hawaii","15","American Indian or Alaska Native","1002-5","2016","2016",Suppressed,134,Suppressed
,"Hawaii","15","American Indian or Alaska Native","1002-5","2017","2017",0,101,0.00
,"Hawaii","15","American Indian or Alaska Native","1002-5","2018","2018",Suppressed,113,Suppressed
,"Hawaii","15","American Indian or Alaska Native","1002-5","2019","2019",Suppressed,108,Suppressed
,"Hawaii","15","American Indian or Alaska Native","1002-5","2020","2020",0,128,0.00
,"Hawaii","15","American Indian or Alaska Native","1002-5","2021","2021",Suppressed,120,Suppressed
,"Hawaii","15","American Indian or Alaska Native","1002-5","2022","2022",0,113,0.00
,"Hawaii","15","American Indian or Alaska Native","1002-5","2023","2023",Suppressed,132,Suppressed
,"Hawaii","15","American Indian or Alaska Native","1002-5","2024","2024",Suppressed,132,Suppressed
,"Hawaii","15","Asian","A","2016","2016",67,11326,5.92
,"Hawaii","15","Asian","A","2017","2017",65,11230,5.79
,"Hawaii","15","Asian","A","2018","2018",52,11255,4.62
,"Hawaii","15","Asian","A","2019","2019",60,11240,5.34
,"Hawaii","15","Asian","A","2020","2020",40,10539,3.80
,"Hawaii","15","Asian","A","2021","2021",30,10787,2.78
,"Hawaii","15","Asian","A","2022","2022",31,10474,2.96
,"Hawaii","15","Asian","A","2023","2023",27,10547,2.56
,"Hawaii","15","Asian","A","2024","2024",29,10590,2.74
,"Hawaii","15","Black or African American","2054-5","2016","2016",13,718,18.11
,"Hawaii","15","Black or African American","2054-5","2017","2017",Suppressed,685,Suppressed
,"Hawaii","15","Black or African American","2054-5","2018","2018",Suppressed,665,Suppressed
,"Hawaii","15","Black or African American","2054-5","2019","2019",Suppressed,646,Suppressed
,"Hawaii","15","Black or African American","2054-5","2020","2020",Suppressed,687,Suppressed
,"Hawaii","15","Black or African American","2054-5","2021","2021",Suppressed,704,Suppressed
,"Hawaii","15","Black or African American","2054-5","2022","2022",Suppressed,717,Suppressed
,"Hawaii","15","Black or African American","2054-5","2023","2023",Suppressed,738,Suppressed
,"Hawaii","15","Black or African American","2054-5","2024","2024",Suppressed,711,Suppressed
,"Hawaii","15","Native Hawaiian or Other Pacific Islander","NHOPI","2016","2016",142,5002,28.39
,"Hawaii","15","Native Hawaiian or Other Pacific Islander","NHOPI","2017","2017",121,4936,24.51
,"Hawaii","15","Native Hawaiian or Other Pacific Islander","NHOPI","2018","2018",143,4912,29.11
,"Hawaii","15","Native Hawaiian or Other Pacific Islander","NHOPI","2019","2019",116,4978,23.30
,"Hawaii","15","Native Hawaiian or Other Pacific Islander","NHOPI","2020","2020",100,4872,20.53
,"Hawaii","15","Native Hawaiian or Other Pacific Islander","NHOPI","2021","2021",92,5161,17.83
,"Hawaii","15","Native Hawaiian or Other Pacific Islander","NHOPI","2022","2022",77,5072,15.18
,"Hawaii","15","Native Hawaiian or Other Pacific Islander","NHOPI","2023","2023",77,5126,15.02
,"Hawaii","15","Native Hawaiian or Other Pacific Islander","NHOPI","2024","2024",82,5220,15.71
,"Hawaii","15","White","2106-3","2016","2016",100,6328,15.80
,"Hawaii","15","White","2106-3","2017","2017",101,6076,16.62
,"Hawaii","15","White","2106-3","2018","2018",86,6153,13.98
,"Hawaii","15","White","2106-3","2019","2019",62,6091,10.18
,"Hawaii","15","White","2106-3","2020","2020",66,5925,11.14
,"Hawaii","15","White","2106-3","2021","2021",63,6328,9.96
,"Hawaii","15","White","2106-3","2022","2022",58,6168,9.40
,"Hawaii","15","White","2106-3","2023","2023",48,6325,7.59
,"Hawaii","15","White","2106-3","2024","2024",44,6520,6.75
,"Hawaii","15","More than one race","M","2016","2016",404,14369,28.12
,"Hawaii","15","More than one race","M","2017","2017",420,14259,29.46
,"Hawaii","15","More than one race","M","2018","2018",354,14247,24.85
,"Hawaii","15","More than one race","M","2019","2019",340,14239,23.88
,"Hawaii","15","More than one race","M","2020","2020",261,13880,18.80
,"Hawaii","15","More than one race","M","2021","2021",274,14573,18.80
,"Hawaii","15","More than one race","M","2022","2022",263,14428,18.23
,"Hawaii","15","More than one race","M","2023","2023",265,14565,18.19
,"Hawaii","15","More than one race","M","2024","2024",253,14650,17.27
,"Hawaii","15","Unknown or Not Stated","UNK","2016","2016",0,Not Available,Not Available
,"Hawaii","15","Unknown or Not Stated","UNK","2017","2017",0,Not Available,Not Available
,"Hawaii","15","Unknown or Not Stated","UNK","2018","2018",0,Not Available,Not Available
,"Hawaii","15","Unknown or Not Stated","UNK","2019","2019",0,Not Available,Not Available
,"Hawaii","15","Unknown or Not Stated","UNK","2020","2020",0,Not Available,Not Available
,"Hawaii","15","Unknown or Not Stated","UNK","2021","2021",0,Not Available,Not Available
,"Hawaii","15","Unknown or Not Stated","UNK","2022","2022",0,Not Available,Not Available
,"Hawaii","15","Unknown or Not Stated","UNK","2023","2023",0,Not Available,Not Available
,"Hawaii","15","Unknown or Not Stated","UNK","2024","2024",0,Not Available,Not Available
,"Hawaii","15","Not Available","NA","2016","2016",0,Not Available,Not Available
,"Hawaii","15","Not Available","NA","2017","2017",0,Not Available,Not Available
,"Hawaii","15","Not Available","NA","2018","2018",0,Not Available,Not Available
,"Hawaii","15","Not Available","NA","2019","2019",0,Not Available,Not Available
,"Hawaii","15","Not Available","NA","2020","2020",0,Not Available,Not Available
,"Hawaii","15","Not Available","NA","2021","2021",0,Not Available,Not Available
,"Hawaii","15","Not Available","NA","2022","2022",0,Not Available,Not Available
,"Hawaii","15","Not Available","NA","2023","2023",0,Not Available,Not Available
,"Hawaii","15","Not Available","NA","2024","2024",0,Not Available,Not Available
,"Hawaii","15","Not Reported","NR","2016","2016",0,Not Available,Not Available
,"Hawaii","15","Not Reported","NR","2017","2017",0,Not Available,Not Available
,"Hawaii","15","Not Reported","NR","2018","2018",0,Not Available,Not Available
,"Hawaii","15","Not Reported","NR","2019","2019",0,Not Available,Not Available
,"Hawaii","15","Not Reported","NR","2020","2020",0,Not Available,Not Available
,"Hawaii","15","Not Reported","NR","2021","2021",0,Not Available,Not Available
,"Hawaii","15","Not Reported","NR","2022","2022",0,Not Available,Not Available
,"Hawaii","15","Not Reported","NR","2023","2023",0,Not Available,Not Available
,"Hawaii","15","Not Reported","NR","2024","2024",0,Not Available,Not Available
,"Idaho","16","American Indian or Alaska Native","1002-5","2016","2016",31,1068,29.03
,"Idaho","16","American Indian or Alaska Native","1002-5","2017","2017",31,1066,29.08
,"Idaho","16","American Indian or Alaska Native","1002-5","2018","2018",36,1089,33.06
,"Idaho","16","American Indian or Alaska Native","1002-5","2019","2019",36,1109,32.46
,"Idaho","16","American Indian or Alaska Native","1002-5","2020","2020",32,1149,27.85
,"Idaho","16","American Indian or Alaska Native","1002-5","2021","2021",34,1223,27.80
,"Idaho","16","American Indian or Alaska Native","1002-5","2022","2022",40,1215,32.92
,"Idaho","16","American Indian or Alaska Native","1002-5","2023","2023",24,1253,19.15
,"Idaho","16","American Indian or Alaska Native","1002-5","2024","2024",28,1254,22.33
,"Idaho","16","Asian","A","2016","2016",Suppressed,881,Suppressed
,"Idaho","16","Asian","A","2017","2017",Suppressed,1119,Suppressed
,"Idaho","16","Asian","A","2018","2018",Suppressed,1401,Suppressed
,"Idaho","16","Asian","A","2019","2019",Suppressed,1141,Suppressed
,"Idaho","16","Asian","A","2020","2020",Suppressed,1095,Suppressed
,"Idaho","16","Asian","A","2021","2021",Suppressed,1052,Suppressed
,"Idaho","16","Asian","A","2022","2022",Suppressed,1108,Suppressed
,"Idaho","16","Asian","A","2023","2023",Suppressed,1097,Suppressed
,"Idaho","16","Asian","A","2024","2024",Suppressed,1172,Suppressed
,"Idaho","16","Black or African American","2054-5","2016","2016",10,651,15.36
,"Idaho","16","Black or African American","2054-5","2017","2017",22,672,32.74
,"Idaho","16","Black or African American","2054-5","2018","2018",23,712,32.30
,"Idaho","16","Black or African American","2054-5","2019","2019",12,723,16.60
,"Idaho","16","Black or African American","2054-5","2020","2020",23,740,31.08
,"Idaho","16","Black or African American","2054-5","2021","2021",16,775,20.65
,"Idaho","16","Black or African American","2054-5","2022","2022",13,850,15.29
,"Idaho","16","Black or African American","2054-5","2023","2023",17,878,19.36
,"Idaho","16","Black or African American","2054-5","2024","2024",13,986,13.18
,"Idaho","16","Native Hawaiian or Other Pacific Islander","NHOPI","2016","2016",Suppressed,132,Suppressed
,"Idaho","16","Native Hawaiian or Other Pacific Islander","NHOPI","2017","2017",Suppressed,139,Suppressed
,"Idaho","16","Native Hawaiian or Other Pacific Islander","NHOPI","2018","2018",Suppressed,147,Suppressed
,"Idaho","16","Native Hawaiian or Other Pacific Islander","NHOPI","2019","2019",Suppressed,167,Suppressed
,"Idaho","16","Native Hawaiian or Other Pacific Islander","NHOPI","2020","2020",Suppressed,166,Suppressed
,"Idaho","16","Native Hawaiian or Other Pacific Islander","NHOPI","2021","2021",Suppressed,166,Suppressed
,"Idaho","16","Native Hawaiian or Other Pacific Islander","NHOPI","2022","2022",Suppressed,200,Suppressed
,"Idaho","16","Native Hawaiian or Other Pacific Islander","NHOPI","2023","2023",Suppressed,205,Suppressed
,"Idaho","16","Native Hawaiian or Other Pacific Islander","NHOPI","2024","2024",Suppressed,192,Suppressed
,"Idaho","16","White","2106-3","2016","2016",1085,53354,20.34
,"Idaho","16","White","2106-3","2017","2017",992,54352,18.25
,"Idaho","16","White","2106-3","2018","2018",872,55370,15.75
,"Idaho","16","White","2106-3","2019","2019",825,56018,14.73
,"Idaho","16","White","2106-3","2020","2020",810,56788,14.26
,"Idaho","16","White","2106-3","2021","2021",702,59762,11.75
,"Idaho","16","White","2106-3","2022","2022",724,67679,10.70
,"Idaho","16","White","2106-3","2023","2023",727,69622,10.44
,"Idaho","16","White","2106-3","2024","2024",684,70264,9.73
,"Idaho","16","More than one race","M","2016","2016",40,2059,19.43
,"Idaho","16","More than one race","M","2017","2017",47,2086,22.53
,"Idaho","16","More than one race","M","2018","2018",31,2179,14.23
,"Idaho","16","More than one race","M","2019","2019",33,2248,14.68
,"Idaho","16","More than one race","M","2020","2020",34,2401,14.16
,"Idaho","16","More than one race","M","2021","2021",31,2622,11.82
,"Idaho","16","More than one race","M","2022","2022",20,3177,6.30
,"Idaho","16","More than one race","M","2023","2023",25,3298,7.58
,"Idaho","16","More than one race","M","2024","2024",32,3330,9.61
,"Idaho","16","Unknown or Not Stated","UNK","2016","2016",0,Not Available,Not Available
,"Idaho","16","Unknown or Not Stated","UNK","2017","2017",0,Not Available,Not Available
,"Idaho","16","Unknown or Not Stated","UNK","2018","2018",0,Not Available,Not Available
,"Idaho","16","Unknown or Not Stated","UNK","2019","2019",0,Not Available,Not Available
,"Idaho","16","Unknown or Not Stated","UNK","2020","2020",0,Not Available,Not Available
,"Idaho","16","Unknown or Not Stated","UNK","2021","2021",0,Not Available,Not Available
,"Idaho","16","Unknown or Not Stated","UNK","2022","2022",0,Not Available,Not Available
,"Idaho","16","Unknown or Not Stated","UNK","2023","2023",0,Not Available,Not Available
,"Idaho","16","Unknown or Not Stated","UNK","2024","2024",0,Not Available,Not Available
,"Idaho","16","Not Available","NA","2016","2016",0,Not Available,Not Available
,"Idaho","16","Not Available","NA","2017","2017",0,Not Available,Not Available
,"Idaho","16","Not Available","NA","2018","2018",0,Not Available,Not Available
,"Idaho","16","Not Available","NA","2019","2019",0,Not Available,Not Available
,"Idaho","16","Not Available","NA","2020","2020",0,Not Available,Not Available
,"Idaho","16","Not Available","NA","2021","2021",0,Not Available,Not Available
,"Idaho","16","Not Available","NA","2022","2022",0,Not Available,Not Available
,"Idaho","16","Not Available","NA","2023","2023",0,Not Available,Not Available
,"Idaho","16","Not Available","NA","2024","2024",0,Not Available,Not Available
,"Idaho","16","Not Reported","NR","2016","2016",0,Not Available,Not Available
,"Idaho","16","Not Reported","NR","2017","2017",0,Not Available,Not Available
,"Idaho","16","Not Reported","NR","2018","2018",0,Not Available,Not Available
,"Idaho","16","Not Reported","NR","2019","2019",0,Not Available,Not Available
,"Idaho","16","Not Reported","NR","2020","2020",0,Not Available,Not Available
,"Idaho","16","Not Reported","NR","2021","2021",0,Not Available,Not Available
,"Idaho","16","Not Reported","NR","2022","2022",0,Not Available,Not Available
,"Idaho","16","Not Reported","NR","2023","2023",0,Not Available,Not Available
,"Idaho","16","Not Reported","NR","2024","2024",0,Not Available,Not Available
,"Illinois","17","American Indian or Alaska Native","1002-5","2016","2016",Suppressed,3270,Suppressed
,"Illinois","17","American Indian or Alaska Native","1002-5","2017","2017",11,3285,3.35
,"Illinois","17","American Indian or Alaska Native","1002-5","2018","2018",Suppressed,3249,Suppressed
,"Illinois","17","American Indian or Alaska Native","1002-5","2019","2019",Suppressed,3231,Suppressed
,"Illinois","17","American Indian or Alaska Native","1002-5","2020","2020",11,3274,3.36
,"Illinois","17","American Indian or Alaska Native","1002-5","2021","2021",Suppressed,3426,Suppressed
,"Illinois","17","American Indian or Alaska Native","1002-5","2022","2022",13,3391,3.83
,"Illinois","17","American Indian or Alaska Native","1002-5","2023","2023",11,3590,3.06
,"Illinois","17","American Indian or Alaska Native","1002-5","2024","2024",11,3751,2.93
,"Illinois","17","Asian","A","2016","2016",56,20412,2.74
,"Illinois","17","Asian","A","2017","2017",49,20737,2.36
,"Illinois","17","Asian","A","2018","2018",45,21727,2.07
,"Illinois","17","Asian","A","2019","2019",43,21919,1.96
,"Illinois","17","Asian","A","2020","2020",33,21941,1.50
,"Illinois","17","Asian","A","2021","2021",26,22557,1.15
,"Illinois","17","Asian","A","2022","2022",31,22688,1.37
,"Illinois","17","Asian","A","2023","2023",31,23155,1.34
,"Illinois","17","Asian","A","2024","2024",31,25027,1.24
,"Illinois","17","Black or African American","2054-5","2016","2016",2653,70381,37.69
,"Illinois","17","Black or African American","2054-5","2017","2017",2406,68542,35.10
,"Illinois","17","Black or African American","2054-5","2018","2018",2075,66590,31.16
,"Illinois","17","Black or African American","2054-5","2019","2019",1920,65080,29.50
,"Illinois","17","Black or African American","2054-5","2020","2020",1745,63134,27.64
,"Illinois","17","Black or African American","2054-5","2021","2021",1400,64079,21.85
,"Illinois","17","Black or African American","2054-5","2022","2022",1339,62888,21.29
,"Illinois","17","Black or African American","2054-5","2023","2023",1178,63447,18.57
,"Illinois","17","Black or African American","2054-5","2024","2024",1109,63790,17.39
,"Illinois","17","Native Hawaiian or Other Pacific Islander","NHOPI","2016","2016",Suppressed,291,Suppressed
,"Illinois","17","Native Hawaiian or Other Pacific Islander","NHOPI","2017","2017",Suppressed,282,Suppressed
,"Illinois","17","Native Hawaiian or Other Pacific Islander","NHOPI","2018","2018",Suppressed,278,Suppressed
,"Illinois","17","Native Hawaiian or Other Pacific Islander","NHOPI","2019","2019",0,283,0.00
,"Illinois","17","Native Hawaiian or Other Pacific Islander","NHOPI","2020","2020",Suppressed,294,Suppressed
,"Illinois","17","Native Hawaiian or Other Pacific Islander","NHOPI","2021","2021",Suppressed,307,Suppressed
,"Illinois","17","Native Hawaiian or Other Pacific Islander","NHOPI","2022","2022",Suppressed,318,Suppressed
,"Illinois","17","Native Hawaiian or Other Pacific Islander","NHOPI","2023","2023",Suppressed,338,Suppressed
,"Illinois","17","Native Hawaiian or Other Pacific Islander","NHOPI","2024","2024",Suppressed,356,Suppressed
,"Illinois","17","White","2106-3","2016","2016",4812,304939,15.78
,"Illinois","17","White","2106-3","2017","2017",4430,302004,14.67
,"Illinois","17","White","2106-3","2018","2018",4070,299464,13.59
,"Illinois","17","White","2106-3","2019","2019",3707,297539,12.46
,"Illinois","17","White","2106-3","2020","2020",3361,293560,11.45
,"Illinois","17","White","2106-3","2021","2021",2885,301320,9.57
,"Illinois","17","White","2106-3","2022","2022",2927,294481,9.94
,"Illinois","17","White","2106-3","2023","2023",2892,298346,9.69
,"Illinois","17","White","2106-3","2024","2024",2873,298040,9.64
,"Illinois","17","More than one race","M","2016","2016",198,13181,15.02
,"Illinois","17","More than one race","M","2017","2017",206,13394,15.38
,"Illinois","17","More than one race","M","2018","2018",204,13736,14.85
,"Illinois","17","More than one race","M","2019","2019",207,14153,14.63
,"Illinois","17","More than one race","M","2020","2020",228,14488,15.74
,"Illinois","17","More than one race","M","2021","2021",183,15442,11.85
,"Illinois","17","More than one race","M","2022","2022",182,15773,11.54
,"Illinois","17","More than one race","M","2023","2023",211,16417,12.85
,"Illinois","17","More than one race","M","2024","2024",201,17002,11.82
,"Illinois","17","Unknown or Not Stated","UNK","2016","2016",0,Not Available,Not Available
,"Illinois","17","Unknown or Not Stated","UNK","2017","2017",0,Not Available,Not Available
,"Illinois","17","Unknown or Not Stated","UNK","2018","2018",0,Not Available,Not Available
,"Illinois","17","Unknown or Not Stated","UNK","2019","2019",0,Not Available,Not Available
,"Illinois","17","Unknown or Not Stated","UNK","2020","2020",0,Not Available,Not Available
,"Illinois","17","Unknown or Not Stated","UNK","2021","2021",0,Not Available,Not Available
,"Illinois","17","Unknown or Not Stated","UNK","2022","2022",0,Not Available,Not Available
,"Illinois","17","Unknown or Not Stated","UNK","2023","2023",0,Not Available,Not Available
,"Illinois","17","Unknown or Not Stated","UNK","2024","2024",0,Not Available,Not Available
,"Illinois","17","Not Available","NA","2016","2016",0,Not Available,Not Available
,"Illinois","17","Not Available","NA","2017","2017",0,Not Available,Not Available
,"Illinois","17","Not Available","NA","2018","2018",0,Not Available,Not Available
,"Illinois","17","Not Available","NA","2019","2019",0,Not Available,Not Available
,"Illinois","17","Not Available","NA","2020","2020",0,Not Available,Not Available
,"Illinois","17","Not Available","NA","2021","2021",0,Not Available,Not Available
,"Illinois","17","Not Available","NA","2022","2022",0,Not Available,Not Available
,"Illinois","17","Not Available","NA","2023","2023",0,Not Available,Not Available
,"Illinois","17","Not Available","NA","2024","2024",0,Not Available,Not Available
,"Illinois","17","Not Reported","NR","2016","2016",0,Not Available,Not Available
,"Illinois","17","Not Reported","NR","2017","2017",0,Not Available,Not Available
,"Illinois","17","Not Reported","NR","2018","2018",0,Not Available,Not Available
,"Illinois","17","Not Reported","NR","2019","2019",0,Not Available,Not Available
,"Illinois","17","Not Reported","NR","2020","2020",0,Not Available,Not Available
,"Illinois","17","Not Reported","NR","2021","2021",0,Not Available,Not Available
,"Illinois","17","Not Reported","NR","2022","2022",0,Not Available,Not Available
,"Illinois","17","Not Reported","NR","2023","2023",0,Not Available,Not Available
,"Illinois","17","Not Reported","NR","2024","2024",0,Not Available,Not Available
,"Indiana","18","American Indian or Alaska Native","1002-5","2016","2016",Suppressed,1035,Suppressed
,"Indiana","18","American Indian or Alaska Native","1002-5","2017","2017",Suppressed,1031,Suppressed
,"Indiana","18","American Indian or Alaska Native","1002-5","2018","2018",Suppressed,1040,Suppressed
,"Indiana","18","American Indian or Alaska Native","1002-5","2019","2019",Suppressed,1081,Suppressed
,"Indiana","18","American Indian or Alaska Native","1002-5","2020","2020",Suppressed,1103,Suppressed
,"Indiana","18","American Indian or Alaska Native","1002-5","2021","2021",Suppressed,1152,Suppressed
,"Indiana","18","American Indian or Alaska Native","1002-5","2022","2022",Suppressed,1143,Suppressed
,"Indiana","18","American Indian or Alaska Native","1002-5","2023","2023",Suppressed,1208,Suppressed
,"Indiana","18","American Indian or Alaska Native","1002-5","2024","2024",12,1221,9.83
,"Indiana","18","Asian","A","2016","2016",44,5832,7.54
,"Indiana","18","Asian","A","2017","2017",53,6140,8.63
,"Indiana","18","Asian","A","2018","2018",42,6276,6.69
,"Indiana","18","Asian","A","2019","2019",48,6857,7.00
,"Indiana","18","Asian","A","2020","2020",33,6538,5.05
,"Indiana","18","Asian","A","2021","2021",33,6573,5.02
,"Indiana","18","Asian","A","2022","2022",51,6632,7.69
,"Indiana","18","Asian","A","2023","2023",45,6720,6.70
,"Indiana","18","Asian","A","2024","2024",38,7090,5.36
,"Indiana","18","Black or African American","2054-5","2016","2016",941,25170,37.39
,"Indiana","18","Black or African American","2054-5","2017","2017",935,25174,37.14
,"Indiana","18","Black or African American","2054-5","2018","2018",928,25138,36.92
,"Indiana","18","Black or African American","2054-5","2019","2019",863,25144,34.32
,"Indiana","18","Black or African American","2054-5","2020","2020",831,25065,33.15
,"Indiana","18","Black or African American","2054-5","2021","2021",788,25794,30.55
,"Indiana","18","Black or African American","2054-5","2022","2022",706,25886,27.27
,"Indiana","18","Black or African American","2054-5","2023","2023",656,26803,24.47
,"Indiana","18","Black or African American","2054-5","2024","2024",592,27459,21.56
,"Indiana","18","Native Hawaiian or Other Pacific Islander","NHOPI","2016","2016",Suppressed,150,Suppressed
,"Indiana","18","Native Hawaiian or Other Pacific Islander","NHOPI","2017","2017",Suppressed,162,Suppressed
,"Indiana","18","Native Hawaiian or Other Pacific Islander","NHOPI","2018","2018",Suppressed,169,Suppressed
,"Indiana","18","Native Hawaiian or Other Pacific Islander","NHOPI","2019","2019",Suppressed,177,Suppressed
,"Indiana","18","Native Hawaiian or Other Pacific Islander","NHOPI","2020","2020",Suppressed,192,Suppressed
,"Indiana","18","Native Hawaiian or Other Pacific Islander","NHOPI","2021","2021",10,186,53.76
,"Indiana","18","Native Hawaiian or Other Pacific Islander","NHOPI","2022","2022",11,184,59.78
,"Indiana","18","Native Hawaiian or Other Pacific Islander","NHOPI","2023","2023",10,205,48.78
,"Indiana","18","Native Hawaiian or Other Pacific Islander","NHOPI","2024","2024",Suppressed,224,Suppressed
,"Indiana","18","White","2106-3","2016","2016",4059,183117,22.17
,"Indiana","18","White","2106-3","2017","2017",3914,182475,21.45
,"Indiana","18","White","2106-3","2018","2018",3647,181241,20.12
,"Indiana","18","White","2106-3","2019","2019",3525,181105,19.46
,"Indiana","18","White","2106-3","2020","2020",3092,179260,17.25
,"Indiana","18","White","2106-3","2021","2021",2813,183196,15.36
,"Indiana","18","White","2106-3","2022","2022",2783,180751,15.40
,"Indiana","18","White","2106-3","2023","2023",2700,184421,14.64
,"Indiana","18","White","2106-3","2024","2024",2612,184133,14.19
,"Indiana","18","More than one race","M","2016","2016",199,7815,25.46
,"Indiana","18","More than one race","M","2017","2017",184,8072,22.79
,"Indiana","18","More than one race","M","2018","2018",211,8365,25.22
,"Indiana","18","More than one race","M","2019","2019",195,8602,22.67
,"Indiana","18","More than one race","M","2020","2020",163,8754,18.62
,"Indiana","18","More than one race","M","2021","2021",190,9317,20.39
,"Indiana","18","More than one race","M","2022","2022",187,9673,19.33
,"Indiana","18","More than one race","M","2023","2023",191,10263,18.61
,"Indiana","18","More than one race","M","2024","2024",205,10748,19.07
,"Indiana","18","Unknown or Not Stated","UNK","2016","2016",0,Not Available,Not Available
,"Indiana","18","Unknown or Not Stated","UNK","2017","2017",0,Not Available,Not Available
,"Indiana","18","Unknown or Not Stated","UNK","2018","2018",0,Not Available,Not Available
,"Indiana","18","Unknown or Not Stated","UNK","2019","2019",0,Not Available,Not Available
,"Indiana","18","Unknown or Not Stated","UNK","2020","2020",0,Not Available,Not Available
,"Indiana","18","Unknown or Not Stated","UNK","2021","2021",0,Not Available,Not Available
,"Indiana","18","Unknown or Not Stated","UNK","2022","2022",0,Not Available,Not Available
,"Indiana","18","Unknown or Not Stated","UNK","2023","2023",0,Not Available,Not Available
,"Indiana","18","Unknown or Not Stated","UNK","2024","2024",0,Not Available,Not Available
,"Indiana","18","Not Available","NA","2016","2016",0,Not Available,Not Available
,"Indiana","18","Not Available","NA","2017","2017",0,Not Available,Not Available
,"Indiana","18","Not Available","NA","2018","2018",0,Not Available,Not Available
,"Indiana","18","Not Available","NA","2019","2019",0,Not Available,Not Available
,"Indiana","18","Not Available","NA","2020","2020",0,Not Available,Not Available
,"Indiana","18","Not Available","NA","2021","2021",0,Not Available,Not Available
,"Indiana","18","Not Available","NA","2022","2022",0,Not Available,Not Available
,"Indiana","18","Not Available","NA","2023","2023",0,Not Available,Not Available
,"Indiana","18","Not Available","NA","2024","2024",0,Not Available,Not Available
,"Indiana","18","Not Reported","NR","2016","2016",0,Not Available,Not Available
,"Indiana","18","Not Reported","NR","2017","2017",0,Not Available,Not Available
,"Indiana","18","Not Reported","NR","2018","2018",0,Not Available,Not Available
,"Indiana","18","Not Reported","NR","2019","2019",0,Not Available,Not Available
,"Indiana","18","Not Reported","NR","2020","2020",0,Not Available,Not Available
,"Indiana","18","Not Reported","NR","2021","2021",0,Not Available,Not Available
,"Indiana","18","Not Reported","NR","2022","2022",0,Not Available,Not Available
,"Indiana","18","Not Reported","NR","2023","2023",0,Not Available,Not Available
,"Indiana","18","Not Reported","NR","2024","2024",0,Not Available,Not Available
,"Iowa","19","American Indian or Alaska Native","1002-5","2016","2016",17,696,24.43
,"Iowa","19","American Indian or Alaska Native","1002-5","2017","2017",31,802,38.65
,"Iowa","19","American Indian or Alaska Native","1002-5","2018","2018",18,785,22.93
,"Iowa","19","American Indian or Alaska Native","1002-5","2019","2019",15,783,19.16
,"Iowa","19","American Indian or Alaska Native","1002-5","2020","2020",29,712,40.73
,"Iowa","19","American Indian or Alaska Native","1002-5","2021","2021",20,746,26.81
,"Iowa","19","American Indian or Alaska Native","1002-5","2022","2022",19,756,25.13
,"Iowa","19","American Indian or Alaska Native","1002-5","2023","2023",27,816,33.09
,"Iowa","19","American Indian or Alaska Native","1002-5","2024","2024",25,818,30.56
,"Iowa","19","Asian","A","2016","2016",28,3402,8.23
,"Iowa","19","Asian","A","2017","2017",25,3359,7.44
,"Iowa","19","Asian","A","2018","2018",26,3555,7.31
,"Iowa","19","Asian","A","2019","2019",18,3231,5.57
,"Iowa","19","Asian","A","2020","2020",16,3366,4.75
,"Iowa","19","Asian","A","2021","2021",14,3262,4.29
,"Iowa","19","Asian","A","2022","2022",16,3295,4.86
,"Iowa","19","Asian","A","2023","2023",15,3219,4.66
,"Iowa","19","Asian","A","2024","2024",16,3290,4.86
,"Iowa","19","Black or African American","2054-5","2016","2016",216,4930,43.81
,"Iowa","19","Black or African American","2054-5","2017","2017",218,5104,42.71
,"Iowa","19","Black or African American","2054-5","2018","2018",201,5103,39.39
,"Iowa","19","Black or African American","2054-5","2019","2019",210,5131,40.93
,"Iowa","19","Black or African American","2054-5","2020","2020",198,5361,36.93
,"Iowa","19","Black or African American","2054-5","2021","2021",200,5625,35.56
,"Iowa","19","Black or African American","2054-5","2022","2022",177,5647,31.34
,"Iowa","19","Black or African American","2054-5","2023","2023",156,5825,26.78
,"Iowa","19","Black or African American","2054-5","2024","2024",179,6005,29.81
,"Iowa","19","Native Hawaiian or Other Pacific Islander","NHOPI","2016","2016",12,127,94.49
,"Iowa","19","Native Hawaiian or Other Pacific Islander","NHOPI","2017","2017",Suppressed,156,Suppressed
,"Iowa","19","Native Hawaiian or Other Pacific Islander","NHOPI","2018","2018",20,169,118.34
,"Iowa","19","Native Hawaiian or Other Pacific Islander","NHOPI","2019","2019",16,231,69.26
,"Iowa","19","Native Hawaiian or Other Pacific Islander","NHOPI","2020","2020",21,256,82.03
,"Iowa","19","Native Hawaiian or Other Pacific Islander","NHOPI","2021","2021",21,295,71.19
,"Iowa","19","Native Hawaiian or Other Pacific Islander","NHOPI","2022","2022",27,311,86.82
,"Iowa","19","Native Hawaiian or Other Pacific Islander","NHOPI","2023","2023",31,369,84.01
,"Iowa","19","Native Hawaiian or Other Pacific Islander","NHOPI","2024","2024",27,389,69.41
,"Iowa","19","White","2106-3","2016","2016",1458,92359,15.79
,"Iowa","19","White","2106-3","2017","2017",1317,91959,14.32
,"Iowa","19","White","2106-3","2018","2018",1250,91300,13.69
,"Iowa","19","White","2106-3","2019","2019",1111,90223,12.31
,"Iowa","19","White","2106-3","2020","2020",1045,89932,11.62
,"Iowa","19","White","2106-3","2021","2021",1027,93127,11.03
,"Iowa","19","White","2106-3","2022","2022",1020,93307,10.93
,"Iowa","19","White","2106-3","2023","2023",1011,95199,10.62
,"Iowa","19","White","2106-3","2024","2024",1038,95823,10.83
,"Iowa","19","More than one race","M","2016","2016",73,3515,20.77
,"Iowa","19","More than one race","M","2017","2017",79,3599,21.95
,"Iowa","19","More than one race","M","2018","2018",88,3738,23.54
,"Iowa","19","More than one race","M","2019","2019",90,3784,23.78
,"Iowa","19","More than one race","M","2020","2020",72,3942,18.26
,"Iowa","19","More than one race","M","2021","2021",81,4158,19.48
,"Iowa","19","More than one race","M","2022","2022",79,4295,18.39
,"Iowa","19","More than one race","M","2023","2023",59,4547,12.98
,"Iowa","19","More than one race","M","2024","2024",74,4753,15.57
,"Iowa","19","Unknown or Not Stated","UNK","2016","2016",0,Not Available,Not Available
,"Iowa","19","Unknown or Not Stated","UNK","2017","2017",0,Not Available,Not Available
,"Iowa","19","Unknown or Not Stated","UNK","2018","2018",0,Not Available,Not Available
,"Iowa","19","Unknown or Not Stated","UNK","2019","2019",0,Not Available,Not Available
,"Iowa","19","Unknown or Not Stated","UNK","2020","2020",0,Not Available,Not Available
,"Iowa","19","Unknown or Not Stated","UNK","2021","2021",0,Not Available,Not Available
,"Iowa","19","Unknown or Not Stated","UNK","2022","2022",0,Not Available,Not Available
,"Iowa","19","Unknown or Not Stated","UNK","2023","2023",0,Not Available,Not Available
,"Iowa","19","Unknown or Not Stated","UNK","2024","2024",0,Not Available,Not Available
,"Iowa","19","Not Available","NA","2016","2016",0,Not Available,Not Available
,"Iowa","19","Not Available","NA","2017","2017",0,Not Available,Not Available
,"Iowa","19","Not Available","NA","2018","2018",0,Not Available,Not Available
,"Iowa","19","Not Available","NA","2019","2019",0,Not Available,Not Available
,"Iowa","19","Not Available","NA","2020","2020",0,Not Available,Not Available
,"Iowa","19","Not Available","NA","2021","2021",0,Not Available,Not Available
,"Iowa","19","Not Available","NA","2022","2022",0,Not Available,Not Available
,"Iowa","19","Not Available","NA","2023","2023",0,Not Available,Not Available
,"Iowa","19","Not Available","NA","2024","2024",0,Not Available,Not Available
,"Iowa","19","Not Reported","NR","2016","2016",0,Not Available,Not Available
,"Iowa","19","Not Reported","NR","2017","2017",0,Not Available,Not Available
,"Iowa","19","Not Reported","NR","2018","2018",0,Not Available,Not Available
,"Iowa","19","Not Reported","NR","2019","2019",0,Not Available,Not Available
,"Iowa","19","Not Reported","NR","2020","2020",0,Not Available,Not Available
,"Iowa","19","Not Reported","NR","2021","2021",0,Not Available,Not Available
,"Iowa","19","Not Reported","NR","2022","2022",0,Not Available,Not Available
,"Iowa","19","Not Reported","NR","2023","2023",0,Not Available,Not Available
,"Iowa","19","Not Reported","NR","2024","2024",0,Not Available,Not Available
,"Kansas","20","American Indian or Alaska Native","1002-5","2016","2016",16,1512,10.58
,"Kansas","20","American Indian or Alaska Native","1002-5","2017","2017",19,1480,12.84
,"Kansas","20","American Indian or Alaska Native","1002-5","2018","2018",10,1474,6.78
,"Kansas","20","American Indian or Alaska Native","1002-5","2019","2019",25,1461,17.11
,"Kansas","20","American Indian or Alaska Native","1002-5","2020","2020",21,1409,14.90
,"Kansas","20","American Indian or Alaska Native","1002-5","2021","2021",16,1464,10.93
,"Kansas","20","American Indian or Alaska Native","1002-5","2022","2022",13,1461,8.90
,"Kansas","20","American Indian or Alaska Native","1002-5","2023","2023",15,1512,9.92
,"Kansas","20","American Indian or Alaska Native","1002-5","2024","2024",20,1594,12.55
,"Kansas","20","Asian","A","2016","2016",26,3113,8.35
,"Kansas","20","Asian","A","2017","2017",18,3370,5.34
,"Kansas","20","Asian","A","2018","2018",21,3172,6.62
,"Kansas","20","Asian","A","2019","2019",23,3282,7.01
,"Kansas","20","Asian","A","2020","2020",17,3079,5.52
,"Kansas","20","Asian","A","2021","2021",Suppressed,2999,Suppressed
,"Kansas","20","Asian","A","2022","2022",14,2948,4.75
,"Kansas","20","Asian","A","2023","2023",14,2948,4.75
,"Kansas","20","Asian","A","2024","2024",15,3139,4.78
,"Kansas","20","Black or African American","2054-5","2016","2016",238,6570,36.23
,"Kansas","20","Black or African American","2054-5","2017","2017",250,6540,38.23
,"Kansas","20","Black or African American","2054-5","2018","2018",261,6566,39.75
,"Kansas","20","Black or African American","2054-5","2019","2019",232,6464,35.89
,"Kansas","20","Black or African American","2054-5","2020","2020",200,6368,31.41
,"Kansas","20","Black or African American","2054-5","2021","2021",201,6567,30.61
,"Kansas","20","Black or African American","2054-5","2022","2022",184,6656,27.64
,"Kansas","20","Black or African American","2054-5","2023","2023",179,6773,26.43
,"Kansas","20","Black or African American","2054-5","2024","2024",178,7011,25.39
,"Kansas","20","Native Hawaiian or Other Pacific Islander","NHOPI","2016","2016",Suppressed,126,Suppressed
,"Kansas","20","Native Hawaiian or Other Pacific Islander","NHOPI","2017","2017",Suppressed,128,Suppressed
,"Kansas","20","Native Hawaiian or Other Pacific Islander","NHOPI","2018","2018",Suppressed,131,Suppressed
,"Kansas","20","Native Hawaiian or Other Pacific Islander","NHOPI","2019","2019",Suppressed,133,Suppressed
,"Kansas","20","Native Hawaiian or Other Pacific Islander","NHOPI","2020","2020",10,130,76.92
,"Kansas","20","Native Hawaiian or Other Pacific Islander","NHOPI","2021","2021",Suppressed,129,Suppressed
,"Kansas","20","Native Hawaiian or Other Pacific Islander","NHOPI","2022","2022",Suppressed,123,Suppressed
,"Kansas","20","Native Hawaiian or Other Pacific Islander","NHOPI","2023","2023",Suppressed,116,Suppressed
,"Kansas","20","Native Hawaiian or Other Pacific Islander","NHOPI","2024","2024",Suppressed,128,Suppressed
,"Kansas","20","White","2106-3","2016","2016",1756,80754,21.75
,"Kansas","20","White","2106-3","2017","2017",1656,80196,20.65
,"Kansas","20","White","2106-3","2018","2018",1526,80265,19.01
,"Kansas","20","White","2106-3","2019","2019",1456,80055,18.19
,"Kansas","20","White","2106-3","2020","2020",1391,79944,17.40
,"Kansas","20","White","2106-3","2021","2021",1296,82260,15.75
,"Kansas","20","White","2106-3","2022","2022",1314,82387,15.95
,"Kansas","20","White","2106-3","2023","2023",1233,84141,14.65
,"Kansas","20","White","2106-3","2024","2024",1211,84589,14.32
,"Kansas","20","More than one race","M","2016","2016",85,4946,17.19
,"Kansas","20","More than one race","M","2017","2017",106,4997,21.21
,"Kansas","20","More than one race","M","2018","2018",110,5183,21.22
,"Kansas","20","More than one race","M","2019","2019",116,5285,21.95
,"Kansas","20","More than one race","M","2020","2020",110,5443,20.21
,"Kansas","20","More than one race","M","2021","2021",86,5735,15.00
,"Kansas","20","More than one race","M","2022","2022",83,5923,14.01
,"Kansas","20","More than one race","M","2023","2023",92,6193,14.86
,"Kansas","20","More than one race","M","2024","2024",86,6484,13.26
,"Kansas","20","Unknown or Not Stated","UNK","2016","2016",0,Not Available,Not Available
,"Kansas","20","Unknown or Not Stated","UNK","2017","2017",0,Not Available,Not Available
,"Kansas","20","Unknown or Not Stated","UNK","2018","2018",0,Not Available,Not Available
,"Kansas","20","Unknown or Not Stated","UNK","2019","2019",0,Not Available,Not Available
,"Kansas","20","Unknown or Not Stated","UNK","2020","2020",0,Not Available,Not Available
,"Kansas","20","Unknown or Not Stated","UNK","2021","2021",0,Not Available,Not Available
,"Kansas","20","Unknown or Not Stated","UNK","2022","2022",0,Not Available,Not Available
,"Kansas","20","Unknown or Not Stated","UNK","2023","2023",0,Not Available,Not Available
,"Kansas","20","Unknown or Not Stated","UNK","2024","2024",0,Not Available,Not Available
,"Kansas","20","Not Available","NA","2016","2016",0,Not Available,Not Available
,"Kansas","20","Not Available","NA","2017","2017",0,Not Available,Not Available
,"Kansas","20","Not Available","NA","2018","2018",0,Not Available,Not Available
,"Kansas","20","Not Available","NA","2019","2019",0,Not Available,Not Available
,"Kansas","20","Not Available","NA","2020","2020",0,Not Available,Not Available
,"Kansas","20","Not Available","NA","2021","2021",0,Not Available,Not Available
,"Kansas","20","Not Available","NA","2022","2022",0,Not Available,Not Available
,"Kansas","20","Not Available","NA","2023","2023",0,Not Available,Not Available
,"Kansas","20","Not Available","NA","2024","2024",0,Not Available,Not Available
,"Kansas","20","Not Reported","NR","2016","2016",0,Not Available,Not Available
,"Kansas","20","Not Reported","NR","2017","2017",0,Not Available,Not Available
,"Kansas","20","Not Reported","NR","2018","2018",0,Not Available,Not Available
,"Kansas","20","Not Reported","NR","2019","2019",0,Not Available,Not Available
,"Kansas","20","Not Reported","NR","2020","2020",0,Not Available,Not Available
,"Kansas","20","Not Reported","NR","2021","2021",0,Not Available,Not Available
,"Kansas","20","Not Reported","NR","2022","2022",0,Not Available,Not Available
,"Kansas","20","Not Reported","NR","2023","2023",0,Not Available,Not Available
,"Kansas","20","Not Reported","NR","2024","2024",0,Not Available,Not Available
,"Kentucky","21","American Indian or Alaska Native","1002-5","2016","2016",Suppressed,435,Suppressed
,"Kentucky","21","American Indian or Alaska Native","1002-5","2017","2017",Suppressed,412,Suppressed
,"Kentucky","21","American Indian or Alaska Native","1002-5","2018","2018",Suppressed,425,Suppressed
,"Kentucky","21","American Indian or Alaska Native","1002-5","2019","2019",Suppressed,393,Suppressed
,"Kentucky","21","American Indian or Alaska Native","1002-5","2020","2020",Suppressed,399,Suppressed
,"Kentucky","21","American Indian or Alaska Native","1002-5","2021","2021",Suppressed,422,Suppressed
,"Kentucky","21","American Indian or Alaska Native","1002-5","2022","2022",Suppressed,445,Suppressed
,"Kentucky","21","American Indian or Alaska Native","1002-5","2023","2023",13,489,26.58
,"Kentucky","21","American Indian or Alaska Native","1002-5","2024","2024",Suppressed,546,Suppressed
,"Kentucky","21","Asian","A","2016","2016",19,2256,8.42
,"Kentucky","21","Asian","A","2017","2017",17,2391,7.11
,"Kentucky","21","Asian","A","2018","2018",Suppressed,2660,Suppressed
,"Kentucky","21","Asian","A","2019","2019",20,2600,7.69
,"Kentucky","21","Asian","A","2020","2020",Suppressed,2663,Suppressed
,"Kentucky","21","Asian","A","2021","2021",12,2775,4.32
,"Kentucky","21","Asian","A","2022","2022",15,2804,5.35
,"Kentucky","21","Asian","A","2023","2023",17,2867,5.93
,"Kentucky","21","Asian","A","2024","2024",20,3009,6.65
,"Kentucky","21","Black or African American","2054-5","2016","2016",505,13978,36.13
,"Kentucky","21","Black or African American","2054-5","2017","2017",420,14126,29.73
,"Kentucky","21","Black or African American","2054-5","2018","2018",442,14187,31.16
,"Kentucky","21","Black or African American","2054-5","2019","2019",395,14279,27.66
,"Kentucky","21","Black or African American","2054-5","2020","2020",420,14433,29.10
,"Kentucky","21","Black or African American","2054-5","2021","2021",426,14844,28.70
,"Kentucky","21","Black or African American","2054-5","2022","2022",364,14281,25.49
,"Kentucky","21","Black or African American","2054-5","2023","2023",374,14807,25.26
,"Kentucky","21","Black or African American","2054-5","2024","2024",337,15591,21.62
,"Kentucky","21","Native Hawaiian or Other Pacific Islander","NHOPI","2016","2016",11,122,90.16
,"Kentucky","21","Native Hawaiian or Other Pacific Islander","NHOPI","2017","2017",Suppressed,139,Suppressed
,"Kentucky","21","Native Hawaiian or Other Pacific Islander","NHOPI","2018","2018",Suppressed,157,Suppressed
,"Kentucky","21","Native Hawaiian or Other Pacific Islander","NHOPI","2019","2019",Suppressed,170,Suppressed
,"Kentucky","21","Native Hawaiian or Other Pacific Islander","NHOPI","2020","2020",Suppressed,174,Suppressed
,"Kentucky","21","Native Hawaiian or Other Pacific Islander","NHOPI","2021","2021",Suppressed,183,Suppressed
,"Kentucky","21","Native Hawaiian or Other Pacific Islander","NHOPI","2022","2022",Suppressed,198,Suppressed
,"Kentucky","21","Native Hawaiian or Other Pacific Islander","NHOPI","2023","2023",Suppressed,220,Suppressed
,"Kentucky","21","Native Hawaiian or Other Pacific Islander","NHOPI","2024","2024",11,252,43.65
,"Kentucky","21","White","2106-3","2016","2016",3660,118925,30.78
,"Kentucky","21","White","2106-3","2017","2017",3482,118140,29.47
,"Kentucky","21","White","2106-3","2018","2018",3207,117412,27.31
,"Kentucky","21","White","2106-3","2019","2019",2903,116778,24.86
,"Kentucky","21","White","2106-3","2020","2020",2744,115967,23.66
,"Kentucky","21","White","2106-3","2021","2021",2628,119171,22.05
,"Kentucky","21","White","2106-3","2022","2022",2544,115887,21.95
,"Kentucky","21","White","2106-3","2023","2023",2457,118744,20.69
,"Kentucky","21","White","2106-3","2024","2024",2469,119555,20.65
,"Kentucky","21","More than one race","M","2016","2016",130,4595,28.29
,"Kentucky","21","More than one race","M","2017","2017",130,4803,27.07
,"Kentucky","21","More than one race","M","2018","2018",142,4886,29.06
,"Kentucky","21","More than one race","M","2019","2019",133,5086,26.15
,"Kentucky","21","More than one race","M","2020","2020",115,5332,21.57
,"Kentucky","21","More than one race","M","2021","2021",113,5673,19.92
,"Kentucky","21","More than one race","M","2022","2022",102,5886,17.33
,"Kentucky","21","More than one race","M","2023","2023",107,6335,16.89
,"Kentucky","21","More than one race","M","2024","2024",130,6839,19.01
,"Kentucky","21","Unknown or Not Stated","UNK","2016","2016",0,Not Available,Not Available
,"Kentucky","21","Unknown or Not Stated","UNK","2017","2017",0,Not Available,Not Available
,"Kentucky","21","Unknown or Not Stated","UNK","2018","2018",0,Not Available,Not Available
,"Kentucky","21","Unknown or Not Stated","UNK","2019","2019",0,Not Available,Not Available
,"Kentucky","21","Unknown or Not Stated","UNK","2020","2020",0,Not Available,Not Available
,"Kentucky","21","Unknown or Not Stated","UNK","2021","2021",0,Not Available,Not Available
,"Kentucky","21","Unknown or Not Stated","UNK","2022","2022",0,Not Available,Not Available
,"Kentucky","21","Unknown or Not Stated","UNK","2023","2023",0,Not Available,Not Available
,"Kentucky","21","Unknown or Not Stated","UNK","2024","2024",0,Not Available,Not Available
,"Kentucky","21","Not Available","NA","2016","2016",0,Not Available,Not Available
,"Kentucky","21","Not Available","NA","2017","2017",0,Not Available,Not Available
,"Kentucky","21","Not Available","NA","2018","2018",0,Not Available,Not Available
,"Kentucky","21","Not Available","NA","2019","2019",0,Not Available,Not Available
,"Kentucky","21","Not Available","NA","2020","2020",0,Not Available,Not Available
,"Kentucky","21","Not Available","NA","2021","2021",0,Not Available,Not Available
,"Kentucky","21","Not Available","NA","2022","2022",0,Not Available,Not Available
,"Kentucky","21","Not Available","NA","2023","2023",0,Not Available,Not Available
,"Kentucky","21","Not Available","NA","2024","2024",0,Not Available,Not Available
,"Kentucky","21","Not Reported","NR","2016","2016",0,Not Available,Not Available
,"Kentucky","21","Not Reported","NR","2017","2017",0,Not Available,Not Available
,"Kentucky","21","Not Reported","NR","2018","2018",0,Not Available,Not Available
,"Kentucky","21","Not Reported","NR","2019","2019",0,Not Available,Not Available
,"Kentucky","21","Not Reported","NR","2020","2020",0,Not Available,Not Available
,"Kentucky","21","Not Reported","NR","2021","2021",0,Not Available,Not Available
,"Kentucky","21","Not Reported","NR","2022","2022",0,Not Available,Not Available
,"Kentucky","21","Not Reported","NR","2023","2023",0,Not Available,Not Available
,"Kentucky","21","Not Reported","NR","2024","2024",0,Not Available,Not Available
,"Louisiana","22","American Indian or Alaska Native","1002-5","2016","2016",34,1322,25.72
,"Louisiana","22","American Indian or Alaska Native","1002-5","2017","2017",34,1302,26.11
,"Louisiana","22","American Indian or Alaska Native","1002-5","2018","2018",28,1273,22.00
,"Louisiana","22","American Indian or Alaska Native","1002-5","2019","2019",35,1244,28.14
,"Louisiana","22","American Indian or Alaska Native","1002-5","2020","2020",23,1209,19.02
,"Louisiana","22","American Indian or Alaska Native","1002-5","2021","2021",46,1199,38.37
,"Louisiana","22","American Indian or Alaska Native","1002-5","2022","2022",33,1177,28.04
,"Louisiana","22","American Indian or Alaska Native","1002-5","2023","2023",25,1291,19.36
,"Louisiana","22","American Indian or Alaska Native","1002-5","2024","2024",21,1473,14.26
,"Louisiana","22","Asian","A","2016","2016",31,2595,11.95
,"Louisiana","22","Asian","A","2017","2017",18,2549,7.06
,"Louisiana","22","Asian","A","2018","2018",11,2425,4.54
,"Louisiana","22","Asian","A","2019","2019",19,2472,7.69
,"Louisiana","22","Asian","A","2020","2020",13,2512,5.18
,"Louisiana","22","Asian","A","2021","2021",11,2525,4.36
,"Louisiana","22","Asian","A","2022","2022",12,2640,4.55
,"Louisiana","22","Asian","A","2023","2023",23,2719,8.46
,"Louisiana","22","Asian","A","2024","2024",17,2951,5.76
,"Louisiana","22","Black or African American","2054-5","2016","2016",2330,57573,40.47
,"Louisiana","22","Black or African American","2054-5","2017","2017",2218,56866,39.00
,"Louisiana","22","Black or African American","2054-5","2018","2018",2105,56190,37.46
,"Louisiana","22","Black or African American","2054-5","2019","2019",2115,55774,37.92
,"Louisiana","22","Black or African American","2054-5","2020","2020",1946,55130,35.30
,"Louisiana","22","Black or African American","2054-5","2021","2021",1841,56049,32.85
,"Louisiana","22","Black or African American","2054-5","2022","2022",1781,56445,31.55
,"Louisiana","22","Black or African American","2054-5","2023","2023",1838,57289,32.08
,"Louisiana","22","Black or African American","2054-5","2024","2024",1658,57843,28.66
,"Louisiana","22","Native Hawaiian or Other Pacific Islander","NHOPI","2016","2016",Suppressed,85,Suppressed
,"Louisiana","22","Native Hawaiian or Other Pacific Islander","NHOPI","2017","2017",Suppressed,82,Suppressed
,"Louisiana","22","Native Hawaiian or Other Pacific Islander","NHOPI","2018","2018",Suppressed,80,Suppressed
,"Louisiana","22","Native Hawaiian or Other Pacific Islander","NHOPI","2019","2019",15,85,176.47
,"Louisiana","22","Native Hawaiian or Other Pacific Islander","NHOPI","2020","2020",Suppressed,78,Suppressed
,"Louisiana","22","Native Hawaiian or Other Pacific Islander","NHOPI","2021","2021",14,82,170.73
,"Louisiana","22","Native Hawaiian or Other Pacific Islander","NHOPI","2022","2022",15,87,172.41
,"Louisiana","22","Native Hawaiian or Other Pacific Islander","NHOPI","2023","2023",18,97,185.57
,"Louisiana","22","Native Hawaiian or Other Pacific Islander","NHOPI","2024","2024",10,94,106.38
,"Louisiana","22","White","2106-3","2016","2016",2070,83578,24.77
,"Louisiana","22","White","2106-3","2017","2017",1892,82659,22.89
,"Louisiana","22","White","2106-3","2018","2018",1728,81510,21.20
,"Louisiana","22","White","2106-3","2019","2019",1736,80587,21.54
,"Louisiana","22","White","2106-3","2020","2020",1572,79828,19.69
,"Louisiana","22","White","2106-3","2021","2021",1562,81447,19.18
,"Louisiana","22","White","2106-3","2022","2022",1553,82663,18.79
,"Louisiana","22","White","2106-3","2023","2023",1481,84714,17.48
,"Louisiana","22","White","2106-3","2024","2024",1432,84949,16.86
,"Louisiana","22","More than one race","M","2016","2016",78,3400,22.94
,"Louisiana","22","More than one race","M","2017","2017",103,3488,29.53
,"Louisiana","22","More than one race","M","2018","2018",110,3629,30.31
,"Louisiana","22","More than one race","M","2019","2019",87,3843,22.64
,"Louisiana","22","More than one race","M","2020","2020",116,4036,28.74
,"Louisiana","22","More than one race","M","2021","2021",97,4326,22.42
,"Louisiana","22","More than one race","M","2022","2022",108,4634,23.31
,"Louisiana","22","More than one race","M","2023","2023",105,4890,21.47
,"Louisiana","22","More than one race","M","2024","2024",106,5119,20.71
,"Louisiana","22","Unknown or Not Stated","UNK","2016","2016",0,Not Available,Not Available
,"Louisiana","22","Unknown or Not Stated","UNK","2017","2017",0,Not Available,Not Available
,"Louisiana","22","Unknown or Not Stated","UNK","2018","2018",0,Not Available,Not Available
,"Louisiana","22","Unknown or Not Stated","UNK","2019","2019",0,Not Available,Not Available
,"Louisiana","22","Unknown or Not Stated","UNK","2020","2020",0,Not Available,Not Available
,"Louisiana","22","Unknown or Not Stated","UNK","2021","2021",0,Not Available,Not Available
,"Louisiana","22","Unknown or Not Stated","UNK","2022","2022",0,Not Available,Not Available
,"Louisiana","22","Unknown or Not Stated","UNK","2023","2023",0,Not Available,Not Available
,"Louisiana","22","Unknown or Not Stated","UNK","2024","2024",0,Not Available,Not Available
,"Louisiana","22","Not Available","NA","2016","2016",0,Not Available,Not Available
,"Louisiana","22","Not Available","NA","2017","2017",0,Not Available,Not Available
,"Louisiana","22","Not Available","NA","2018","2018",0,Not Available,Not Available
,"Louisiana","22","Not Available","NA","2019","2019",0,Not Available,Not Available
,"Louisiana","22","Not Available","NA","2020","2020",0,Not Available,Not Available
,"Louisiana","22","Not Available","NA","2021","2021",0,Not Available,Not Available
,"Louisiana","22","Not Available","NA","2022","2022",0,Not Available,Not Available
,"Louisiana","22","Not Available","NA","2023","2023",0,Not Available,Not Available
,"Louisiana","22","Not Available","NA","2024","2024",0,Not Available,Not Available
,"Louisiana","22","Not Reported","NR","2016","2016",0,Not Available,Not Available
,"Louisiana","22","Not Reported","NR","2017","2017",0,Not Available,Not Available
,"Louisiana","22","Not Reported","NR","2018","2018",0,Not Available,Not Available
,"Louisiana","22","Not Reported","NR","2019","2019",0,Not Available,Not Available
,"Louisiana","22","Not Reported","NR","2020","2020",0,Not Available,Not Available
,"Louisiana","22","Not Reported","NR","2021","2021",0,Not Available,Not Available
,"Louisiana","22","Not Reported","NR","2022","2022",0,Not Available,Not Available
,"Louisiana","22","Not Reported","NR","2023","2023",0,Not Available,Not Available
,"Louisiana","22","Not Reported","NR","2024","2024",0,Not Available,Not Available
,"Maine","23","American Indian or Alaska Native","1002-5","2016","2016",Suppressed,329,Suppressed
,"Maine","23","American Indian or Alaska Native","1002-5","2017","2017",Suppressed,320,Suppressed
,"Maine","23","American Indian or Alaska Native","1002-5","2018","2018",Suppressed,306,Suppressed
,"Maine","23","American Indian or Alaska Native","1002-5","2019","2019",Suppressed,307,Suppressed
,"Maine","23","American Indian or Alaska Native","1002-5","2020","2020",Suppressed,312,Suppressed
,"Maine","23","American Indian or Alaska Native","1002-5","2021","2021",Suppressed,324,Suppressed
,"Maine","23","American Indian or Alaska Native","1002-5","2022","2022",Suppressed,327,Suppressed
,"Maine","23","American Indian or Alaska Native","1002-5","2023","2023",Suppressed,340,Suppressed
,"Maine","23","American Indian or Alaska Native","1002-5","2024","2024",Suppressed,332,Suppressed
,"Maine","23","Asian","A","2016","2016",Suppressed,907,Suppressed
,"Maine","23","Asian","A","2017","2017",Suppressed,919,Suppressed
,"Maine","23","Asian","A","2018","2018",Suppressed,866,Suppressed
,"Maine","23","Asian","A","2019","2019",Suppressed,881,Suppressed
,"Maine","23","Asian","A","2020","2020",Suppressed,850,Suppressed
,"Maine","23","Asian","A","2021","2021",Suppressed,836,Suppressed
,"Maine","23","Asian","A","2022","2022",Suppressed,749,Suppressed
,"Maine","23","Asian","A","2023","2023",0,742,0.00
,"Maine","23","Asian","A","2024","2024",Suppressed,770,Suppressed
,"Maine","23","Black or African American","2054-5","2016","2016",16,975,16.41
,"Maine","23","Black or African American","2054-5","2017","2017",13,969,13.42
,"Maine","23","Black or African American","2054-5","2018","2018",11,994,11.07
,"Maine","23","Black or African American","2054-5","2019","2019",11,986,11.16
,"Maine","23","Black or African American","2054-5","2020","2020",16,1145,13.97
,"Maine","23","Black or African American","2054-5","2021","2021",Suppressed,1185,Suppressed
,"Maine","23","Black or African American","2054-5","2022","2022",12,1269,9.46
,"Maine","23","Black or African American","2054-5","2023","2023",17,1273,13.35
,"Maine","23","Black or African American","2054-5","2024","2024",16,1319,12.13
,"Maine","23","Native Hawaiian or Other Pacific Islander","NHOPI","2016","2016",0,17,0.00
,"Maine","23","Native Hawaiian or Other Pacific Islander","NHOPI","2017","2017",Suppressed,12,Suppressed
,"Maine","23","Native Hawaiian or Other Pacific Islander","NHOPI","2018","2018",0,9,0.00
,"Maine","23","Native Hawaiian or Other Pacific Islander","NHOPI","2019","2019",0,14,0.00
,"Maine","23","Native Hawaiian or Other Pacific Islander","NHOPI","2020","2020",0,14,0.00
,"Maine","23","Native Hawaiian or Other Pacific Islander","NHOPI","2021","2021",Suppressed,18,Suppressed
,"Maine","23","Native Hawaiian or Other Pacific Islander","NHOPI","2022","2022",Suppressed,19,Suppressed
,"Maine","23","Native Hawaiian or Other Pacific Islander","NHOPI","2023","2023",0,20,0.00
,"Maine","23","Native Hawaiian or Other Pacific Islander","NHOPI","2024","2024",0,21,0.00
,"Maine","23","White","2106-3","2016","2016",521,35579,14.64
,"Maine","23","White","2106-3","2017","2017",446,35108,12.70
,"Maine","23","White","2106-3","2018","2018",388,34263,11.32
,"Maine","23","White","2106-3","2019","2019",305,34028,8.96
,"Maine","23","White","2106-3","2020","2020",353,33596,10.51
,"Maine","23","White","2106-3","2021","2021",269,34523,7.79
,"Maine","23","White","2106-3","2022","2022",289,34221,8.45
,"Maine","23","White","2106-3","2023","2023",246,35406,6.95
,"Maine","23","White","2106-3","2024","2024",276,35478,7.78
,"Maine","23","More than one race","M","2016","2016",25,1137,21.99
,"Maine","23","More than one race","M","2017","2017",33,1145,28.82
,"Maine","23","More than one race","M","2018","2018",14,1170,11.97
,"Maine","23","More than one race","M","2019","2019",18,1220,14.75
,"Maine","23","More than one race","M","2020","2020",20,1267,15.79
,"Maine","23","More than one race","M","2021","2021",12,1364,8.80
,"Maine","23","More than one race","M","2022","2022",12,1433,8.37
,"Maine","23","More than one race","M","2023","2023",15,1548,9.69
,"Maine","23","More than one race","M","2024","2024",13,1667,7.80
,"Maine","23","Unknown or Not Stated","UNK","2016","2016",0,Not Available,Not Available
,"Maine","23","Unknown or Not Stated","UNK","2017","2017",0,Not Available,Not Available
,"Maine","23","Unknown or Not Stated","UNK","2018","2018",0,Not Available,Not Available
,"Maine","23","Unknown or Not Stated","UNK","2019","2019",0,Not Available,Not Available
,"Maine","23","Unknown or Not Stated","UNK","2020","2020",0,Not Available,Not Available
,"Maine","23","Unknown or Not Stated","UNK","2021","2021",0,Not Available,Not Available
,"Maine","23","Unknown or Not Stated","UNK","2022","2022",0,Not Available,Not Available
,"Maine","23","Unknown or Not Stated","UNK","2023","2023",0,Not Available,Not Available
,"Maine","23","Unknown or Not Stated","UNK","2024","2024",0,Not Available,Not Available
,"Maine","23","Not Available","NA","2016","2016",0,Not Available,Not Available
,"Maine","23","Not Available","NA","2017","2017",0,Not Available,Not Available
,"Maine","23","Not Available","NA","2018","2018",0,Not Available,Not Available
,"Maine","23","Not Available","NA","2019","2019",0,Not Available,Not Available
,"Maine","23","Not Available","NA","2020","2020",0,Not Available,Not Available
,"Maine","23","Not Available","NA","2021","2021",0,Not Available,Not Available
,"Maine","23","Not Available","NA","2022","2022",0,Not Available,Not Available
,"Maine","23","Not Available","NA","2023","2023",0,Not Available,Not Available
,"Maine","23","Not Available","NA","2024","2024",0,Not Available,Not Available
,"Maine","23","Not Reported","NR","2016","2016",0,Not Available,Not Available
,"Maine","23","Not Reported","NR","2017","2017",0,Not Available,Not Available
,"Maine","23","Not Reported","NR","2018","2018",0,Not Available,Not Available
,"Maine","23","Not Reported","NR","2019","2019",0,Not Available,Not Available
,"Maine","23","Not Reported","NR","2020","2020",0,Not Available,Not Available
,"Maine","23","Not Reported","NR","2021","2021",0,Not Available,Not Available
,"Maine","23","Not Reported","NR","2022","2022",0,Not Available,Not Available
,"Maine","23","Not Reported","NR","2023","2023",0,Not Available,Not Available
,"Maine","23","Not Reported","NR","2024","2024",0,Not Available,Not Available
,"Maryland","24","American Indian or Alaska Native","1002-5","2016","2016",14,1101,12.72
,"Maryland","24","American Indian or Alaska Native","1002-5","2017","2017",Suppressed,1144,Suppressed
,"Maryland","24","American Indian or Alaska Native","1002-5","2018","2018",19,1153,16.48
,"Maryland","24","American Indian or Alaska Native","1002-5","2019","2019",32,1161,27.56
,"Maryland","24","American Indian or Alaska Native","1002-5","2020","2020",43,1175,36.60
,"Maryland","24","American Indian or Alaska Native","1002-5","2021","2021",28,1266,22.12
,"Maryland","24","American Indian or Alaska Native","1002-5","2022","2022",30,1356,22.12
,"Maryland","24","American Indian or Alaska Native","1002-5","2023","2023",33,1705,19.35
,"Maryland","24","American Indian or Alaska Native","1002-5","2024","2024",45,2125,21.18
,"Maryland","24","Asian","A","2016","2016",70,11547,6.06
,"Maryland","24","Asian","A","2017","2017",73,11659,6.26
,"Maryland","24","Asian","A","2018","2018",31,11770,2.63
,"Maryland","24","Asian","A","2019","2019",24,12033,1.99
,"Maryland","24","Asian","A","2020","2020",23,12393,1.86
,"Maryland","24","Asian","A","2021","2021",28,12945,2.16
,"Maryland","24","Asian","A","2022","2022",22,12968,1.70
,"Maryland","24","Asian","A","2023","2023",30,13232,2.27
,"Maryland","24","Asian","A","2024","2024",37,13640,2.71
,"Maryland","24","Black or African American","2054-5","2016","2016",1494,63617,23.48
,"Maryland","24","Black or African American","2054-5","2017","2017",1295,63207,20.49
,"Maryland","24","Black or African American","2054-5","2018","2018",1169,61905,18.88
,"Maryland","24","Black or African American","2054-5","2019","2019",1100,61265,17.95
,"Maryland","24","Black or African American","2054-5","2020","2020",1060,60484,17.53
,"Maryland","24","Black or African American","2054-5","2021","2021",891,62683,14.21
,"Maryland","24","Black or African American","2054-5","2022","2022",781,62261,12.54
,"Maryland","24","Black or African American","2054-5","2023","2023",818,63635,12.85
,"Maryland","24","Black or African American","2054-5","2024","2024",720,64790,11.11
,"Maryland","24","Native Hawaiian or Other Pacific Islander","NHOPI","2016","2016",10,143,69.93
,"Maryland","24","Native Hawaiian or Other Pacific Islander","NHOPI","2017","2017",12,161,74.53
,"Maryland","24","Native Hawaiian or Other Pacific Islander","NHOPI","2018","2018",Suppressed,177,Suppressed
,"Maryland","24","Native Hawaiian or Other Pacific Islander","NHOPI","2019","2019",Suppressed,181,Suppressed
,"Maryland","24","Native Hawaiian or Other Pacific Islander","NHOPI","2020","2020",Suppressed,182,Suppressed
,"Maryland","24","Native Hawaiian or Other Pacific Islander","NHOPI","2021","2021",10,180,55.56
,"Maryland","24","Native Hawaiian or Other Pacific Islander","NHOPI","2022","2022",Suppressed,184,Suppressed
,"Maryland","24","Native Hawaiian or Other Pacific Islander","NHOPI","2023","2023",11,212,51.89
,"Maryland","24","Native Hawaiian or Other Pacific Islander","NHOPI","2024","2024",14,241,58.09
,"Maryland","24","White","2106-3","2016","2016",1273,103949,12.25
,"Maryland","24","White","2106-3","2017","2017",1153,103026,11.19
,"Maryland","24","White","2106-3","2018","2018",1293,102809,12.58
,"Maryland","24","White","2106-3","2019","2019",1302,102373,12.72
,"Maryland","24","White","2106-3","2020","2020",1173,101866,11.52
,"Maryland","24","White","2106-3","2021","2021",1093,105431,10.37
,"Maryland","24","White","2106-3","2022","2022",1109,102783,10.79
,"Maryland","24","White","2106-3","2023","2023",1096,105269,10.41
,"Maryland","24","White","2106-3","2024","2024",1129,105679,10.68
,"Maryland","24","More than one race","M","2016","2016",156,8833,17.66
,"Maryland","24","More than one race","M","2017","2017",126,9068,13.90
,"Maryland","24","More than one race","M","2018","2018",126,9287,13.57
,"Maryland","24","More than one race","M","2019","2019",140,9600,14.58
,"Maryland","24","More than one race","M","2020","2020",127,9878,12.86
,"Maryland","24","More than one race","M","2021","2021",124,10580,11.72
,"Maryland","24","More than one race","M","2022","2022",118,10694,11.03
,"Maryland","24","More than one race","M","2023","2023",117,11272,10.38
,"Maryland","24","More than one race","M","2024","2024",100,11988,8.34
,"Maryland","24","Unknown or Not Stated","UNK","2016","2016",0,Not Available,Not Available
,"Maryland","24","Unknown or Not Stated","UNK","2017","2017",0,Not Available,Not Available
,"Maryland","24","Unknown or Not Stated","UNK","2018","2018",0,Not Available,Not Available
,"Maryland","24","Unknown or Not Stated","UNK","2019","2019",0,Not Available,Not Available
,"Maryland","24","Unknown or Not Stated","UNK","2020","2020",0,Not Available,Not Available
,"Maryland","24","Unknown or Not Stated","UNK","2021","2021",0,Not Available,Not Available
,"Maryland","24","Unknown or Not Stated","UNK","2022","2022",0,Not Available,Not Available
,"Maryland","24","Unknown or Not Stated","UNK","2023","2023",0,Not Available,Not Available
,"Maryland","24","Unknown or Not Stated","UNK","2024","2024",0,Not Available,Not Available
,"Maryland","24","Not Available","NA","2016","2016",0,Not Available,Not Available
,"Maryland","24","Not Available","NA","2017","2017",0,Not Available,Not Available
,"Maryland","24","Not Available","NA","2018","2018",0,Not Available,Not Available
,"Maryland","24","Not Available","NA","2019","2019",0,Not Available,Not Available
,"Maryland","24","Not Available","NA","2020","2020",0,Not Available,Not Available
,"Maryland","24","Not Available","NA","2021","2021",0,Not Available,Not Available
,"Maryland","24","Not Available","NA","2022","2022",0,Not Available,Not Available
,"Maryland","24","Not Available","NA","2023","2023",0,Not Available,Not Available
,"Maryland","24","Not Available","NA","2024","2024",0,Not Available,Not Available
,"Maryland","24","Not Reported","NR","2016","2016",0,Not Available,Not Available
,"Maryland","24","Not Reported","NR","2017","2017",0,Not Available,Not Available
,"Maryland","24","Not Reported","NR","2018","2018",0,Not Available,Not Available
,"Maryland","24","Not Reported","NR","2019","2019",0,Not Available,Not Available
,"Maryland","24","Not Reported","NR","2020","2020",0,Not Available,Not Available
,"Maryland","24","Not Reported","NR","2021","2021",0,Not Available,Not Available
,"Maryland","24","Not Reported","NR","2022","2022",0,Not Available,Not Available
,"Maryland","24","Not Reported","NR","2023","2023",0,Not Available,Not Available
,"Maryland","24","Not Reported","NR","2024","2024",0,Not Available,Not Available
,"Massachusetts","25","American Indian or Alaska Native","1002-5","2016","2016",Suppressed,1276,Suppressed
,"Massachusetts","25","American Indian or Alaska Native","1002-5","2017","2017",Suppressed,1217,Suppressed
,"Massachusetts","25","American Indian or Alaska Native","1002-5","2018","2018",Suppressed,1304,Suppressed
,"Massachusetts","25","American Indian or Alaska Native","1002-5","2019","2019",Suppressed,1292,Suppressed
,"Massachusetts","25","American Indian or Alaska Native","1002-5","2020","2020",Suppressed,1234,Suppressed
,"Massachusetts","25","American Indian or Alaska Native","1002-5","2021","2021",Suppressed,1300,Suppressed
,"Massachusetts","25","American Indian or Alaska Native","1002-5","2022","2022",Suppressed,1307,Suppressed
,"Massachusetts","25","American Indian or Alaska Native","1002-5","2023","2023",Suppressed,1406,Suppressed
,"Massachusetts","25","American Indian or Alaska Native","1002-5","2024","2024",Suppressed,1551,Suppressed
,"Massachusetts","25","Asian","A","2016","2016",52,16862,3.08
,"Massachusetts","25","Asian","A","2017","2017",33,17361,1.90
,"Massachusetts","25","Asian","A","2018","2018",31,18141,1.71
,"Massachusetts","25","Asian","A","2019","2019",25,18146,1.38
,"Massachusetts","25","Asian","A","2020","2020",28,18165,1.54
,"Massachusetts","25","Asian","A","2021","2021",26,18368,1.42
,"Massachusetts","25","Asian","A","2022","2022",28,18400,1.52
,"Massachusetts","25","Asian","A","2023","2023",16,19005,0.84
,"Massachusetts","25","Asian","A","2024","2024",20,20622,0.97
,"Massachusetts","25","Black or African American","2054-5","2016","2016",343,22727,15.09
,"Massachusetts","25","Black or African American","2054-5","2017","2017",365,22725,16.06
,"Massachusetts","25","Black or African American","2054-5","2018","2018",336,22860,14.70
,"Massachusetts","25","Black or African American","2054-5","2019","2019",321,22826,14.06
,"Massachusetts","25","Black or African American","2054-5","2020","2020",332,23004,14.43
,"Massachusetts","25","Black or African American","2054-5","2021","2021",335,23875,14.03
,"Massachusetts","25","Black or African American","2054-5","2022","2022",287,23808,12.05
,"Massachusetts","25","Black or African American","2054-5","2023","2023",295,24560,12.01
,"Massachusetts","25","Black or African American","2054-5","2024","2024",329,25800,12.75
,"Massachusetts","25","Native Hawaiian or Other Pacific Islander","NHOPI","2016","2016",Suppressed,249,Suppressed
,"Massachusetts","25","Native Hawaiian or Other Pacific Islander","NHOPI","2017","2017",Suppressed,249,Suppressed
,"Massachusetts","25","Native Hawaiian or Other Pacific Islander","NHOPI","2018","2018",Suppressed,263,Suppressed
,"Massachusetts","25","Native Hawaiian or Other Pacific Islander","NHOPI","2019","2019",Suppressed,311,Suppressed
,"Massachusetts","25","Native Hawaiian or Other Pacific Islander","NHOPI","2020","2020",Suppressed,343,Suppressed
,"Massachusetts","25","Native Hawaiian or Other Pacific Islander","NHOPI","2021","2021",0,364,0.00
,"Massachusetts","25","Native Hawaiian or Other Pacific Islander","NHOPI","2022","2022",Suppressed,369,Suppressed
,"Massachusetts","25","Native Hawaiian or Other Pacific Islander","NHOPI","2023","2023",0,350,0.00
,"Massachusetts","25","Native Hawaiian or Other Pacific Islander","NHOPI","2024","2024",Suppressed,363,Suppressed
,"Massachusetts","25","White","2106-3","2016","2016",1440,177436,8.12
,"Massachusetts","25","White","2106-3","2017","2017",1333,175921,7.58
,"Massachusetts","25","White","2106-3","2018","2018",1204,174765,6.89
,"Massachusetts","25","White","2106-3","2019","2019",1117,172472,6.48
,"Massachusetts","25","White","2106-3","2020","2020",929,170102,5.46
,"Massachusetts","25","White","2106-3","2021","2021",894,173845,5.14
,"Massachusetts","25","White","2106-3","2022","2022",916,168755,5.43
,"Massachusetts","25","White","2106-3","2023","2023",942,168262,5.60
,"Massachusetts","25","White","2106-3","2024","2024",835,169331,4.93
,"Massachusetts","25","More than one race","M","2016","2016",92,8697,10.58
,"Massachusetts","25","More than one race","M","2017","2017",89,9096,9.78
,"Massachusetts","25","More than one race","M","2018","2018",62,9307,6.66
,"Massachusetts","25","More than one race","M","2019","2019",70,9401,7.45
,"Massachusetts","25","More than one race","M","2020","2020",62,9699,6.39
,"Massachusetts","25","More than one race","M","2021","2021",50,10155,4.92
,"Massachusetts","25","More than one race","M","2022","2022",62,10282,6.03
,"Massachusetts","25","More than one race","M","2023","2023",56,10732,5.22
,"Massachusetts","25","More than one race","M","2024","2024",60,11408,5.26
,"Massachusetts","25","Unknown or Not Stated","UNK","2016","2016",0,Not Available,Not Available
,"Massachusetts","25","Unknown or Not Stated","UNK","2017","2017",0,Not Available,Not Available
,"Massachusetts","25","Unknown or Not Stated","UNK","2018","2018",0,Not Available,Not Available
,"Massachusetts","25","Unknown or Not Stated","UNK","2019","2019",0,Not Available,Not Available
,"Massachusetts","25","Unknown or Not Stated","UNK","2020","2020",0,Not Available,Not Available
,"Massachusetts","25","Unknown or Not Stated","UNK","2021","2021",0,Not Available,Not Available
,"Massachusetts","25","Unknown or Not Stated","UNK","2022","2022",0,Not Available,Not Available
,"Massachusetts","25","Unknown or Not Stated","UNK","2023","2023",0,Not Available,Not Available
,"Massachusetts","25","Unknown or Not Stated","UNK","2024","2024",0,Not Available,Not Available
,"Massachusetts","25","Not Available","NA","2016","2016",0,Not Available,Not Available
,"Massachusetts","25","Not Available","NA","2017","2017",0,Not Available,Not Available
,"Massachusetts","25","Not Available","NA","2018","2018",0,Not Available,Not Available
,"Massachusetts","25","Not Available","NA","2019","2019",0,Not Available,Not Available
,"Massachusetts","25","Not Available","NA","2020","2020",0,Not Available,Not Available
,"Massachusetts","25","Not Available","NA","2021","2021",0,Not Available,Not Available
,"Massachusetts","25","Not Available","NA","2022","2022",0,Not Available,Not Available
,"Massachusetts","25","Not Available","NA","2023","2023",0,Not Available,Not Available
,"Massachusetts","25","Not Available","NA","2024","2024",0,Not Available,Not Available
,"Massachusetts","25","Not Reported","NR","2016","2016",0,Not Available,Not Available
,"Massachusetts","25","Not Reported","NR","2017","2017",0,Not Available,Not Available
,"Massachusetts","25","Not Reported","NR","2018","2018",0,Not Available,Not Available
,"Massachusetts","25","Not Reported","NR","2019","2019",0,Not Available,Not Available
,"Massachusetts","25","Not Reported","NR","2020","2020",0,Not Available,Not Available
,"Massachusetts","25","Not Reported","NR","2021","2021",0,Not Available,Not Available
,"Massachusetts","25","Not Reported","NR","2022","2022",0,Not Available,Not Available
,"Massachusetts","25","Not Reported","NR","2023","2023",0,Not Available,Not Available
,"Massachusetts","25","Not Reported","NR","2024","2024",0,Not Available,Not Available
,"Michigan","26","American Indian or Alaska Native","1002-5","2016","2016",48,2828,16.97
,"Michigan","26","American Indian or Alaska Native","1002-5","2017","2017",42,2821,14.89
,"Michigan","26","American Indian or Alaska Native","1002-5","2018","2018",31,2768,11.20
,"Michigan","26","American Indian or Alaska Native","1002-5","2019","2019",37,2698,13.71
,"Michigan","26","American Indian or Alaska Native","1002-5","2020","2020",26,2640,9.85
,"Michigan","26","American Indian or Alaska Native","1002-5","2021","2021",32,2664,12.01
,"Michigan","26","American Indian or Alaska Native","1002-5","2022","2022",27,2565,10.53
,"Michigan","26","American Indian or Alaska Native","1002-5","2023","2023",24,2660,9.02
,"Michigan","26","American Indian or Alaska Native","1002-5","2024","2024",31,2660,11.65
,"Michigan","26","Asian","A","2016","2016",37,11806,3.13
,"Michigan","26","Asian","A","2017","2017",37,12326,3.00
,"Michigan","26","Asian","A","2018","2018",31,12702,2.44
,"Michigan","26","Asian","A","2019","2019",21,12355,1.70
,"Michigan","26","Asian","A","2020","2020",32,12047,2.66
,"Michigan","26","Asian","A","2021","2021",24,12166,1.97
,"Michigan","26","Asian","A","2022","2022",13,12020,1.08
,"Michigan","26","Asian","A","2023","2023",14,12081,1.16
,"Michigan","26","Asian","A","2024","2024",14,13010,1.08
,"Michigan","26","Black or African American","2054-5","2016","2016",1975,52650,37.51
,"Michigan","26","Black or African American","2054-5","2017","2017",1839,51479,35.72
,"Michigan","26","Black or African American","2054-5","2018","2018",1758,49958,35.19
,"Michigan","26","Black or African American","2054-5","2019","2019",1683,49049,34.31
,"Michigan","26","Black or African American","2054-5","2020","2020",1521,47666,31.91
,"Michigan","26","Black or African American","2054-5","2021","2021",1352,48567,27.84
,"Michigan","26","Black or African American","2054-5","2022","2022",1250,47889,26.10
,"Michigan","26","Black or African American","2054-5","2023","2023",1188,48861,24.31
,"Michigan","26","Black or African American","2054-5","2024","2024",1075,49753,21.61
,"Michigan","26","Native Hawaiian or Other Pacific Islander","NHOPI","2016","2016",Suppressed,152,Suppressed
,"Michigan","26","Native Hawaiian or Other Pacific Islander","NHOPI","2017","2017",Suppressed,166,Suppressed
,"Michigan","26","Native Hawaiian or Other Pacific Islander","NHOPI","2018","2018",Suppressed,162,Suppressed
,"Michigan","26","Native Hawaiian or Other Pacific Islander","NHOPI","2019","2019",Suppressed,168,Suppressed
,"Michigan","26","Native Hawaiian or Other Pacific Islander","NHOPI","2020","2020",Suppressed,159,Suppressed
,"Michigan","26","Native Hawaiian or Other Pacific Islander","NHOPI","2021","2021",Suppressed,160,Suppressed
,"Michigan","26","Native Hawaiian or Other Pacific Islander","NHOPI","2022","2022",Suppressed,164,Suppressed
,"Michigan","26","Native Hawaiian or Other Pacific Islander","NHOPI","2023","2023",Suppressed,162,Suppressed
,"Michigan","26","Native Hawaiian or Other Pacific Islander","NHOPI","2024","2024",Suppressed,152,Suppressed
,"Michigan","26","White","2106-3","2016","2016",3444,245849,14.01
,"Michigan","26","White","2106-3","2017","2017",3105,243162,12.77
,"Michigan","26","White","2106-3","2018","2018",2944,240370,12.25
,"Michigan","26","White","2106-3","2019","2019",2761,237053,11.65
,"Michigan","26","White","2106-3","2020","2020",2369,232956,10.17
,"Michigan","26","White","2106-3","2021","2021",2232,237445,9.40
,"Michigan","26","White","2106-3","2022","2022",2093,232019,9.02
,"Michigan","26","White","2106-3","2023","2023",1960,234536,8.36
,"Michigan","26","White","2106-3","2024","2024",1932,232868,8.30
,"Michigan","26","More than one race","M","2016","2016",283,13566,20.86
,"Michigan","26","More than one race","M","2017","2017",281,13784,20.39
,"Michigan","26","More than one race","M","2018","2018",274,14067,19.48
,"Michigan","26","More than one race","M","2019","2019",254,14310,17.75
,"Michigan","26","More than one race","M","2020","2020",240,14541,16.51
,"Michigan","26","More than one race","M","2021","2021",224,15302,14.64
,"Michigan","26","More than one race","M","2022","2022",219,15633,14.01
,"Michigan","26","More than one race","M","2023","2023",228,16587,13.75
,"Michigan","26","More than one race","M","2024","2024",201,17124,11.74
,"Michigan","26","Unknown or Not Stated","UNK","2016","2016",0,Not Available,Not Available
,"Michigan","26","Unknown or Not Stated","UNK","2017","2017",0,Not Available,Not Available
,"Michigan","26","Unknown or Not Stated","UNK","2018","2018",0,Not Available,Not Available
,"Michigan","26","Unknown or Not Stated","UNK","2019","2019",0,Not Available,Not Available
,"Michigan","26","Unknown or Not Stated","UNK","2020","2020",0,Not Available,Not Available
,"Michigan","26","Unknown or Not Stated","UNK","2021","2021",0,Not Available,Not Available
,"Michigan","26","Unknown or Not Stated","UNK","2022","2022",0,Not Available,Not Available
,"Michigan","26","Unknown or Not Stated","UNK","2023","2023",0,Not Available,Not Available
,"Michigan","26","Unknown or Not Stated","UNK","2024","2024",0,Not Available,Not Available
,"Michigan","26","Not Available","NA","2016","2016",0,Not Available,Not Available
,"Michigan","26","Not Available","NA","2017","2017",0,Not Available,Not Available
,"Michigan","26","Not Available","NA","2018","2018",0,Not Available,Not Available
,"Michigan","26","Not Available","NA","2019","2019",0,Not Available,Not Available
,"Michigan","26","Not Available","NA","2020","2020",0,Not Available,Not Available
,"Michigan","26","Not Available","NA","2021","2021",0,Not Available,Not Available
,"Michigan","26","Not Available","NA","2022","2022",0,Not Available,Not Available
,"Michigan","26","Not Available","NA","2023","2023",0,Not Available,Not Available
,"Michigan","26","Not Available","NA","2024","2024",0,Not Available,Not Available
,"Michigan","26","Not Reported","NR","2016","2016",0,Not Available,Not Available
,"Michigan","26","Not Reported","NR","2017","2017",0,Not Available,Not Available
,"Michigan","26","Not Reported","NR","2018","2018",0,Not Available,Not Available
,"Michigan","26","Not Reported","NR","2019","2019",0,Not Available,Not Available
,"Michigan","26","Not Reported","NR","2020","2020",0,Not Available,Not Available
,"Michigan","26","Not Reported","NR","2021","2021",0,Not Available,Not Available
,"Michigan","26","Not Reported","NR","2022","2022",0,Not Available,Not Available
,"Michigan","26","Not Reported","NR","2023","2023",0,Not Available,Not Available
,"Michigan","26","Not Reported","NR","2024","2024",0,Not Available,Not Available
,"Minnesota","27","American Indian or Alaska Native","1002-5","2016","2016",138,2935,47.02
,"Minnesota","27","American Indian or Alaska Native","1002-5","2017","2017",143,2965,48.23
,"Minnesota","27","American Indian or Alaska Native","1002-5","2018","2018",121,3009,40.21
,"Minnesota","27","American Indian or Alaska Native","1002-5","2019","2019",122,3070,39.74
,"Minnesota","27","American Indian or Alaska Native","1002-5","2020","2020",112,3149,35.57
,"Minnesota","27","American Indian or Alaska Native","1002-5","2021","2021",100,3378,29.60
,"Minnesota","27","American Indian or Alaska Native","1002-5","2022","2022",84,3357,25.02
,"Minnesota","27","American Indian or Alaska Native","1002-5","2023","2023",81,3561,22.75
,"Minnesota","27","American Indian or Alaska Native","1002-5","2024","2024",80,3715,21.53
,"Minnesota","27","Asian","A","2016","2016",173,10473,16.52
,"Minnesota","27","Asian","A","2017","2017",139,10766,12.91
,"Minnesota","27","Asian","A","2018","2018",129,10773,11.97
,"Minnesota","27","Asian","A","2019","2019",100,10941,9.14
,"Minnesota","27","Asian","A","2020","2020",90,10996,8.18
,"Minnesota","27","Asian","A","2021","2021",78,11279,6.92
,"Minnesota","27","Asian","A","2022","2022",86,11377,7.56
,"Minnesota","27","Asian","A","2023","2023",86,11690,7.36
,"Minnesota","27","Asian","A","2024","2024",55,12151,4.53
,"Minnesota","27","Black or African American","2054-5","2016","2016",369,13362,27.62
,"Minnesota","27","Black or African American","2054-5","2017","2017",381,14158,26.91
,"Minnesota","27","Black or African American","2054-5","2018","2018",302,14796,20.41
,"Minnesota","27","Black or African American","2054-5","2019","2019",347,15835,21.91
,"Minnesota","27","Black or African American","2054-5","2020","2020",293,16599,17.65
,"Minnesota","27","Black or African American","2054-5","2021","2021",315,17692,17.80
,"Minnesota","27","Black or African American","2054-5","2022","2022",259,18425,14.06
,"Minnesota","27","Black or African American","2054-5","2023","2023",260,19662,13.22
,"Minnesota","27","Black or African American","2054-5","2024","2024",224,20991,10.67
,"Minnesota","27","Native Hawaiian or Other Pacific Islander","NHOPI","2016","2016",Suppressed,155,Suppressed
,"Minnesota","27","Native Hawaiian or Other Pacific Islander","NHOPI","2017","2017",Suppressed,154,Suppressed
,"Minnesota","27","Native Hawaiian or Other Pacific Islander","NHOPI","2018","2018",Suppressed,166,Suppressed
,"Minnesota","27","Native Hawaiian or Other Pacific Islander","NHOPI","2019","2019",Suppressed,186,Suppressed
,"Minnesota","27","Native Hawaiian or Other Pacific Islander","NHOPI","2020","2020",Suppressed,200,Suppressed
,"Minnesota","27","Native Hawaiian or Other Pacific Islander","NHOPI","2021","2021",Suppressed,206,Suppressed
,"Minnesota","27","Native Hawaiian or Other Pacific Islander","NHOPI","2022","2022",Suppressed,198,Suppressed
,"Minnesota","27","Native Hawaiian or Other Pacific Islander","NHOPI","2023","2023",Suppressed,184,Suppressed
,"Minnesota","27","Native Hawaiian or Other Pacific Islander","NHOPI","2024","2024",Suppressed,166,Suppressed
,"Minnesota","27","White","2106-3","2016","2016",1340,139693,9.59
,"Minnesota","27","White","2106-3","2017","2017",1277,138789,9.20
,"Minnesota","27","White","2106-3","2018","2018",1097,137973,7.95
,"Minnesota","27","White","2106-3","2019","2019",1077,138026,7.80
,"Minnesota","27","White","2106-3","2020","2020",937,137592,6.81
,"Minnesota","27","White","2106-3","2021","2021",911,141606,6.43
,"Minnesota","27","White","2106-3","2022","2022",923,139697,6.61
,"Minnesota","27","White","2106-3","2023","2023",915,142995,6.40
,"Minnesota","27","White","2106-3","2024","2024",904,142036,6.36
,"Minnesota","27","More than one race","M","2016","2016",171,7743,22.08
,"Minnesota","27","More than one race","M","2017","2017",167,8126,20.55
,"Minnesota","27","More than one race","M","2018","2018",140,8435,16.60
,"Minnesota","27","More than one race","M","2019","2019",142,8773,16.19
,"Minnesota","27","More than one race","M","2020","2020",174,9150,19.02
,"Minnesota","27","More than one race","M","2021","2021",153,9664,15.83
,"Minnesota","27","More than one race","M","2022","2022",137,9944,13.78
,"Minnesota","27","More than one race","M","2023","2023",119,10546,11.28
,"Minnesota","27","More than one race","M","2024","2024",126,10894,11.57
,"Minnesota","27","Unknown or Not Stated","UNK","2016","2016",0,Not Available,Not Available
,"Minnesota","27","Unknown or Not Stated","UNK","2017","2017",0,Not Available,Not Available
,"Minnesota","27","Unknown or Not Stated","UNK","2018","2018",0,Not Available,Not Available
,"Minnesota","27","Unknown or Not Stated","UNK","2019","2019",0,Not Available,Not Available
,"Minnesota","27","Unknown or Not Stated","UNK","2020","2020",0,Not Available,Not Available
,"Minnesota","27","Unknown or Not Stated","UNK","2021","2021",0,Not Available,Not Available
,"Minnesota","27","Unknown or Not Stated","UNK","2022","2022",0,Not Available,Not Available
,"Minnesota","27","Unknown or Not Stated","UNK","2023","2023",0,Not Available,Not Available
,"Minnesota","27","Unknown or Not Stated","UNK","2024","2024",0,Not Available,Not Available
,"Minnesota","27","Not Available","NA","2016","2016",0,Not Available,Not Available
,"Minnesota","27","Not Available","NA","2017","2017",0,Not Available,Not Available
,"Minnesota","27","Not Available","NA","2018","2018",0,Not Available,Not Available
,"Minnesota","27","Not Available","NA","2019","2019",0,Not Available,Not Available
,"Minnesota","27","Not Available","NA","2020","2020",0,Not Available,Not Available
,"Minnesota","27","Not Available","NA","2021","2021",0,Not Available,Not Available
,"Minnesota","27","Not Available","NA","2022","2022",0,Not Available,Not Available
,"Minnesota","27","Not Available","NA","2023","2023",0,Not Available,Not Available
,"Minnesota","27","Not Available","NA","2024","2024",0,Not Available,Not Available
,"Minnesota","27","Not Reported","NR","2016","2016",0,Not Available,Not Available
,"Minnesota","27","Not Reported","NR","2017","2017",0,Not Available,Not Available
,"Minnesota","27","Not Reported","NR","2018","2018",0,Not Available,Not Available
,"Minnesota","27","Not Reported","NR","2019","2019",0,Not Available,Not Available
,"Minnesota","27","Not Reported","NR","2020","2020",0,Not Available,Not Available
,"Minnesota","27","Not Reported","NR","2021","2021",0,Not Available,Not Available
,"Minnesota","27","Not Reported","NR","2022","2022",0,Not Available,Not Available
,"Minnesota","27","Not Reported","NR","2023","2023",0,Not Available,Not Available
,"Minnesota","27","Not Reported","NR","2024","2024",0,Not Available,Not Available
,"Mississippi","28","American Indian or Alaska Native","1002-5","2016","2016",33,698,47.28
,"Mississippi","28","American Indian or Alaska Native","1002-5","2017","2017",28,717,39.05
,"Mississippi","28","American Indian or Alaska Native","1002-5","2018","2018",26,731,35.57
,"Mississippi","28","American Indian or Alaska Native","1002-5","2019","2019",35,758,46.17
,"Mississippi","28","American Indian or Alaska Native","1002-5","2020","2020",40,756,52.91
,"Mississippi","28","American Indian or Alaska Native","1002-5","2021","2021",31,771,40.21
,"Mississippi","28","American Indian or Alaska Native","1002-5","2022","2022",40,752,53.19
,"Mississippi","28","American Indian or Alaska Native","1002-5","2023","2023",35,774,45.22
,"Mississippi","28","American Indian or Alaska Native","1002-5","2024","2024",41,805,50.93
,"Mississippi","28","Asian","A","2016","2016",Suppressed,1020,Suppressed
,"Mississippi","28","Asian","A","2017","2017",Suppressed,1034,Suppressed
,"Mississippi","28","Asian","A","2018","2018",Suppressed,1015,Suppressed
,"Mississippi","28","Asian","A","2019","2019",Suppressed,1043,Suppressed
,"Mississippi","28","Asian","A","2020","2020",Suppressed,1021,Suppressed
,"Mississippi","28","Asian","A","2021","2021",Suppressed,1072,Suppressed
,"Mississippi","28","Asian","A","2022","2022",Suppressed,1110,Suppressed
,"Mississippi","28","Asian","A","2023","2023",Suppressed,1100,Suppressed
,"Mississippi","28","Asian","A","2024","2024",Suppressed,1090,Suppressed
,"Mississippi","28","Black or African American","2054-5","2016","2016",1759,45240,38.88
,"Mississippi","28","Black or African American","2054-5","2017","2017",1688,44576,37.87
,"Mississippi","28","Black or African American","2054-5","2018","2018",1493,44312,33.69
,"Mississippi","28","Black or African American","2054-5","2019","2019",1521,42978,35.39
,"Mississippi","28","Black or African American","2054-5","2020","2020",1477,41991,35.17
,"Mississippi","28","Black or African American","2054-5","2021","2021",1370,42747,32.05
,"Mississippi","28","Black or African American","2054-5","2022","2022",1421,43336,32.79
,"Mississippi","28","Black or African American","2054-5","2023","2023",1376,44696,30.79
,"Mississippi","28","Black or African American","2054-5","2024","2024",1207,44641,27.04
,"Mississippi","28","Native Hawaiian or Other Pacific Islander","NHOPI","2016","2016",0,62,0.00
,"Mississippi","28","Native Hawaiian or Other Pacific Islander","NHOPI","2017","2017",Suppressed,62,Suppressed
,"Mississippi","28","Native Hawaiian or Other Pacific Islander","NHOPI","2018","2018",Suppressed,57,Suppressed
,"Mississippi","28","Native Hawaiian or Other Pacific Islander","NHOPI","2019","2019",0,57,0.00
,"Mississippi","28","Native Hawaiian or Other Pacific Islander","NHOPI","2020","2020",0,57,0.00
,"Mississippi","28","Native Hawaiian or Other Pacific Islander","NHOPI","2021","2021",Suppressed,67,Suppressed
,"Mississippi","28","Native Hawaiian or Other Pacific Islander","NHOPI","2022","2022",0,84,0.00
,"Mississippi","28","Native Hawaiian or Other Pacific Islander","NHOPI","2023","2023",Suppressed,101,Suppressed
,"Mississippi","28","Native Hawaiian or Other Pacific Islander","NHOPI","2024","2024",Suppressed,126,Suppressed
,"Mississippi","28","White","2106-3","2016","2016",1488,53141,28.00
,"Mississippi","28","White","2106-3","2017","2017",1371,52843,25.94
,"Mississippi","28","White","2106-3","2018","2018",1250,52744,23.70
,"Mississippi","28","White","2106-3","2019","2019",1271,51607,24.63
,"Mississippi","28","White","2106-3","2020","2020",1161,51276,22.64
,"Mississippi","28","White","2106-3","2021","2021",1107,52405,21.12
,"Mississippi","28","White","2106-3","2022","2022",1172,53633,21.85
,"Mississippi","28","White","2106-3","2023","2023",1130,54814,20.62
,"Mississippi","28","White","2106-3","2024","2024",1077,55384,19.45
,"Mississippi","28","More than one race","M","2016","2016",41,1882,21.79
,"Mississippi","28","More than one race","M","2017","2017",42,1959,21.44
,"Mississippi","28","More than one race","M","2018","2018",31,2031,15.26
,"Mississippi","28","More than one race","M","2019","2019",38,2125,17.88
,"Mississippi","28","More than one race","M","2020","2020",29,2220,13.06
,"Mississippi","28","More than one race","M","2021","2021",29,2353,12.32
,"Mississippi","28","More than one race","M","2022","2022",48,2584,18.58
,"Mississippi","28","More than one race","M","2023","2023",50,2736,18.27
,"Mississippi","28","More than one race","M","2024","2024",55,2850,19.30
,"Mississippi","28","Unknown or Not Stated","UNK","2016","2016",0,Not Available,Not Available
,"Mississippi","28","Unknown or Not Stated","UNK","2017","2017",0,Not Available,Not Available
,"Mississippi","28","Unknown or Not Stated","UNK","2018","2018",0,Not Available,Not Available
,"Mississippi","28","Unknown or Not Stated","UNK","2019","2019",0,Not Available,Not Available
,"Mississippi","28","Unknown or Not Stated","UNK","2020","2020",0,Not Available,Not Available
,"Mississippi","28","Unknown or Not Stated","UNK","2021","2021",0,Not Available,Not Available
,"Mississippi","28","Unknown or Not Stated","UNK","2022","2022",0,Not Available,Not Available
,"Mississippi","28","Unknown or Not Stated","UNK","2023","2023",0,Not Available,Not Available
,"Mississippi","28","Unknown or Not Stated","UNK","2024","2024",0,Not Available,Not Available
,"Mississippi","28","Not Available","NA","2016","2016",0,Not Available,Not Available
,"Mississippi","28","Not Available","NA","2017","2017",0,Not Available,Not Available
,"Mississippi","28","Not Available","NA","2018","2018",0,Not Available,Not Available
,"Mississippi","28","Not Available","NA","2019","2019",0,Not Available,Not Available
,"Mississippi","28","Not Available","NA","2020","2020",0,Not Available,Not Available
,"Mississippi","28","Not Available","NA","2021","2021",0,Not Available,Not Available
,"Mississippi","28","Not Available","NA","2022","2022",0,Not Available,Not Available
,"Mississippi","28","Not Available","NA","2023","2023",0,Not Available,Not Available
,"Mississippi","28","Not Available","NA","2024","2024",0,Not Available,Not Available
,"Mississippi","28","Not Reported","NR","2016","2016",0,Not Available,Not Available
,"Mississippi","28","Not Reported","NR","2017","2017",0,Not Available,Not Available
,"Mississippi","28","Not Reported","NR","2018","2018",0,Not Available,Not Available
,"Mississippi","28","Not Reported","NR","2019","2019",0,Not Available,Not Available
,"Mississippi","28","Not Reported","NR","2020","2020",0,Not Available,Not Available
,"Mississippi","28","Not Reported","NR","2021","2021",0,Not Available,Not Available
,"Mississippi","28","Not Reported","NR","2022","2022",0,Not Available,Not Available
,"Mississippi","28","Not Reported","NR","2023","2023",0,Not Available,Not Available
,"Mississippi","28","Not Reported","NR","2024","2024",0,Not Available,Not Available
,"Missouri","29","American Indian or Alaska Native","1002-5","2016","2016",13,1171,11.10
,"Missouri","29","American Indian or Alaska Native","1002-5","2017","2017",20,1201,16.65
,"Missouri","29","American Indian or Alaska Native","1002-5","2018","2018",23,1161,19.81
,"Missouri","29","American Indian or Alaska Native","1002-5","2019","2019",15,1129,13.29
,"Missouri","29","American Indian or Alaska Native","1002-5","2020","2020",19,1069,17.77
,"Missouri","29","American Indian or Alaska Native","1002-5","2021","2021",16,1091,14.67
,"Missouri","29","American Indian or Alaska Native","1002-5","2022","2022",17,1149,14.80
,"Missouri","29","American Indian or Alaska Native","1002-5","2023","2023",28,1229,22.78
,"Missouri","29","American Indian or Alaska Native","1002-5","2024","2024",27,1221,22.11
,"Missouri","29","Asian","A","2016","2016",21,4174,5.03
,"Missouri","29","Asian","A","2017","2017",14,4250,3.29
,"Missouri","29","Asian","A","2018","2018",15,4589,3.27
,"Missouri","29","Asian","A","2019","2019",31,4739,6.54
,"Missouri","29","Asian","A","2020","2020",12,4883,2.46
,"Missouri","29","Asian","A","2021","2021",11,4923,2.23
,"Missouri","29","Asian","A","2022","2022",15,4976,3.01
,"Missouri","29","Asian","A","2023","2023",11,4877,2.26
,"Missouri","29","Asian","A","2024","2024",11,5132,2.14
,"Missouri","29","Black or African American","2054-5","2016","2016",931,26914,34.59
,"Missouri","29","Black or African American","2054-5","2017","2017",923,26463,34.88
,"Missouri","29","Black or African American","2054-5","2018","2018",886,26060,34.00
,"Missouri","29","Black or African American","2054-5","2019","2019",857,25739,33.30
,"Missouri","29","Black or African American","2054-5","2020","2020",804,25388,31.67
,"Missouri","29","Black or African American","2054-5","2021","2021",703,25940,27.10
,"Missouri","29","Black or African American","2054-5","2022","2022",683,25939,26.33
,"Missouri","29","Black or African American","2054-5","2023","2023",643,26597,24.18
,"Missouri","29","Black or African American","2054-5","2024","2024",605,26796,22.58
,"Missouri","29","Native Hawaiian or Other Pacific Islander","NHOPI","2016","2016",19,370,51.35
,"Missouri","29","Native Hawaiian or Other Pacific Islander","NHOPI","2017","2017",19,404,47.03
,"Missouri","29","Native Hawaiian or Other Pacific Islander","NHOPI","2018","2018",Suppressed,433,Suppressed
,"Missouri","29","Native Hawaiian or Other Pacific Islander","NHOPI","2019","2019",15,464,32.33
,"Missouri","29","Native Hawaiian or Other Pacific Islander","NHOPI","2020","2020",10,467,21.41
,"Missouri","29","Native Hawaiian or Other Pacific Islander","NHOPI","2021","2021",12,505,23.76
,"Missouri","29","Native Hawaiian or Other Pacific Islander","NHOPI","2022","2022",27,576,46.88
,"Missouri","29","Native Hawaiian or Other Pacific Islander","NHOPI","2023","2023",28,636,44.03
,"Missouri","29","Native Hawaiian or Other Pacific Islander","NHOPI","2024","2024",16,626,25.56
,"Missouri","29","White","2106-3","2016","2016",3250,153242,21.21
,"Missouri","29","White","2106-3","2017","2017",3045,151924,20.04
,"Missouri","29","White","2106-3","2018","2018",2933,151007,19.42
,"Missouri","29","White","2106-3","2019","2019",2695,150332,17.93
,"Missouri","29","White","2106-3","2020","2020",2508,149654,16.76
,"Missouri","29","White","2106-3","2021","2021",2371,153186,15.48
,"Missouri","29","White","2106-3","2022","2022",2312,152406,15.17
,"Missouri","29","White","2106-3","2023","2023",2268,155588,14.58
,"Missouri","29","White","2106-3","2024","2024",2290,155292,14.75
,"Missouri","29","More than one race","M","2016","2016",271,6937,39.07
,"Missouri","29","More than one race","M","2017","2017",280,7074,39.58
,"Missouri","29","More than one race","M","2018","2018",244,7214,33.82
,"Missouri","29","More than one race","M","2019","2019",238,7500,31.73
,"Missouri","29","More than one race","M","2020","2020",203,7926,25.61
,"Missouri","29","More than one race","M","2021","2021",199,8501,23.41
,"Missouri","29","More than one race","M","2022","2022",216,8999,24.00
,"Missouri","29","More than one race","M","2023","2023",188,9689,19.40
,"Missouri","29","More than one race","M","2024","2024",219,10166,21.54
,"Missouri","29","Unknown or Not Stated","UNK","2016","2016",0,Not Available,Not Available
,"Missouri","29","Unknown or Not Stated","UNK","2017","2017",0,Not Available,Not Available
,"Missouri","29","Unknown or Not Stated","UNK","2018","2018",0,Not Available,Not Available
,"Missouri","29","Unknown or Not Stated","UNK","2019","2019",0,Not Available,Not Available
,"Missouri","29","Unknown or Not Stated","UNK","2020","2020",0,Not Available,Not Available
,"Missouri","29","Unknown or Not Stated","UNK","2021","2021",0,Not Available,Not Available
,"Missouri","29","Unknown or Not Stated","UNK","2022","2022",0,Not Available,Not Available
,"Missouri","29","Unknown or Not Stated","UNK","2023","2023",0,Not Available,Not Available
,"Missouri","29","Unknown or Not Stated","UNK","2024","2024",0,Not Available,Not Available
,"Missouri","29","Not Available","NA","2016","2016",0,Not Available,Not Available
,"Missouri","29","Not Available","NA","2017","2017",0,Not Available,Not Available
,"Missouri","29","Not Available","NA","2018","2018",0,Not Available,Not Available
,"Missouri","29","Not Available","NA","2019","2019",0,Not Available,Not Available
,"Missouri","29","Not Available","NA","2020","2020",0,Not Available,Not Available
,"Missouri","29","Not Available","NA","2021","2021",0,Not Available,Not Available
,"Missouri","29","Not Available","NA","2022","2022",0,Not Available,Not Available
,"Missouri","29","Not Available","NA","2023","2023",0,Not Available,Not Available
,"Missouri","29","Not Available","NA","2024","2024",0,Not Available,Not Available
,"Missouri","29","Not Reported","NR","2016","2016",0,Not Available,Not Available
,"Missouri","29","Not Reported","NR","2017","2017",0,Not Available,Not Available
,"Missouri","29","Not Reported","NR","2018","2018",0,Not Available,Not Available
,"Missouri","29","Not Reported","NR","2019","2019",0,Not Available,Not Available
,"Missouri","29","Not Reported","NR","2020","2020",0,Not Available,Not Available
,"Missouri","29","Not Reported","NR","2021","2021",0,Not Available,Not Available
,"Missouri","29","Not Reported","NR","2022","2022",0,Not Available,Not Available
,"Missouri","29","Not Reported","NR","2023","2023",0,Not Available,Not Available
,"Missouri","29","Not Reported","NR","2024","2024",0,Not Available,Not Available
,"Montana","30","American Indian or Alaska Native","1002-5","2016","2016",208,2755,75.50
,"Montana","30","American Indian or Alaska Native","1002-5","2017","2017",181,2886,62.72
,"Montana","30","American Indian or Alaska Native","1002-5","2018","2018",155,2931,52.88
,"Montana","30","American Indian or Alaska Native","1002-5","2019","2019",161,3002,53.63
,"Montana","30","American Indian or Alaska Native","1002-5","2020","2020",125,3079,40.60
,"Montana","30","American Indian or Alaska Native","1002-5","2021","2021",136,3253,41.81
,"Montana","30","American Indian or Alaska Native","1002-5","2022","2022",103,3232,31.87
,"Montana","30","American Indian or Alaska Native","1002-5","2023","2023",115,3357,34.26
,"Montana","30","American Indian or Alaska Native","1002-5","2024","2024",99,3349,29.56
,"Montana","30","Asian","A","2016","2016",0,329,0.00
,"Montana","30","Asian","A","2017","2017",Suppressed,305,Suppressed
,"Montana","30","Asian","A","2018","2018",Suppressed,322,Suppressed
,"Montana","30","Asian","A","2019","2019",Suppressed,317,Suppressed
,"Montana","30","Asian","A","2020","2020",0,360,0.00
,"Montana","30","Asian","A","2021","2021",0,385,0.00
,"Montana","30","Asian","A","2022","2022",0,422,0.00
,"Montana","30","Asian","A","2023","2023",0,386,0.00
,"Montana","30","Asian","A","2024","2024",0,363,0.00
,"Montana","30","Black or African American","2054-5","2016","2016",Suppressed,285,Suppressed
,"Montana","30","Black or African American","2054-5","2017","2017",Suppressed,228,Suppressed
,"Montana","30","Black or African American","2054-5","2018","2018",Suppressed,241,Suppressed
,"Montana","30","Black or African American","2054-5","2019","2019",Suppressed,239,Suppressed
,"Montana","30","Black or African American","2054-5","2020","2020",Suppressed,227,Suppressed
,"Montana","30","Black or African American","2054-5","2021","2021",Suppressed,231,Suppressed
,"Montana","30","Black or African American","2054-5","2022","2022",Suppressed,243,Suppressed
,"Montana","30","Black or African American","2054-5","2023","2023",Suppressed,260,Suppressed
,"Montana","30","Black or African American","2054-5","2024","2024",Suppressed,247,Suppressed
,"Montana","30","Native Hawaiian or Other Pacific Islander","NHOPI","2016","2016",Suppressed,34,Suppressed
,"Montana","30","Native Hawaiian or Other Pacific Islander","NHOPI","2017","2017",0,35,0.00
,"Montana","30","Native Hawaiian or Other Pacific Islander","NHOPI","2018","2018",Suppressed,33,Suppressed
,"Montana","30","Native Hawaiian or Other Pacific Islander","NHOPI","2019","2019",Suppressed,32,Suppressed
,"Montana","30","Native Hawaiian or Other Pacific Islander","NHOPI","2020","2020",Suppressed,33,Suppressed
,"Montana","30","Native Hawaiian or Other Pacific Islander","NHOPI","2021","2021",0,41,0.00
,"Montana","30","Native Hawaiian or Other Pacific Islander","NHOPI","2022","2022",0,94,0.00
,"Montana","30","Native Hawaiian or Other Pacific Islander","NHOPI","2023","2023",Suppressed,113,Suppressed
,"Montana","30","Native Hawaiian or Other Pacific Islander","NHOPI","2024","2024",Suppressed,82,Suppressed
,"Montana","30","White","2106-3","2016","2016",460,25671,17.92
,"Montana","30","White","2106-3","2017","2017",413,25570,16.15
,"Montana","30","White","2106-3","2018","2018",323,25896,12.47
,"Montana","30","White","2106-3","2019","2019",305,25722,11.86
,"Montana","30","White","2106-3","2020","2020",263,25898,10.16
,"Montana","30","White","2106-3","2021","2021",271,26985,10.04
,"Montana","30","White","2106-3","2022","2022",277,27100,10.22
,"Montana","30","White","2106-3","2023","2023",247,27770,8.89
,"Montana","30","White","2106-3","2024","2024",239,27706,8.63
,"Montana","30","More than one race","M","2016","2016",41,1308,31.35
,"Montana","30","More than one race","M","2017","2017",48,1339,35.85
,"Montana","30","More than one race","M","2018","2018",45,1364,32.99
,"Montana","30","More than one race","M","2019","2019",29,1483,19.55
,"Montana","30","More than one race","M","2020","2020",20,1603,12.48
,"Montana","30","More than one race","M","2021","2021",34,1712,19.86
,"Montana","30","More than one race","M","2022","2022",19,1754,10.83
,"Montana","30","More than one race","M","2023","2023",31,1802,17.20
,"Montana","30","More than one race","M","2024","2024",31,1834,16.90
,"Montana","30","Unknown or Not Stated","UNK","2016","2016",0,Not Available,Not Available
,"Montana","30","Unknown or Not Stated","UNK","2017","2017",0,Not Available,Not Available
,"Montana","30","Unknown or Not Stated","UNK","2018","2018",0,Not Available,Not Available
,"Montana","30","Unknown or Not Stated","UNK","2019","2019",0,Not Available,Not Available
,"Montana","30","Unknown or Not Stated","UNK","2020","2020",0,Not Available,Not Available
,"Montana","30","Unknown or Not Stated","UNK","2021","2021",0,Not Available,Not Available
,"Montana","30","Unknown or Not Stated","UNK","2022","2022",0,Not Available,Not Available
,"Montana","30","Unknown or Not Stated","UNK","2023","2023",0,Not Available,Not Available
,"Montana","30","Unknown or Not Stated","UNK","2024","2024",0,Not Available,Not Available
,"Montana","30","Not Available","NA","2016","2016",0,Not Available,Not Available
,"Montana","30","Not Available","NA","2017","2017",0,Not Available,Not Available
,"Montana","30","Not Available","NA","2018","2018",0,Not Available,Not Available
,"Montana","30","Not Available","NA","2019","2019",0,Not Available,Not Available
,"Montana","30","Not Available","NA","2020","2020",0,Not Available,Not Available
,"Montana","30","Not Available","NA","2021","2021",0,Not Available,Not Available
,"Montana","30","Not Available","NA","2022","2022",0,Not Available,Not Available
,"Montana","30","Not Available","NA","2023","2023",0,Not Available,Not Available
,"Montana","30","Not Available","NA","2024","2024",0,Not Available,Not Available
,"Montana","30","Not Reported","NR","2016","2016",0,Not Available,Not Available
,"Montana","30","Not Reported","NR","2017","2017",0,Not Available,Not Available
,"Montana","30","Not Reported","NR","2018","2018",0,Not Available,Not Available
,"Montana","30","Not Reported","NR","2019","2019",0,Not Available,Not Available
,"Montana","30","Not Reported","NR","2020","2020",0,Not Available,Not Available
,"Montana","30","Not Reported","NR","2021","2021",0,Not Available,Not Available
,"Montana","30","Not Reported","NR","2022","2022",0,Not Available,Not Available
,"Montana","30","Not Reported","NR","2023","2023",0,Not Available,Not Available
,"Montana","30","Not Reported","NR","2024","2024",0,Not Available,Not Available
,"Nebraska","31","American Indian or Alaska Native","1002-5","2016","2016",46,1144,40.21
,"Nebraska","31","American Indian or Alaska Native","1002-5","2017","2017",48,1203,39.90
,"Nebraska","31","American Indian or Alaska Native","1002-5","2018","2018",48,1225,39.18
,"Nebraska","31","American Indian or Alaska Native","1002-5","2019","2019",54,1248,43.27
,"Nebraska","31","American Indian or Alaska Native","1002-5","2020","2020",47,1252,37.54
,"Nebraska","31","American Indian or Alaska Native","1002-5","2021","2021",53,1306,40.58
,"Nebraska","31","American Indian or Alaska Native","1002-5","2022","2022",49,1271,38.55
,"Nebraska","31","American Indian or Alaska Native","1002-5","2023","2023",52,1328,39.16
,"Nebraska","31","American Indian or Alaska Native","1002-5","2024","2024",55,1429,38.49
,"Nebraska","31","Asian","A","2016","2016",41,1843,22.25
,"Nebraska","31","Asian","A","2017","2017",35,1927,18.16
,"Nebraska","31","Asian","A","2018","2018",18,1991,9.04
,"Nebraska","31","Asian","A","2019","2019",15,2038,7.36
,"Nebraska","31","Asian","A","2020","2020",12,1955,6.14
,"Nebraska","31","Asian","A","2021","2021",17,1977,8.60
,"Nebraska","31","Asian","A","2022","2022",17,1955,8.70
,"Nebraska","31","Asian","A","2023","2023",16,1954,8.19
,"Nebraska","31","Asian","A","2024","2024",10,2076,4.82
,"Nebraska","31","Black or African American","2054-5","2016","2016",147,3616,40.65
,"Nebraska","31","Black or African American","2054-5","2017","2017",136,3659,37.17
,"Nebraska","31","Black or African American","2054-5","2018","2018",124,3672,33.77
,"Nebraska","31","Black or African American","2054-5","2019","2019",111,3827,29.00
,"Nebraska","31","Black or African American","2054-5","2020","2020",138,3810,36.22
,"Nebraska","31","Black or African American","2054-5","2021","2021",124,3999,31.01
,"Nebraska","31","Black or African American","2054-5","2022","2022",121,4082,29.64
,"Nebraska","31","Black or African American","2054-5","2023","2023",114,4267,26.72
,"Nebraska","31","Black or African American","2054-5","2024","2024",120,4667,25.71
,"Nebraska","31","Native Hawaiian or Other Pacific Islander","NHOPI","2016","2016",Suppressed,98,Suppressed
,"Nebraska","31","Native Hawaiian or Other Pacific Islander","NHOPI","2017","2017",Suppressed,96,Suppressed
,"Nebraska","31","Native Hawaiian or Other Pacific Islander","NHOPI","2018","2018",Suppressed,99,Suppressed
,"Nebraska","31","Native Hawaiian or Other Pacific Islander","NHOPI","2019","2019",Suppressed,98,Suppressed
,"Nebraska","31","Native Hawaiian or Other Pacific Islander","NHOPI","2020","2020",Suppressed,102,Suppressed
,"Nebraska","31","Native Hawaiian or Other Pacific Islander","NHOPI","2021","2021",Suppressed,107,Suppressed
,"Nebraska","31","Native Hawaiian or Other Pacific Islander","NHOPI","2022","2022",Suppressed,107,Suppressed
,"Nebraska","31","Native Hawaiian or Other Pacific Islander","NHOPI","2023","2023",Suppressed,119,Suppressed
,"Nebraska","31","Native Hawaiian or Other Pacific Islander","NHOPI","2024","2024",Suppressed,134,Suppressed
,"Nebraska","31","White","2106-3","2016","2016",907,54633,16.60
,"Nebraska","31","White","2106-3","2017","2017",864,54774,15.77
,"Nebraska","31","White","2106-3","2018","2018",798,54838,14.55
,"Nebraska","31","White","2106-3","2019","2019",738,55083,13.40
,"Nebraska","31","White","2106-3","2020","2020",720,55216,13.04
,"Nebraska","31","White","2106-3","2021","2021",682,57312,11.90
,"Nebraska","31","White","2106-3","2022","2022",680,56287,12.08
,"Nebraska","31","White","2106-3","2023","2023",646,57550,11.23
,"Nebraska","31","White","2106-3","2024","2024",712,57789,12.32
,"Nebraska","31","More than one race","M","2016","2016",70,2195,31.89
,"Nebraska","31","More than one race","M","2017","2017",72,2305,31.24
,"Nebraska","31","More than one race","M","2018","2018",83,2524,32.88
,"Nebraska","31","More than one race","M","2019","2019",73,2621,27.85
,"Nebraska","31","More than one race","M","2020","2020",61,2747,22.21
,"Nebraska","31","More than one race","M","2021","2021",63,2905,21.69
,"Nebraska","31","More than one race","M","2022","2022",69,2988,23.09
,"Nebraska","31","More than one race","M","2023","2023",64,3205,19.97
,"Nebraska","31","More than one race","M","2024","2024",70,3373,20.75
,"Nebraska","31","Unknown or Not Stated","UNK","2016","2016",0,Not Available,Not Available
,"Nebraska","31","Unknown or Not Stated","UNK","2017","2017",0,Not Available,Not Available
,"Nebraska","31","Unknown or Not Stated","UNK","2018","2018",0,Not Available,Not Available
,"Nebraska","31","Unknown or Not Stated","UNK","2019","2019",0,Not Available,Not Available
,"Nebraska","31","Unknown or Not Stated","UNK","2020","2020",0,Not Available,Not Available
,"Nebraska","31","Unknown or Not Stated","UNK","2021","2021",0,Not Available,Not Available
,"Nebraska","31","Unknown or Not Stated","UNK","2022","2022",0,Not Available,Not Available
,"Nebraska","31","Unknown or Not Stated","UNK","2023","2023",0,Not Available,Not Available
,"Nebraska","31","Unknown or Not Stated","UNK","2024","2024",0,Not Available,Not Available
,"Nebraska","31","Not Available","NA","2016","2016",0,Not Available,Not Available
,"Nebraska","31","Not Available","NA","2017","2017",0,Not Available,Not Available
,"Nebraska","31","Not Available","NA","2018","2018",0,Not Available,Not Available
,"Nebraska","31","Not Available","NA","2019","2019",0,Not Available,Not Available
,"Nebraska","31","Not Available","NA","2020","2020",0,Not Available,Not Available
,"Nebraska","31","Not Available","NA","2021","2021",0,Not Available,Not Available
,"Nebraska","31","Not Available","NA","2022","2022",0,Not Available,Not Available
,"Nebraska","31","Not Available","NA","2023","2023",0,Not Available,Not Available
,"Nebraska","31","Not Available","NA","2024","2024",0,Not Available,Not Available
,"Nebraska","31","Not Reported","NR","2016","2016",0,Not Available,Not Available
,"Nebraska","31","Not Reported","NR","2017","2017",0,Not Available,Not Available
,"Nebraska","31","Not Reported","NR","2018","2018",0,Not Available,Not Available
,"Nebraska","31","Not Reported","NR","2019","2019",0,Not Available,Not Available
,"Nebraska","31","Not Reported","NR","2020","2020",0,Not Available,Not Available
,"Nebraska","31","Not Reported","NR","2021","2021",0,Not Available,Not Available
,"Nebraska","31","Not Reported","NR","2022","2022",0,Not Available,Not Available
,"Nebraska","31","Not Reported","NR","2023","2023",0,Not Available,Not Available
,"Nebraska","31","Not Reported","NR","2024","2024",0,Not Available,Not Available
,"Nevada","32","American Indian or Alaska Native","1002-5","2016","2016",33,1753,18.82
,"Nevada","32","American Indian or Alaska Native","1002-5","2017","2017",31,1761,17.60
,"Nevada","32","American Indian or Alaska Native","1002-5","2018","2018",25,1755,14.25
,"Nevada","32","American Indian or Alaska Native","1002-5","2019","2019",30,1757,17.07
,"Nevada","32","American Indian or Alaska Native","1002-5","2020","2020",30,1753,17.11
,"Nevada","32","American Indian or Alaska Native","1002-5","2021","2021",22,1836,11.98
,"Nevada","32","American Indian or Alaska Native","1002-5","2022","2022",13,1867,6.96
,"Nevada","32","American Indian or Alaska Native","1002-5","2023","2023",18,1943,9.26
,"Nevada","32","American Indian or Alaska Native","1002-5","2024","2024",16,2085,7.67
,"Nevada","32","Asian","A","2016","2016",47,6428,7.31
,"Nevada","32","Asian","A","2017","2017",47,6548,7.18
,"Nevada","32","Asian","A","2018","2018",25,6378,3.92
,"Nevada","32","Asian","A","2019","2019",34,6338,5.36
,"Nevada","32","Asian","A","2020","2020",25,6451,3.88
,"Nevada","32","Asian","A","2021","2021",23,6550,3.51
,"Nevada","32","Asian","A","2022","2022",21,6663,3.15
,"Nevada","32","Asian","A","2023","2023",14,6803,2.06
,"Nevada","32","Asian","A","2024","2024",22,7348,2.99
,"Nevada","32","Black or African American","2054-5","2016","2016",399,9194,43.40
,"Nevada","32","Black or African American","2054-5","2017","2017",361,9468,38.13
,"Nevada","32","Black or African American","2054-5","2018","2018",333,9826,33.89
,"Nevada","32","Black or African American","2054-5","2019","2019",303,10056,30.13
,"Nevada","32","Black or African American","2054-5","2020","2020",307,10320,29.75
,"Nevada","32","Black or African American","2054-5","2021","2021",271,10650,25.45
,"Nevada","32","Black or African American","2054-5","2022","2022",230,10975,20.96
,"Nevada","32","Black or African American","2054-5","2023","2023",251,11458,21.91
,"Nevada","32","Black or African American","2054-5","2024","2024",273,11797,23.14
,"Nevada","32","Native Hawaiian or Other Pacific Islander","NHOPI","2016","2016",21,832,25.24
,"Nevada","32","Native Hawaiian or Other Pacific Islander","NHOPI","2017","2017",15,839,17.88
,"Nevada","32","Native Hawaiian or Other Pacific Islander","NHOPI","2018","2018",19,836,22.73
,"Nevada","32","Native Hawaiian or Other Pacific Islander","NHOPI","2019","2019",17,855,19.88
,"Nevada","32","Native Hawaiian or Other Pacific Islander","NHOPI","2020","2020",15,867,17.30
,"Nevada","32","Native Hawaiian or Other Pacific Islander","NHOPI","2021","2021",13,896,14.51
,"Nevada","32","Native Hawaiian or Other Pacific Islander","NHOPI","2022","2022",12,929,12.92
,"Nevada","32","Native Hawaiian or Other Pacific Islander","NHOPI","2023","2023",13,986,13.18
,"Nevada","32","Native Hawaiian or Other Pacific Islander","NHOPI","2024","2024",19,1008,18.85
,"Nevada","32","White","2106-3","2016","2016",1453,62082,23.40
,"Nevada","32","White","2106-3","2017","2017",1321,62386,21.17
,"Nevada","32","White","2106-3","2018","2018",1281,62731,20.42
,"Nevada","32","White","2106-3","2019","2019",1152,63023,18.28
,"Nevada","32","White","2106-3","2020","2020",1006,63506,15.84
,"Nevada","32","White","2106-3","2021","2021",950,64848,14.65
,"Nevada","32","White","2106-3","2022","2022",943,65079,14.49
,"Nevada","32","White","2106-3","2023","2023",845,65818,12.84
,"Nevada","32","White","2106-3","2024","2024",801,66250,12.09
,"Nevada","32","More than one race","M","2016","2016",125,5674,22.03
,"Nevada","32","More than one race","M","2017","2017",131,5907,22.18
,"Nevada","32","More than one race","M","2018","2018",117,6165,18.98
,"Nevada","32","More than one race","M","2019","2019",132,6454,20.45
,"Nevada","32","More than one race","M","2020","2020",123,6772,18.16
,"Nevada","32","More than one race","M","2021","2021",105,7160,14.66
,"Nevada","32","More than one race","M","2022","2022",85,7556,11.25
,"Nevada","32","More than one race","M","2023","2023",107,8032,13.32
,"Nevada","32","More than one race","M","2024","2024",80,8398,9.53
,"Nevada","32","Unknown or Not Stated","UNK","2016","2016",0,Not Available,Not Available
,"Nevada","32","Unknown or Not Stated","UNK","2017","2017",0,Not Available,Not Available
,"Nevada","32","Unknown or Not Stated","UNK","2018","2018",0,Not Available,Not Available
,"Nevada","32","Unknown or Not Stated","UNK","2019","2019",0,Not Available,Not Available
,"Nevada","32","Unknown or Not Stated","UNK","2020","2020",0,Not Available,Not Available
,"Nevada","32","Unknown or Not Stated","UNK","2021","2021",0,Not Available,Not Available
,"Nevada","32","Unknown or Not Stated","UNK","2022","2022",0,Not Available,Not Available
,"Nevada","32","Unknown or Not Stated","UNK","2023","2023",0,Not Available,Not Available
,"Nevada","32","Unknown or Not Stated","UNK","2024","2024",0,Not Available,Not Available
,"Nevada","32","Not Available","NA","2016","2016",0,Not Available,Not Available
,"Nevada","32","Not Available","NA","2017","2017",0,Not Available,Not Available
,"Nevada","32","Not Available","NA","2018","2018",0,Not Available,Not Available
,"Nevada","32","Not Available","NA","2019","2019",0,Not Available,Not Available
,"Nevada","32","Not Available","NA","2020","2020",0,Not Available,Not Available
,"Nevada","32","Not Available","NA","2021","2021",0,Not Available,Not Available
,"Nevada","32","Not Available","NA","2022","2022",0,Not Available,Not Available
,"Nevada","32","Not Available","NA","2023","2023",0,Not Available,Not Available
,"Nevada","32","Not Available","NA","2024","2024",0,Not Available,Not Available
,"Nevada","32","Not Reported","NR","2016","2016",0,Not Available,Not Available
,"Nevada","32","Not Reported","NR","2017","2017",0,Not Available,Not Available
,"Nevada","32","Not Reported","NR","2018","2018",0,Not Available,Not Available
,"Nevada","32","Not Reported","NR","2019","2019",0,Not Available,Not Available
,"Nevada","32","Not Reported","NR","2020","2020",0,Not Available,Not Available
,"Nevada","32","Not Reported","NR","2021","2021",0,Not Available,Not Available
,"Nevada","32","Not Reported","NR","2022","2022",0,Not Available,Not Available
,"Nevada","32","Not Reported","NR","2023","2023",0,Not Available,Not Available
,"Nevada","32","Not Reported","NR","2024","2024",0,Not Available,Not Available
,"New Hampshire","33","American Indian or Alaska Native","1002-5","2016","2016",Suppressed,130,Suppressed
,"New Hampshire","33","American Indian or Alaska Native","1002-5","2017","2017",Suppressed,133,Suppressed
,"New Hampshire","33","American Indian or Alaska Native","1002-5","2018","2018",Suppressed,119,Suppressed
,"New Hampshire","33","American Indian or Alaska Native","1002-5","2019","2019",0,135,0.00
,"New Hampshire","33","American Indian or Alaska Native","1002-5","2020","2020",0,144,0.00
,"New Hampshire","33","American Indian or Alaska Native","1002-5","2021","2021",Suppressed,137,Suppressed
,"New Hampshire","33","American Indian or Alaska Native","1002-5","2022","2022",0,130,0.00
,"New Hampshire","33","American Indian or Alaska Native","1002-5","2023","2023",0,140,0.00
,"New Hampshire","33","American Indian or Alaska Native","1002-5","2024","2024",0,131,0.00
,"New Hampshire","33","Asian","A","2016","2016",Suppressed,1183,Suppressed
,"New Hampshire","33","Asian","A","2017","2017",Suppressed,1275,Suppressed
,"New Hampshire","33","Asian","A","2018","2018",Suppressed,1443,Suppressed
,"New Hampshire","33","Asian","A","2019","2019",Suppressed,1421,Suppressed
,"New Hampshire","33","Asian","A","2020","2020",Suppressed,1398,Suppressed
,"New Hampshire","33","Asian","A","2021","2021",0,1408,0.00
,"New Hampshire","33","Asian","A","2022","2022",0,1370,0.00
,"New Hampshire","33","Asian","A","2023","2023",0,1395,0.00
,"New Hampshire","33","Asian","A","2024","2024",Suppressed,1416,Suppressed
,"New Hampshire","33","Black or African American","2054-5","2016","2016",10,881,11.35
,"New Hampshire","33","Black or African American","2054-5","2017","2017",13,931,13.96
,"New Hampshire","33","Black or African American","2054-5","2018","2018",12,955,12.57
,"New Hampshire","33","Black or African American","2054-5","2019","2019",13,977,13.31
,"New Hampshire","33","Black or African American","2054-5","2020","2020",12,1045,11.48
,"New Hampshire","33","Black or African American","2054-5","2021","2021",13,1114,11.67
,"New Hampshire","33","Black or African American","2054-5","2022","2022",Suppressed,1116,Suppressed
,"New Hampshire","33","Black or African American","2054-5","2023","2023",Suppressed,1109,Suppressed
,"New Hampshire","33","Black or African American","2054-5","2024","2024",Suppressed,1188,Suppressed
,"New Hampshire","33","Native Hawaiian or Other Pacific Islander","NHOPI","2016","2016",0,16,0.00
,"New Hampshire","33","Native Hawaiian or Other Pacific Islander","NHOPI","2017","2017",0,15,0.00
,"New Hampshire","33","Native Hawaiian or Other Pacific Islander","NHOPI","2018","2018",Suppressed,18,Suppressed
,"New Hampshire","33","Native Hawaiian or Other Pacific Islander","NHOPI","2019","2019",0,20,0.00
,"New Hampshire","33","Native Hawaiian or Other Pacific Islander","NHOPI","2020","2020",Suppressed,24,Suppressed
,"New Hampshire","33","Native Hawaiian or Other Pacific Islander","NHOPI","2021","2021",Suppressed,29,Suppressed
,"New Hampshire","33","Native Hawaiian or Other Pacific Islander","NHOPI","2022","2022",0,25,0.00
,"New Hampshire","33","Native Hawaiian or Other Pacific Islander","NHOPI","2023","2023",0,22,0.00
,"New Hampshire","33","Native Hawaiian or Other Pacific Islander","NHOPI","2024","2024",0,22,0.00
,"New Hampshire","33","White","2106-3","2016","2016",364,38625,9.42
,"New Hampshire","33","White","2106-3","2017","2017",321,38241,8.39
,"New Hampshire","33","White","2106-3","2018","2018",300,38030,7.89
,"New Hampshire","33","White","2106-3","2019","2019",252,37552,6.71
,"New Hampshire","33","White","2106-3","2020","2020",247,37083,6.66
,"New Hampshire","33","White","2106-3","2021","2021",206,37812,5.45
,"New Hampshire","33","White","2106-3","2022","2022",169,35747,4.73
,"New Hampshire","33","White","2106-3","2023","2023",173,36641,4.72
,"New Hampshire","33","White","2106-3","2024","2024",176,36082,4.88
,"New Hampshire","33","More than one race","M","2016","2016",14,1258,11.13
,"New Hampshire","33","More than one race","M","2017","2017",10,1270,7.87
,"New Hampshire","33","More than one race","M","2018","2018",Suppressed,1299,Suppressed
,"New Hampshire","33","More than one race","M","2019","2019",Suppressed,1340,Suppressed
,"New Hampshire","33","More than one race","M","2020","2020",Suppressed,1354,Suppressed
,"New Hampshire","33","More than one race","M","2021","2021",Suppressed,1452,Suppressed
,"New Hampshire","33","More than one race","M","2022","2022",Suppressed,1457,Suppressed
,"New Hampshire","33","More than one race","M","2023","2023",Suppressed,1520,Suppressed
,"New Hampshire","33","More than one race","M","2024","2024",Suppressed,1545,Suppressed
,"New Hampshire","33","Unknown or Not Stated","UNK","2016","2016",0,Not Available,Not Available
,"New Hampshire","33","Unknown or Not Stated","UNK","2017","2017",0,Not Available,Not Available
,"New Hampshire","33","Unknown or Not Stated","UNK","2018","2018",0,Not Available,Not Available
,"New Hampshire","33","Unknown or Not Stated","UNK","2019","2019",0,Not Available,Not Available
,"New Hampshire","33","Unknown or Not Stated","UNK","2020","2020",0,Not Available,Not Available
,"New Hampshire","33","Unknown or Not Stated","UNK","2021","2021",0,Not Available,Not Available
,"New Hampshire","33","Unknown or Not Stated","UNK","2022","2022",0,Not Available,Not Available
,"New Hampshire","33","Unknown or Not Stated","UNK","2023","2023",0,Not Available,Not Available
,"New Hampshire","33","Unknown or Not Stated","UNK","2024","2024",0,Not Available,Not Available
,"New Hampshire","33","Not Available","NA","2016","2016",0,Not Available,Not Available
,"New Hampshire","33","Not Available","NA","2017","2017",0,Not Available,Not Available
,"New Hampshire","33","Not Available","NA","2018","2018",0,Not Available,Not Available
,"New Hampshire","33","Not Available","NA","2019","2019",0,Not Available,Not Available
,"New Hampshire","33","Not Available","NA","2020","2020",0,Not Available,Not Available
,"New Hampshire","33","Not Available","NA","2021","2021",0,Not Available,Not Available
,"New Hampshire","33","Not Available","NA","2022","2022",0,Not Available,Not Available
,"New Hampshire","33","Not Available","NA","2023","2023",0,Not Available,Not Available
,"New Hampshire","33","Not Available","NA","2024","2024",0,Not Available,Not Available
,"New Hampshire","33","Not Reported","NR","2016","2016",0,Not Available,Not Available
,"New Hampshire","33","Not Reported","NR","2017","2017",0,Not Available,Not Available
,"New Hampshire","33","Not Reported","NR","2018","2018",0,Not Available,Not Available
,"New Hampshire","33","Not Reported","NR","2019","2019",0,Not Available,Not Available
,"New Hampshire","33","Not Reported","NR","2020","2020",0,Not Available,Not Available
,"New Hampshire","33","Not Reported","NR","2021","2021",0,Not Available,Not Available
,"New Hampshire","33","Not Reported","NR","2022","2022",0,Not Available,Not Available
,"New Hampshire","33","Not Reported","NR","2023","2023",0,Not Available,Not Available
,"New Hampshire","33","Not Reported","NR","2024","2024",0,Not Available,Not Available
,"New Jersey","34","American Indian or Alaska Native","1002-5","2016","2016",Suppressed,1890,Suppressed
,"New Jersey","34","American Indian or Alaska Native","1002-5","2017","2017",Suppressed,1909,Suppressed
,"New Jersey","34","American Indian or Alaska Native","1002-5","2018","2018",Suppressed,1932,Suppressed
,"New Jersey","34","American Indian or Alaska Native","1002-5","2019","2019",10,1955,5.12
,"New Jersey","34","American Indian or Alaska Native","1002-5","2020","2020",18,2000,9.00
,"New Jersey","34","American Indian or Alaska Native","1002-5","2021","2021",15,2228,6.73
,"New Jersey","34","American Indian or Alaska Native","1002-5","2022","2022",12,2380,5.04
,"New Jersey","34","American Indian or Alaska Native","1002-5","2023","2023",13,2618,4.97
,"New Jersey","34","American Indian or Alaska Native","1002-5","2024","2024",10,3511,2.85
,"New Jersey","34","Asian","A","2016","2016",105,24849,4.23
,"New Jersey","34","Asian","A","2017","2017",118,25434,4.64
,"New Jersey","34","Asian","A","2018","2018",26,25447,1.02
,"New Jersey","34","Asian","A","2019","2019",39,25487,1.53
,"New Jersey","34","Asian","A","2020","2020",29,25638,1.13
,"New Jersey","34","Asian","A","2021","2021",29,27572,1.05
,"New Jersey","34","Asian","A","2022","2022",45,27826,1.62
,"New Jersey","34","Asian","A","2023","2023",23,28568,0.81
,"New Jersey","34","Asian","A","2024","2024",29,29515,0.98
,"New Jersey","34","Black or African American","2054-5","2016","2016",1073,47562,22.56
,"New Jersey","34","Black or African American","2054-5","2017","2017",954,46820,20.38
,"New Jersey","34","Black or African American","2054-5","2018","2018",928,45522,20.39
,"New Jersey","34","Black or African American","2054-5","2019","2019",876,44601,19.64
,"New Jersey","34","Black or African American","2054-5","2020","2020",802,43806,18.31
,"New Jersey","34","Black or African American","2054-5","2021","2021",750,46472,16.14
,"New Jersey","34","Black or African American","2054-5","2022","2022",694,46266,15.00
,"New Jersey","34","Black or African American","2054-5","2023","2023",658,47588,13.83
,"New Jersey","34","Black or African American","2054-5","2024","2024",632,49038,12.89
,"New Jersey","34","Native Hawaiian or Other Pacific Islander","NHOPI","2016","2016",Suppressed,291,Suppressed
,"New Jersey","34","Native Hawaiian or Other Pacific Islander","NHOPI","2017","2017",Suppressed,311,Suppressed
,"New Jersey","34","Native Hawaiian or Other Pacific Islander","NHOPI","2018","2018",15,312,48.08
,"New Jersey","34","Native Hawaiian or Other Pacific Islander","NHOPI","2019","2019",10,331,30.21
,"New Jersey","34","Native Hawaiian or Other Pacific Islander","NHOPI","2020","2020",Suppressed,348,Suppressed
,"New Jersey","34","Native Hawaiian or Other Pacific Islander","NHOPI","2021","2021",21,377,55.70
,"New Jersey","34","Native Hawaiian or Other Pacific Islander","NHOPI","2022","2022",18,399,45.11
,"New Jersey","34","Native Hawaiian or Other Pacific Islander","NHOPI","2023","2023",18,413,43.58
,"New Jersey","34","Native Hawaiian or Other Pacific Islander","NHOPI","2024","2024",21,421,49.88
,"New Jersey","34","White","2106-3","2016","2016",1780,193401,9.20
,"New Jersey","34","White","2106-3","2017","2017",1670,192131,8.69
,"New Jersey","34","White","2106-3","2018","2018",1749,189140,9.25
,"New Jersey","34","White","2106-3","2019","2019",1684,187218,8.99
,"New Jersey","34","White","2106-3","2020","2020",1521,185152,8.21
,"New Jersey","34","White","2106-3","2021","2021",1373,195933,7.01
,"New Jersey","34","White","2106-3","2022","2022",1454,192097,7.57
,"New Jersey","34","White","2106-3","2023","2023",1390,194083,7.16
,"New Jersey","34","White","2106-3","2024","2024",1361,194381,7.00
,"New Jersey","34","More than one race","M","2016","2016",89,9146,9.73
,"New Jersey","34","More than one race","M","2017","2017",84,9409,8.93
,"New Jersey","34","More than one race","M","2018","2018",87,9552,9.11
,"New Jersey","34","More than one race","M","2019","2019",78,9718,8.03
,"New Jersey","34","More than one race","M","2020","2020",71,9954,7.13
,"New Jersey","34","More than one race","M","2021","2021",65,10919,5.95
,"New Jersey","34","More than one race","M","2022","2022",65,11298,5.75
,"New Jersey","34","More than one race","M","2023","2023",51,11901,4.29
,"New Jersey","34","More than one race","M","2024","2024",62,12511,4.96
,"New Jersey","34","Unknown or Not Stated","UNK","2016","2016",0,Not Available,Not Available
,"New Jersey","34","Unknown or Not Stated","UNK","2017","2017",0,Not Available,Not Available
,"New Jersey","34","Unknown or Not Stated","UNK","2018","2018",0,Not Available,Not Available
,"New Jersey","34","Unknown or Not Stated","UNK","2019","2019",0,Not Available,Not Available
,"New Jersey","34","Unknown or Not Stated","UNK","2020","2020",0,Not Available,Not Available
,"New Jersey","34","Unknown or Not Stated","UNK","2021","2021",0,Not Available,Not Available
,"New Jersey","34","Unknown or Not Stated","UNK","2022","2022",0,Not Available,Not Available
,"New Jersey","34","Unknown or Not Stated","UNK","2023","2023",0,Not Available,Not Available
,"New Jersey","34","Unknown or Not Stated","UNK","2024","2024",0,Not Available,Not Available
,"New Jersey","34","Not Available","NA","2016","2016",0,Not Available,Not Available
,"New Jersey","34","Not Available","NA","2017","2017",0,Not Available,Not Available
,"New Jersey","34","Not Available","NA","2018","2018",0,Not Available,Not Available
,"New Jersey","34","Not Available","NA","2019","2019",0,Not Available,Not Available
,"New Jersey","34","Not Available","NA","2020","2020",0,Not Available,Not Available
,"New Jersey","34","Not Available","NA","2021","2021",0,Not Available,Not Available
,"New Jersey","34","Not Available","NA","2022","2022",0,Not Available,Not Available
,"New Jersey","34","Not Available","NA","2023","2023",0,Not Available,Not Available
,"New Jersey","34","Not Available","NA","2024","2024",0,Not Available,Not Available
,"New Jersey","34","Not Reported","NR","2016","2016",0,Not Available,Not Available
,"New Jersey","34","Not Reported","NR","2017","2017",0,Not Available,Not Available
,"New Jersey","34","Not Reported","NR","2018","2018",0,Not Available,Not Available
,"New Jersey","34","Not Reported","NR","2019","2019",0,Not Available,Not Available
,"New Jersey","34","Not Reported","NR","2020","2020",0,Not Available,Not Available
,"New Jersey","34","Not Reported","NR","2021","2021",0,Not Available,Not Available
,"New Jersey","34","Not Reported","NR","2022","2022",0,Not Available,Not Available
,"New Jersey","34","Not Reported","NR","2023","2023",0,Not Available,Not Available
,"New Jersey","34","Not Reported","NR","2024","2024",0,Not Available,Not Available
,"New Mexico","35","American Indian or Alaska Native","1002-5","2016","2016",267,8515,31.36
,"New Mexico","35","American Indian or Alaska Native","1002-5","2017","2017",273,8835,30.90
,"New Mexico","35","American Indian or Alaska Native","1002-5","2018","2018",209,8754,23.87
,"New Mexico","35","American Indian or Alaska Native","1002-5","2019","2019",259,8713,29.73
,"New Mexico","35","American Indian or Alaska Native","1002-5","2020","2020",216,8760,24.66
,"New Mexico","35","American Indian or Alaska Native","1002-5","2021","2021",168,9104,18.45
,"New Mexico","35","American Indian or Alaska Native","1002-5","2022","2022",183,9126,20.05
,"New Mexico","35","American Indian or Alaska Native","1002-5","2023","2023",169,9541,17.71
,"New Mexico","35","American Indian or Alaska Native","1002-5","2024","2024",160,9636,16.60
,"New Mexico","35","Asian","A","2016","2016",Suppressed,1062,Suppressed
,"New Mexico","35","Asian","A","2017","2017",Suppressed,1106,Suppressed
,"New Mexico","35","Asian","A","2018","2018",Suppressed,1178,Suppressed
,"New Mexico","35","Asian","A","2019","2019",Suppressed,1233,Suppressed
,"New Mexico","35","Asian","A","2020","2020",Suppressed,1203,Suppressed
,"New Mexico","35","Asian","A","2021","2021",Suppressed,1198,Suppressed
,"New Mexico","35","Asian","A","2022","2022",Suppressed,1224,Suppressed
,"New Mexico","35","Asian","A","2023","2023",Suppressed,1280,Suppressed
,"New Mexico","35","Asian","A","2024","2024",Suppressed,1288,Suppressed
,"New Mexico","35","Black or African American","2054-5","2016","2016",41,1873,21.89
,"New Mexico","35","Black or African American","2054-5","2017","2017",51,1902,26.81
,"New Mexico","35","Black or African American","2054-5","2018","2018",41,1850,22.16
,"New Mexico","35","Black or African American","2054-5","2019","2019",39,1926,20.25
,"New Mexico","35","Black or African American","2054-5","2020","2020",47,2013,23.35
,"New Mexico","35","Black or African American","2054-5","2021","2021",40,2094,19.10
,"New Mexico","35","Black or African American","2054-5","2022","2022",34,2152,15.80
,"New Mexico","35","Black or African American","2054-5","2023","2023",50,2250,22.22
,"New Mexico","35","Black or African American","2054-5","2024","2024",43,2284,18.83
,"New Mexico","35","Native Hawaiian or Other Pacific Islander","NHOPI","2016","2016",Suppressed,100,Suppressed
,"New Mexico","35","Native Hawaiian or Other Pacific Islander","NHOPI","2017","2017",Suppressed,112,Suppressed
,"New Mexico","35","Native Hawaiian or Other Pacific Islander","NHOPI","2018","2018",0,115,0.00
,"New Mexico","35","Native Hawaiian or Other Pacific Islander","NHOPI","2019","2019",Suppressed,123,Suppressed
,"New Mexico","35","Native Hawaiian or Other Pacific Islander","NHOPI","2020","2020",Suppressed,123,Suppressed
,"New Mexico","35","Native Hawaiian or Other Pacific Islander","NHOPI","2021","2021",Suppressed,124,Suppressed
,"New Mexico","35","Native Hawaiian or Other Pacific Islander","NHOPI","2022","2022",Suppressed,118,Suppressed
,"New Mexico","35","Native Hawaiian or Other Pacific Islander","NHOPI","2023","2023",0,120,0.00
,"New Mexico","35","Native Hawaiian or Other Pacific Islander","NHOPI","2024","2024",Suppressed,131,Suppressed
,"New Mexico","35","White","2106-3","2016","2016",1664,53577,31.06
,"New Mexico","35","White","2106-3","2017","2017",1519,53333,28.48
,"New Mexico","35","White","2106-3","2018","2018",1421,53639,26.49
,"New Mexico","35","White","2106-3","2019","2019",1314,53311,24.65
,"New Mexico","35","White","2106-3","2020","2020",1188,52998,22.42
,"New Mexico","35","White","2106-3","2021","2021",1069,54259,19.70
,"New Mexico","35","White","2106-3","2022","2022",1123,54206,20.72
,"New Mexico","35","White","2106-3","2023","2023",1018,54371,18.72
,"New Mexico","35","White","2106-3","2024","2024",1036,54478,19.02
,"New Mexico","35","More than one race","M","2016","2016",40,2540,15.75
,"New Mexico","35","More than one race","M","2017","2017",45,2558,17.59
,"New Mexico","35","More than one race","M","2018","2018",46,2589,17.77
,"New Mexico","35","More than one race","M","2019","2019",42,2595,16.18
,"New Mexico","35","More than one race","M","2020","2020",28,2681,10.44
,"New Mexico","35","More than one race","M","2021","2021",42,2791,15.05
,"New Mexico","35","More than one race","M","2022","2022",29,2883,10.06
,"New Mexico","35","More than one race","M","2023","2023",27,3038,8.89
,"New Mexico","35","More than one race","M","2024","2024",36,3144,11.45
,"New Mexico","35","Unknown or Not Stated","UNK","2016","2016",0,Not Available,Not Available
,"New Mexico","35","Unknown or Not Stated","UNK","2017","2017",0,Not Available,Not Available
,"New Mexico","35","Unknown or Not Stated","UNK","2018","2018",0,Not Available,Not Available
,"New Mexico","35","Unknown or Not Stated","UNK","2019","2019",0,Not Available,Not Available
,"New Mexico","35","Unknown or Not Stated","UNK","2020","2020",0,Not Available,Not Available
,"New Mexico","35","Unknown or Not Stated","UNK","2021","2021",0,Not Available,Not Available
,"New Mexico","35","Unknown or Not Stated","UNK","2022","2022",0,Not Available,Not Available
,"New Mexico","35","Unknown or Not Stated","UNK","2023","2023",0,Not Available,Not Available
,"New Mexico","35","Unknown or Not Stated","UNK","2024","2024",0,Not Available,Not Available
,"New Mexico","35","Not Available","NA","2016","2016",0,Not Available,Not Available
,"New Mexico","35","Not Available","NA","2017","2017",0,Not Available,Not Available
,"New Mexico","35","Not Available","NA","2018","2018",0,Not Available,Not Available
,"New Mexico","35","Not Available","NA","2019","2019",0,Not Available,Not Available
,"New Mexico","35","Not Available","NA","2020","2020",0,Not Available,Not Available
,"New Mexico","35","Not Available","NA","2021","2021",0,Not Available,Not Available
,"New Mexico","35","Not Available","NA","2022","2022",0,Not Available,Not Available
,"New Mexico","35","Not Available","NA","2023","2023",0,Not Available,Not Available
,"New Mexico","35","Not Available","NA","2024","2024",0,Not Available,Not Available
,"New Mexico","35","Not Reported","NR","2016","2016",0,Not Available,Not Available
,"New Mexico","35","Not Reported","NR","2017","2017",0,Not Available,Not Available
,"New Mexico","35","Not Reported","NR","2018","2018",0,Not Available,Not Available
,"New Mexico","35","Not Reported","NR","2019","2019",0,Not Available,Not Available
,"New Mexico","35","Not Reported","NR","2020","2020",0,Not Available,Not Available
,"New Mexico","35","Not Reported","NR","2021","2021",0,Not Available,Not Available
,"New Mexico","35","Not Reported","NR","2022","2022",0,Not Available,Not Available
,"New Mexico","35","Not Reported","NR","2023","2023",0,Not Available,Not Available
,"New Mexico","35","Not Reported","NR","2024","2024",0,Not Available,Not Available
,"New York","36","American Indian or Alaska Native","1002-5","2016","2016",37,7176,5.16
,"New York","36","American Indian or Alaska Native","1002-5","2017","2017",35,7174,4.88
,"New York","36","American Indian or Alaska Native","1002-5","2018","2018",53,7046,7.52
,"New York","36","American Indian or Alaska Native","1002-5","2019","2019",40,7046,5.68
,"New York","36","American Indian or Alaska Native","1002-5","2020","2020",44,6950,6.33
,"New York","36","American Indian or Alaska Native","1002-5","2021","2021",47,7278,6.46
,"New York","36","American Indian or Alaska Native","1002-5","2022","2022",43,7165,6.00
,"New York","36","American Indian or Alaska Native","1002-5","2023","2023",30,7273,4.12
,"New York","36","American Indian or Alaska Native","1002-5","2024","2024",45,7952,5.66
,"New York","36","Asian","A","2016","2016",350,49967,7.00
,"New York","36","Asian","A","2017","2017",340,50651,6.71
,"New York","36","Asian","A","2018","2018",127,48131,2.64
,"New York","36","Asian","A","2019","2019",147,47951,3.07
,"New York","36","Asian","A","2020","2020",134,47377,2.83
,"New York","36","Asian","A","2021","2021",125,49104,2.55
,"New York","36","Asian","A","2022","2022",104,49822,2.09
,"New York","36","Asian","A","2023","2023",120,49816,2.41
,"New York","36","Asian","A","2024","2024",94,52465,1.79
,"New York","36","Black or African American","2054-5","2016","2016",2350,119889,19.60
,"New York","36","Black or African American","2054-5","2017","2017",2187,117861,18.56
,"New York","36","Black or African American","2054-5","2018","2018",1940,113160,17.14
,"New York","36","Black or African American","2054-5","2019","2019",2033,110184,18.45
,"New York","36","Black or African American","2054-5","2020","2020",1793,106984,16.76
,"New York","36","Black or African American","2054-5","2021","2021",1724,110605,15.59
,"New York","36","Black or African American","2054-5","2022","2022",1538,109251,14.08
,"New York","36","Black or African American","2054-5","2023","2023",1487,109371,13.60
,"New York","36","Black or African American","2054-5","2024","2024",1387,111234,12.47
,"New York","36","Native Hawaiian or Other Pacific Islander","NHOPI","2016","2016",Suppressed,819,Suppressed
,"New York","36","Native Hawaiian or Other Pacific Islander","NHOPI","2017","2017",12,810,14.81
,"New York","36","Native Hawaiian or Other Pacific Islander","NHOPI","2018","2018",Suppressed,820,Suppressed
,"New York","36","Native Hawaiian or Other Pacific Islander","NHOPI","2019","2019",16,835,19.16
,"New York","36","Native Hawaiian or Other Pacific Islander","NHOPI","2020","2020",Suppressed,842,Suppressed
,"New York","36","Native Hawaiian or Other Pacific Islander","NHOPI","2021","2021",Suppressed,902,Suppressed
,"New York","36","Native Hawaiian or Other Pacific Islander","NHOPI","2022","2022",Suppressed,943,Suppressed
,"New York","36","Native Hawaiian or Other Pacific Islander","NHOPI","2023","2023",Suppressed,1007,Suppressed
,"New York","36","Native Hawaiian or Other Pacific Islander","NHOPI","2024","2024",10,1157,8.64
,"New York","36","White","2106-3","2016","2016",4944,407319,12.14
,"New York","36","White","2106-3","2017","2017",4576,401082,11.41
,"New York","36","White","2106-3","2018","2018",4436,392919,11.29
,"New York","36","White","2106-3","2019","2019",4068,388780,10.46
,"New York","36","White","2106-3","2020","2020",3402,381609,8.91
,"New York","36","White","2106-3","2021","2021",3231,399861,8.08
,"New York","36","White","2106-3","2022","2022",3107,392933,7.91
,"New York","36","White","2106-3","2023","2023",3152,393938,8.00
,"New York","36","White","2106-3","2024","2024",3044,392275,7.76
,"New York","36","More than one race","M","2016","2016",317,22139,14.32
,"New York","36","More than one race","M","2017","2017",330,22520,14.65
,"New York","36","More than one race","M","2018","2018",286,22337,12.80
,"New York","36","More than one race","M","2019","2019",302,22864,13.21
,"New York","36","More than one race","M","2020","2020",300,23162,12.95
,"New York","36","More than one race","M","2021","2021",243,24876,9.77
,"New York","36","More than one race","M","2022","2022",231,25394,9.10
,"New York","36","More than one race","M","2023","2023",205,26451,7.75
,"New York","36","More than one race","M","2024","2024",186,27536,6.75
,"New York","36","Unknown or Not Stated","UNK","2016","2016",0,Not Available,Not Available
,"New York","36","Unknown or Not Stated","UNK","2017","2017",0,Not Available,Not Available
,"New York","36","Unknown or Not Stated","UNK","2018","2018",0,Not Available,Not Available
,"New York","36","Unknown or Not Stated","UNK","2019","2019",0,Not Available,Not Available
,"New York","36","Unknown or Not Stated","UNK","2020","2020",0,Not Available,Not Available
,"New York","36","Unknown or Not Stated","UNK","2021","2021",0,Not Available,Not Available
,"New York","36","Unknown or Not Stated","UNK","2022","2022",0,Not Available,Not Available
,"New York","36","Unknown or Not Stated","UNK","2023","2023",0,Not Available,Not Available
,"New York","36","Unknown or Not Stated","UNK","2024","2024",0,Not Available,Not Available
,"New York","36","Not Available","NA","2016","2016",0,Not Available,Not Available
,"New York","36","Not Available","NA","2017","2017",0,Not Available,Not Available
,"New York","36","Not Available","NA","2018","2018",0,Not Available,Not Available
,"New York","36","Not Available","NA","2019","2019",0,Not Available,Not Available
,"New York","36","Not Available","NA","2020","2020",0,Not Available,Not Available
,"New York","36","Not Available","NA","2021","2021",0,Not Available,Not Available
,"New York","36","Not Available","NA","2022","2022",0,Not Available,Not Available
,"New York","36","Not Available","NA","2023","2023",0,Not Available,Not Available
,"New York","36","Not Available","NA","2024","2024",0,Not Available,Not Available
,"New York","36","Not Reported","NR","2016","2016",0,Not Available,Not Available
,"New York","36","Not Reported","NR","2017","2017",0,Not Available,Not Available
,"New York","36","Not Reported","NR","2018","2018",0,Not Available,Not Available
,"New York","36","Not Reported","NR","2019","2019",0,Not Available,Not Available
,"New York","36","Not Reported","NR","2020","2020",0,Not Available,Not Available
,"New York","36","Not Reported","NR","2021","2021",0,Not Available,Not Available
,"New York","36","Not Reported","NR","2022","2022",0,Not Available,Not Available
,"New York","36","Not Reported","NR","2023","2023",0,Not Available,Not Available
,"New York","36","Not Reported","NR","2024","2024",0,Not Available,Not Available
,"North Carolina","37","American Indian or Alaska Native","1002-5","2016","2016",216,6170,35.01
,"North Carolina","37","American Indian or Alaska Native","1002-5","2017","2017",177,6215,28.48
,"North Carolina","37","American Indian or Alaska Native","1002-5","2018","2018",190,6196,30.66
,"North Carolina","37","American Indian or Alaska Native","1002-5","2019","2019",162,6141,26.38
,"North Carolina","37","American Indian or Alaska Native","1002-5","2020","2020",153,6090,25.12
,"North Carolina","37","American Indian or Alaska Native","1002-5","2021","2021",140,6169,22.69
,"North Carolina","37","American Indian or Alaska Native","1002-5","2022","2022",136,6044,22.50
,"North Carolina","37","American Indian or Alaska Native","1002-5","2023","2023",116,6386,18.16
,"North Carolina","37","American Indian or Alaska Native","1002-5","2024","2024",117,6775,17.27
,"North Carolina","37","Asian","A","2016","2016",127,9556,13.29
,"North Carolina","37","Asian","A","2017","2017",119,10160,11.71
,"North Carolina","37","Asian","A","2018","2018",68,10635,6.39
,"North Carolina","37","Asian","A","2019","2019",75,10845,6.92
,"North Carolina","37","Asian","A","2020","2020",57,11350,5.02
,"North Carolina","37","Asian","A","2021","2021",48,11538,4.16
,"North Carolina","37","Asian","A","2022","2022",45,12122,3.71
,"North Carolina","37","Asian","A","2023","2023",50,12356,4.05
,"North Carolina","37","Asian","A","2024","2024",58,12957,4.48
,"North Carolina","37","Black or African American","2054-5","2016","2016",2660,85113,31.25
,"North Carolina","37","Black or African American","2054-5","2017","2017",2595,84895,30.57
,"North Carolina","37","Black or African American","2054-5","2018","2018",2250,84834,26.52
,"North Carolina","37","Black or African American","2054-5","2019","2019",2241,84213,26.61
,"North Carolina","37","Black or African American","2054-5","2020","2020",2176,83473,26.07
,"North Carolina","37","Black or African American","2054-5","2021","2021",2019,84194,23.98
,"North Carolina","37","Black or African American","2054-5","2022","2022",1830,85320,21.45
,"North Carolina","37","Black or African American","2054-5","2023","2023",1807,87702,20.60
,"North Carolina","37","Black or African American","2054-5","2024","2024",1801,89466,20.13
,"North Carolina","37","Native Hawaiian or Other Pacific Islander","NHOPI","2016","2016",12,486,24.69
,"North Carolina","37","Native Hawaiian or Other Pacific Islander","NHOPI","2017","2017",23,480,47.92
,"North Carolina","37","Native Hawaiian or Other Pacific Islander","NHOPI","2018","2018",32,516,62.02
,"North Carolina","37","Native Hawaiian or Other Pacific Islander","NHOPI","2019","2019",33,519,63.58
,"North Carolina","37","Native Hawaiian or Other Pacific Islander","NHOPI","2020","2020",43,537,80.07
,"North Carolina","37","Native Hawaiian or Other Pacific Islander","NHOPI","2021","2021",35,521,67.18
,"North Carolina","37","Native Hawaiian or Other Pacific Islander","NHOPI","2022","2022",39,538,72.49
,"North Carolina","37","Native Hawaiian or Other Pacific Islander","NHOPI","2023","2023",29,528,54.92
,"North Carolina","37","Native Hawaiian or Other Pacific Islander","NHOPI","2024","2024",35,526,66.54
,"North Carolina","37","White","2106-3","2016","2016",3871,216024,17.92
,"North Carolina","37","White","2106-3","2017","2017",3608,217460,16.59
,"North Carolina","37","White","2106-3","2018","2018",3464,220833,15.69
,"North Carolina","37","White","2106-3","2019","2019",3297,222730,14.80
,"North Carolina","37","White","2106-3","2020","2020",3091,222943,13.86
,"North Carolina","37","White","2106-3","2021","2021",2924,224828,13.01
,"North Carolina","37","White","2106-3","2022","2022",2813,225242,12.49
,"North Carolina","37","White","2106-3","2023","2023",2923,230268,12.69
,"North Carolina","37","White","2106-3","2024","2024",2867,234064,12.25
,"North Carolina","37","More than one race","M","2016","2016",304,12207,24.90
,"North Carolina","37","More than one race","M","2017","2017",323,12568,25.70
,"North Carolina","37","More than one race","M","2018","2018",299,13176,22.69
,"North Carolina","37","More than one race","M","2019","2019",360,13707,26.26
,"North Carolina","37","More than one race","M","2020","2020",321,14148,22.69
,"North Carolina","37","More than one race","M","2021","2021",308,14827,20.77
,"North Carolina","37","More than one race","M","2022","2022",304,15664,19.41
,"North Carolina","37","More than one race","M","2023","2023",313,16656,18.79
,"North Carolina","37","More than one race","M","2024","2024",290,17476,16.59
,"North Carolina","37","Unknown or Not Stated","UNK","2016","2016",0,Not Available,Not Available
,"North Carolina","37","Unknown or Not Stated","UNK","2017","2017",0,Not Available,Not Available
,"North Carolina","37","Unknown or Not Stated","UNK","2018","2018",0,Not Available,Not Available
,"North Carolina","37","Unknown or Not Stated","UNK","2019","2019",0,Not Available,Not Available
,"North Carolina","37","Unknown or Not Stated","UNK","2020","2020",0,Not Available,Not Available
,"North Carolina","37","Unknown or Not Stated","UNK","2021","2021",0,Not Available,Not Available
,"North Carolina","37","Unknown or Not Stated","UNK","2022","2022",0,Not Available,Not Available
,"North Carolina","37","Unknown or Not Stated","UNK","2023","2023",0,Not Available,Not Available
,"North Carolina","37","Unknown or Not Stated","UNK","2024","2024",0,Not Available,Not Available
,"North Carolina","37","Not Available","NA","2016","2016",0,Not Available,Not Available
,"North Carolina","37","Not Available","NA","2017","2017",0,Not Available,Not Available
,"North Carolina","37","Not Available","NA","2018","2018",0,Not Available,Not Available
,"North Carolina","37","Not Available","NA","2019","2019",0,Not Available,Not Available
,"North Carolina","37","Not Available","NA","2020","2020",0,Not Available,Not Available
,"North Carolina","37","Not Available","NA","2021","2021",0,Not Available,Not Available
,"North Carolina","37","Not Available","NA","2022","2022",0,Not Available,Not Available
,"North Carolina","37","Not Available","NA","2023","2023",0,Not Available,Not Available
,"North Carolina","37","Not Available","NA","2024","2024",0,Not Available,Not Available
,"North Carolina","37","Not Reported","NR","2016","2016",0,Not Available,Not Available
,"North Carolina","37","Not Reported","NR","2017","2017",0,Not Available,Not Available
,"North Carolina","37","Not Reported","NR","2018","2018",0,Not Available,Not Available
,"North Carolina","37","Not Reported","NR","2019","2019",0,Not Available,Not Available
,"North Carolina","37","Not Reported","NR","2020","2020",0,Not Available,Not Available
,"North Carolina","37","Not Reported","NR","2021","2021",0,Not Available,Not Available
,"North Carolina","37","Not Reported","NR","2022","2022",0,Not Available,Not Available
,"North Carolina","37","Not Reported","NR","2023","2023",0,Not Available,Not Available
,"North Carolina","37","Not Reported","NR","2024","2024",0,Not Available,Not Available
,"North Dakota","38","American Indian or Alaska Native","1002-5","2016","2016",123,1744,70.53
,"North Dakota","38","American Indian or Alaska Native","1002-5","2017","2017",104,1727,60.22
,"North Dakota","38","American Indian or Alaska Native","1002-5","2018","2018",110,1708,64.40
,"North Dakota","38","American Indian or Alaska Native","1002-5","2019","2019",81,1771,45.74
,"North Dakota","38","American Indian or Alaska Native","1002-5","2020","2020",98,1857,52.77
,"North Dakota","38","American Indian or Alaska Native","1002-5","2021","2021",84,2003,41.94
,"North Dakota","38","American Indian or Alaska Native","1002-5","2022","2022",93,1933,48.11
,"North Dakota","38","American Indian or Alaska Native","1002-5","2023","2023",86,2012,42.74
,"North Dakota","38","American Indian or Alaska Native","1002-5","2024","2024",65,2060,31.55
,"North Dakota","38","Asian","A","2016","2016",Suppressed,302,Suppressed
,"North Dakota","38","Asian","A","2017","2017",Suppressed,288,Suppressed
,"North Dakota","38","Asian","A","2018","2018",Suppressed,356,Suppressed
,"North Dakota","38","Asian","A","2019","2019",Suppressed,359,Suppressed
,"North Dakota","38","Asian","A","2020","2020",Suppressed,362,Suppressed
,"North Dakota","38","Asian","A","2021","2021",Suppressed,382,Suppressed
,"North Dakota","38","Asian","A","2022","2022",Suppressed,434,Suppressed
,"North Dakota","38","Asian","A","2023","2023",Suppressed,466,Suppressed
,"North Dakota","38","Asian","A","2024","2024",Suppressed,480,Suppressed
,"North Dakota","38","Black or African American","2054-5","2016","2016",23,662,34.74
,"North Dakota","38","Black or African American","2054-5","2017","2017",18,661,27.23
,"North Dakota","38","Black or African American","2054-5","2018","2018",14,699,20.03
,"North Dakota","38","Black or African American","2054-5","2019","2019",15,793,18.92
,"North Dakota","38","Black or African American","2054-5","2020","2020",20,827,24.18
,"North Dakota","38","Black or African American","2054-5","2021","2021",18,863,20.86
,"North Dakota","38","Black or African American","2054-5","2022","2022",20,897,22.30
,"North Dakota","38","Black or African American","2054-5","2023","2023",10,936,10.68
,"North Dakota","38","Black or African American","2054-5","2024","2024",29,1013,28.63
,"North Dakota","38","Native Hawaiian or Other Pacific Islander","NHOPI","2016","2016",Suppressed,18,Suppressed
,"North Dakota","38","Native Hawaiian or Other Pacific Islander","NHOPI","2017","2017",Suppressed,16,Suppressed
,"North Dakota","38","Native Hawaiian or Other Pacific Islander","NHOPI","2018","2018",Suppressed,18,Suppressed
,"North Dakota","38","Native Hawaiian or Other Pacific Islander","NHOPI","2019","2019",Suppressed,16,Suppressed
,"North Dakota","38","Native Hawaiian or Other Pacific Islander","NHOPI","2020","2020",0,18,0.00
,"North Dakota","38","Native Hawaiian or Other Pacific Islander","NHOPI","2021","2021",Suppressed,18,Suppressed
,"North Dakota","38","Native Hawaiian or Other Pacific Islander","NHOPI","2022","2022",0,26,0.00
,"North Dakota","38","Native Hawaiian or Other Pacific Islander","NHOPI","2023","2023",Suppressed,32,Suppressed
,"North Dakota","38","Native Hawaiian or Other Pacific Islander","NHOPI","2024","2024",Suppressed,33,Suppressed
,"North Dakota","38","White","2106-3","2016","2016",275,19513,14.09
,"North Dakota","38","White","2106-3","2017","2017",203,19161,10.59
,"North Dakota","38","White","2106-3","2018","2018",211,19075,11.06
,"North Dakota","38","White","2106-3","2019","2019",222,18976,11.70
,"North Dakota","38","White","2106-3","2020","2020",169,19261,8.77
,"North Dakota","38","White","2106-3","2021","2021",189,20353,9.29
,"North Dakota","38","White","2106-3","2022","2022",170,21658,7.85
,"North Dakota","38","White","2106-3","2023","2023",164,22270,7.36
,"North Dakota","38","White","2106-3","2024","2024",197,22942,8.59
,"North Dakota","38","More than one race","M","2016","2016",38,868,43.78
,"North Dakota","38","More than one race","M","2017","2017",34,852,39.91
,"North Dakota","38","More than one race","M","2018","2018",30,862,34.80
,"North Dakota","38","More than one race","M","2019","2019",24,869,27.62
,"North Dakota","38","More than one race","M","2020","2020",31,878,35.31
,"North Dakota","38","More than one race","M","2021","2021",22,935,23.53
,"North Dakota","38","More than one race","M","2022","2022",19,1030,18.45
,"North Dakota","38","More than one race","M","2023","2023",36,1092,32.97
,"North Dakota","38","More than one race","M","2024","2024",30,1143,26.25
,"North Dakota","38","Unknown or Not Stated","UNK","2016","2016",0,Not Available,Not Available
,"North Dakota","38","Unknown or Not Stated","UNK","2017","2017",0,Not Available,Not Available
,"North Dakota","38","Unknown or Not Stated","UNK","2018","2018",0,Not Available,Not Available
,"North Dakota","38","Unknown or Not Stated","UNK","2019","2019",0,Not Available,Not Available
,"North Dakota","38","Unknown or Not Stated","UNK","2020","2020",0,Not Available,Not Available
,"North Dakota","38","Unknown or Not Stated","UNK","2021","2021",0,Not Available,Not Available
,"North Dakota","38","Unknown or Not Stated","UNK","2022","2022",0,Not Available,Not Available
,"North Dakota","38","Unknown or Not Stated","UNK","2023","2023",0,Not Available,Not Available
,"North Dakota","38","Unknown or Not Stated","UNK","2024","2024",0,Not Available,Not Available
,"North Dakota","38","Not Available","NA","2016","2016",0,Not Available,Not Available
,"North Dakota","38","Not Available","NA","2017","2017",0,Not Available,Not Available
,"North Dakota","38","Not Available","NA","2018","2018",0,Not Available,Not Available
,"North Dakota","38","Not Available","NA","2019","2019",0,Not Available,Not Available
,"North Dakota","38","Not Available","NA","2020","2020",0,Not Available,Not Available
,"North Dakota","38","Not Available","NA","2021","2021",0,Not Available,Not Available
,"North Dakota","38","Not Available","NA","2022","2022",0,Not Available,Not Available
,"North Dakota","38","Not Available","NA","2023","2023",0,Not Available,Not Available
,"North Dakota","38","Not Available","NA","2024","2024",0,Not Available,Not Available
,"North Dakota","38","Not Reported","NR","2016","2016",0,Not Available,Not Available
,"North Dakota","38","Not Reported","NR","2017","2017",0,Not Available,Not Available
,"North Dakota","38","Not Reported","NR","2018","2018",0,Not Available,Not Available
,"North Dakota","38","Not Reported","NR","2019","2019",0,Not Available,Not Available
,"North Dakota","38","Not Reported","NR","2020","2020",0,Not Available,Not Available
,"North Dakota","38","Not Reported","NR","2021","2021",0,Not Available,Not Available
,"North Dakota","38","Not Reported","NR","2022","2022",0,Not Available,Not Available
,"North Dakota","38","Not Reported","NR","2023","2023",0,Not Available,Not Available
,"North Dakota","38","Not Reported","NR","2024","2024",0,Not Available,Not Available
,"Ohio","39","American Indian or Alaska Native","1002-5","2016","2016",Suppressed,982,Suppressed
,"Ohio","39","American Indian or Alaska Native","1002-5","2017","2017",13,1039,12.51
,"Ohio","39","American Indian or Alaska Native","1002-5","2018","2018",19,1039,18.29
,"Ohio","39","American Indian or Alaska Native","1002-5","2019","2019",13,1013,12.83
,"Ohio","39","American Indian or Alaska Native","1002-5","2020","2020",13,1001,12.99
,"Ohio","39","American Indian or Alaska Native","1002-5","2021","2021",Suppressed,1032,Suppressed
,"Ohio","39","American Indian or Alaska Native","1002-5","2022","2022",Suppressed,1030,Suppressed
,"Ohio","39","American Indian or Alaska Native","1002-5","2023","2023",12,1106,10.85
,"Ohio","39","American Indian or Alaska Native","1002-5","2024","2024",Suppressed,1236,Suppressed
,"Ohio","39","Asian","A","2016","2016",62,8857,7.00
,"Ohio","39","Asian","A","2017","2017",57,9441,6.04
,"Ohio","39","Asian","A","2018","2018",38,9772,3.89
,"Ohio","39","Asian","A","2019","2019",46,9835,4.68
,"Ohio","39","Asian","A","2020","2020",33,10409,3.17
,"Ohio","39","Asian","A","2021","2021",40,10750,3.72
,"Ohio","39","Asian","A","2022","2022",35,10887,3.21
,"Ohio","39","Asian","A","2023","2023",31,11127,2.79
,"Ohio","39","Asian","A","2024","2024",27,11624,2.32
,"Ohio","39","Black or African American","2054-5","2016","2016",2188,55346,39.53
,"Ohio","39","Black or African American","2054-5","2017","2017",2091,55349,37.78
,"Ohio","39","Black or African American","2054-5","2018","2018",1869,54655,34.20
,"Ohio","39","Black or African American","2054-5","2019","2019",1918,54249,35.36
,"Ohio","39","Black or African American","2054-5","2020","2020",1727,53861,32.06
,"Ohio","39","Black or African American","2054-5","2021","2021",1673,55542,30.12
,"Ohio","39","Black or African American","2054-5","2022","2022",1570,55458,28.31
,"Ohio","39","Black or African American","2054-5","2023","2023",1495,58028,25.76
,"Ohio","39","Black or African American","2054-5","2024","2024",1340,59332,22.58
,"Ohio","39","Native Hawaiian or Other Pacific Islander","NHOPI","2016","2016",Suppressed,224,Suppressed
,"Ohio","39","Native Hawaiian or Other Pacific Islander","NHOPI","2017","2017",Suppressed,251,Suppressed
,"Ohio","39","Native Hawaiian or Other Pacific Islander","NHOPI","2018","2018",10,285,35.09
,"Ohio","39","Native Hawaiian or Other Pacific Islander","NHOPI","2019","2019",10,296,33.78
,"Ohio","39","Native Hawaiian or Other Pacific Islander","NHOPI","2020","2020",15,311,48.23
,"Ohio","39","Native Hawaiian or Other Pacific Islander","NHOPI","2021","2021",15,327,45.87
,"Ohio","39","Native Hawaiian or Other Pacific Islander","NHOPI","2022","2022",11,342,32.16
,"Ohio","39","Native Hawaiian or Other Pacific Islander","NHOPI","2023","2023",Suppressed,359,Suppressed
,"Ohio","39","Native Hawaiian or Other Pacific Islander","NHOPI","2024","2024",Suppressed,360,Suppressed
,"Ohio","39","White","2106-3","2016","2016",5409,294451,18.37
,"Ohio","39","White","2106-3","2017","2017",5178,293350,17.65
,"Ohio","39","White","2106-3","2018","2018",4700,290572,16.17
,"Ohio","39","White","2106-3","2019","2019",4472,287700,15.54
,"Ohio","39","White","2106-3","2020","2020",4178,282364,14.80
,"Ohio","39","White","2106-3","2021","2021",3645,288254,12.65
,"Ohio","39","White","2106-3","2022","2022",3612,278857,12.95
,"Ohio","39","White","2106-3","2023","2023",3514,284160,12.37
,"Ohio","39","White","2106-3","2024","2024",3466,282099,12.29
,"Ohio","39","More than one race","M","2016","2016",479,14690,32.61
,"Ohio","39","More than one race","M","2017","2017",442,15164,29.15
,"Ohio","39","More than one race","M","2018","2018",408,15633,26.10
,"Ohio","39","More than one race","M","2019","2019",467,16204,28.82
,"Ohio","39","More than one race","M","2020","2020",438,16588,26.40
,"Ohio","39","More than one race","M","2021","2021",408,17580,23.21
,"Ohio","39","More than one race","M","2022","2022",384,18105,21.21
,"Ohio","39","More than one race","M","2023","2023",418,19519,21.42
,"Ohio","39","More than one race","M","2024","2024",417,20339,20.50
,"Ohio","39","Unknown or Not Stated","UNK","2016","2016",0,Not Available,Not Available
,"Ohio","39","Unknown or Not Stated","UNK","2017","2017",0,Not Available,Not Available
,"Ohio","39","Unknown or Not Stated","UNK","2018","2018",0,Not Available,Not Available
,"Ohio","39","Unknown or Not Stated","UNK","2019","2019",0,Not Available,Not Available
,"Ohio","39","Unknown or Not Stated","UNK","2020","2020",0,Not Available,Not Available
,"Ohio","39","Unknown or Not Stated","UNK","2021","2021",0,Not Available,Not Available
,"Ohio","39","Unknown or Not Stated","UNK","2022","2022",0,Not Available,Not Available
,"Ohio","39","Unknown or Not Stated","UNK","2023","2023",0,Not Available,Not Available
,"Ohio","39","Unknown or Not Stated","UNK","2024","2024",0,Not Available,Not Available
,"Ohio","39","Not Available","NA","2016","2016",0,Not Available,Not Available
,"Ohio","39","Not Available","NA","2017","2017",0,Not Available,Not Available
,"Ohio","39","Not Available","NA","2018","2018",0,Not Available,Not Available
,"Ohio","39","Not Available","NA","2019","2019",0,Not Available,Not Available
,"Ohio","39","Not Available","NA","2020","2020",0,Not Available,Not Available
,"Ohio","39","Not Available","NA","2021","2021",0,Not Available,Not Available
,"Ohio","39","Not Available","NA","2022","2022",0,Not Available,Not Available
,"Ohio","39","Not Available","NA","2023","2023",0,Not Available,Not Available
,"Ohio","39","Not Available","NA","2024","2024",0,Not Available,Not Available
,"Ohio","39","Not Reported","NR","2016","2016",0,Not Available,Not Available
,"Ohio","39","Not Reported","NR","2017","2017",0,Not Available,Not Available
,"Ohio","39","Not Reported","NR","2018","2018",0,Not Available,Not Available
,"Ohio","39","Not Reported","NR","2019","2019",0,Not Available,Not Available
,"Ohio","39","Not Reported","NR","2020","2020",0,Not Available,Not Available
,"Ohio","39","Not Reported","NR","2021","2021",0,Not Available,Not Available
,"Ohio","39","Not Reported","NR","2022","2022",0,Not Available,Not Available
,"Ohio","39","Not Reported","NR","2023","2023",0,Not Available,Not Available
,"Ohio","39","Not Reported","NR","2024","2024",0,Not Available,Not Available
,"Oklahoma","40","American Indian or Alaska Native","1002-5","2016","2016",596,15745,37.85
,"Oklahoma","40","American Indian or Alaska Native","1002-5","2017","2017",552,15748,35.05
,"Oklahoma","40","American Indian or Alaska Native","1002-5","2018","2018",461,15551,29.64
,"Oklahoma","40","American Indian or Alaska Native","1002-5","2019","2019",478,15398,31.04
,"Oklahoma","40","American Indian or Alaska Native","1002-5","2020","2020",394,15266,25.81
,"Oklahoma","40","American Indian or Alaska Native","1002-5","2021","2021",454,15557,29.18
,"Oklahoma","40","American Indian or Alaska Native","1002-5","2022","2022",349,15181,22.99
,"Oklahoma","40","American Indian or Alaska Native","1002-5","2023","2023",334,15458,21.61
,"Oklahoma","40","American Indian or Alaska Native","1002-5","2024","2024",344,15470,22.24
,"Oklahoma","40","Asian","A","2016","2016",27,2776,9.73
,"Oklahoma","40","Asian","A","2017","2017",20,2872,6.96
,"Oklahoma","40","Asian","A","2018","2018",14,2994,4.68
,"Oklahoma","40","Asian","A","2019","2019",14,3205,4.37
,"Oklahoma","40","Asian","A","2020","2020",15,3133,4.79
,"Oklahoma","40","Asian","A","2021","2021",15,3136,4.78
,"Oklahoma","40","Asian","A","2022","2022",10,3221,3.10
,"Oklahoma","40","Asian","A","2023","2023",14,3280,4.27
,"Oklahoma","40","Asian","A","2024","2024",14,3422,4.09
,"Oklahoma","40","Black or African American","2054-5","2016","2016",460,11707,39.29
,"Oklahoma","40","Black or African American","2054-5","2017","2017",410,11666,35.14
,"Oklahoma","40","Black or African American","2054-5","2018","2018",376,11525,32.62
,"Oklahoma","40","Black or African American","2054-5","2019","2019",368,11438,32.17
,"Oklahoma","40","Black or African American","2054-5","2020","2020",328,11351,28.90
,"Oklahoma","40","Black or African American","2054-5","2021","2021",324,11620,27.88
,"Oklahoma","40","Black or African American","2054-5","2022","2022",304,11709,25.96
,"Oklahoma","40","Black or African American","2054-5","2023","2023",329,11937,27.56
,"Oklahoma","40","Black or African American","2054-5","2024","2024",288,12176,23.65
,"Oklahoma","40","Native Hawaiian or Other Pacific Islander","NHOPI","2016","2016",21,318,66.04
,"Oklahoma","40","Native Hawaiian or Other Pacific Islander","NHOPI","2017","2017",18,385,46.75
,"Oklahoma","40","Native Hawaiian or Other Pacific Islander","NHOPI","2018","2018",26,338,76.92
,"Oklahoma","40","Native Hawaiian or Other Pacific Islander","NHOPI","2019","2019",26,331,78.55
,"Oklahoma","40","Native Hawaiian or Other Pacific Islander","NHOPI","2020","2020",27,316,85.44
,"Oklahoma","40","Native Hawaiian or Other Pacific Islander","NHOPI","2021","2021",Suppressed,342,Suppressed
,"Oklahoma","40","Native Hawaiian or Other Pacific Islander","NHOPI","2022","2022",14,379,36.94
,"Oklahoma","40","Native Hawaiian or Other Pacific Islander","NHOPI","2023","2023",13,411,31.63
,"Oklahoma","40","Native Hawaiian or Other Pacific Islander","NHOPI","2024","2024",15,477,31.45
,"Oklahoma","40","White","2106-3","2016","2016",2648,85335,31.03
,"Oklahoma","40","White","2106-3","2017","2017",2326,85567,27.18
,"Oklahoma","40","White","2106-3","2018","2018",2209,85787,25.75
,"Oklahoma","40","White","2106-3","2019","2019",2243,86056,26.06
,"Oklahoma","40","White","2106-3","2020","2020",2053,86131,23.84
,"Oklahoma","40","White","2106-3","2021","2021",1978,88305,22.40
,"Oklahoma","40","White","2106-3","2022","2022",1790,90197,19.85
,"Oklahoma","40","White","2106-3","2023","2023",1775,93072,19.07
,"Oklahoma","40","White","2106-3","2024","2024",1701,93620,18.17
,"Oklahoma","40","More than one race","M","2016","2016",498,11237,44.32
,"Oklahoma","40","More than one race","M","2017","2017",467,11626,40.17
,"Oklahoma","40","More than one race","M","2018","2018",406,12008,33.81
,"Oklahoma","40","More than one race","M","2019","2019",391,12259,31.89
,"Oklahoma","40","More than one race","M","2020","2020",401,12562,31.92
,"Oklahoma","40","More than one race","M","2021","2021",409,13173,31.05
,"Oklahoma","40","More than one race","M","2022","2022",389,13725,28.34
,"Oklahoma","40","More than one race","M","2023","2023",390,14495,26.91
,"Oklahoma","40","More than one race","M","2024","2024",384,14993,25.61
,"Oklahoma","40","Unknown or Not Stated","UNK","2016","2016",0,Not Available,Not Available
,"Oklahoma","40","Unknown or Not Stated","UNK","2017","2017",0,Not Available,Not Available
,"Oklahoma","40","Unknown or Not Stated","UNK","2018","2018",0,Not Available,Not Available
,"Oklahoma","40","Unknown or Not Stated","UNK","2019","2019",0,Not Available,Not Available
,"Oklahoma","40","Unknown or Not Stated","UNK","2020","2020",0,Not Available,Not Available
,"Oklahoma","40","Unknown or Not Stated","UNK","2021","2021",0,Not Available,Not Available
,"Oklahoma","40","Unknown or Not Stated","UNK","2022","2022",0,Not Available,Not Available
,"Oklahoma","40","Unknown or Not Stated","UNK","2023","2023",0,Not Available,Not Available
,"Oklahoma","40","Unknown or Not Stated","UNK","2024","2024",0,Not Available,Not Available
,"Oklahoma","40","Not Available","NA","2016","2016",0,Not Available,Not Available
,"Oklahoma","40","Not Available","NA","2017","2017",0,Not Available,Not Available
,"Oklahoma","40","Not Available","NA","2018","2018",0,Not Available,Not Available
,"Oklahoma","40","Not Available","NA","2019","2019",0,Not Available,Not Available
,"Oklahoma","40","Not Available","NA","2020","2020",0,Not Available,Not Available
,"Oklahoma","40","Not Available","NA","2021","2021",0,Not Available,Not Available
,"Oklahoma","40","Not Available","NA","2022","2022",0,Not Available,Not Available
,"Oklahoma","40","Not Available","NA","2023","2023",0,Not Available,Not Available
,"Oklahoma","40","Not Available","NA","2024","2024",0,Not Available,Not Available
,"Oklahoma","40","Not Reported","NR","2016","2016",0,Not Available,Not Available
,"Oklahoma","40","Not Reported","NR","2017","2017",0,Not Available,Not Available
,"Oklahoma","40","Not Reported","NR","2018","2018",0,Not Available,Not Available
,"Oklahoma","40","Not Reported","NR","2019","2019",0,Not Available,Not Available
,"Oklahoma","40","Not Reported","NR","2020","2020",0,Not Available,Not Available
,"Oklahoma","40","Not Reported","NR","2021","2021",0,Not Available,Not Available
,"Oklahoma","40","Not Reported","NR","2022","2022",0,Not Available,Not Available
,"Oklahoma","40","Not Reported","NR","2023","2023",0,Not Available,Not Available
,"Oklahoma","40","Not Reported","NR","2024","2024",0,Not Available,Not Available
,"Oregon","41","American Indian or Alaska Native","1002-5","2016","2016",49,2777,17.64
,"Oregon","41","American Indian or Alaska Native","1002-5","2017","2017",51,2797,18.23
,"Oregon","41","American Indian or Alaska Native","1002-5","2018","2018",46,2761,16.66
,"Oregon","41","American Indian or Alaska Native","1002-5","2019","2019",50,2750,18.18
,"Oregon","41","American Indian or Alaska Native","1002-5","2020","2020",38,2708,14.03
,"Oregon","41","American Indian or Alaska Native","1002-5","2021","2021",42,2734,15.36
,"Oregon","41","American Indian or Alaska Native","1002-5","2022","2022",99,2720,36.40
,"Oregon","41","American Indian or Alaska Native","1002-5","2023","2023",67,2774,24.15
,"Oregon","41","American Indian or Alaska Native","1002-5","2024","2024",73,2880,25.35
,"Oregon","41","Asian","A","2016","2016",27,5706,4.73
,"Oregon","41","Asian","A","2017","2017",15,5996,2.50
,"Oregon","41","Asian","A","2018","2018",18,6153,2.93
,"Oregon","41","Asian","A","2019","2019",11,6177,1.78
,"Oregon","41","Asian","A","2020","2020",Suppressed,6121,Suppressed
,"Oregon","41","Asian","A","2021","2021",10,6098,1.64
,"Oregon","41","Asian","A","2022","2022",23,6257,3.68
,"Oregon","41","Asian","A","2023","2023",27,6265,4.31
,"Oregon","41","Asian","A","2024","2024",14,6411,2.18
,"Oregon","41","Black or African American","2054-5","2016","2016",51,3114,16.38
,"Oregon","41","Black or African American","2054-5","2017","2017",53,3159,16.78
,"Oregon","41","Black or African American","2054-5","2018","2018",68,3095,21.97
,"Oregon","41","Black or African American","2054-5","2019","2019",46,3095,14.86
,"Oregon","41","Black or African American","2054-5","2020","2020",48,3087,15.55
,"Oregon","41","Black or African American","2054-5","2021","2021",35,3208,10.91
,"Oregon","41","Black or African American","2054-5","2022","2022",74,3256,22.73
,"Oregon","41","Black or African American","2054-5","2023","2023",80,3423,23.37
,"Oregon","41","Black or African American","2054-5","2024","2024",58,3574,16.23
,"Oregon","41","Native Hawaiian or Other Pacific Islander","NHOPI","2016","2016",28,649,43.14
,"Oregon","41","Native Hawaiian or Other Pacific Islander","NHOPI","2017","2017",24,687,34.93
,"Oregon","41","Native Hawaiian or Other Pacific Islander","NHOPI","2018","2018",22,733,30.01
,"Oregon","41","Native Hawaiian or Other Pacific Islander","NHOPI","2019","2019",17,717,23.71
,"Oregon","41","Native Hawaiian or Other Pacific Islander","NHOPI","2020","2020",15,726,20.66
,"Oregon","41","Native Hawaiian or Other Pacific Islander","NHOPI","2021","2021",16,734,21.80
,"Oregon","41","Native Hawaiian or Other Pacific Islander","NHOPI","2022","2022",13,754,17.24
,"Oregon","41","Native Hawaiian or Other Pacific Islander","NHOPI","2023","2023",16,775,20.65
,"Oregon","41","Native Hawaiian or Other Pacific Islander","NHOPI","2024","2024",15,808,18.56
,"Oregon","41","White","2106-3","2016","2016",1707,100368,17.01
,"Oregon","41","White","2106-3","2017","2017",1544,99882,15.46
,"Oregon","41","White","2106-3","2018","2018",1315,99412,13.23
,"Oregon","41","White","2106-3","2019","2019",1229,99118,12.40
,"Oregon","41","White","2106-3","2020","2020",1018,98559,10.33
,"Oregon","41","White","2106-3","2021","2021",974,100808,9.66
,"Oregon","41","White","2106-3","2022","2022",911,100115,9.10
,"Oregon","41","White","2106-3","2023","2023",892,101793,8.76
,"Oregon","41","White","2106-3","2024","2024",870,102705,8.47
,"Oregon","41","More than one race","M","2016","2016",142,7770,18.28
,"Oregon","41","More than one race","M","2017","2017",122,7845,15.55
,"Oregon","41","More than one race","M","2018","2018",129,7990,16.15
,"Oregon","41","More than one race","M","2019","2019",98,8074,12.14
,"Oregon","41","More than one race","M","2020","2020",83,8274,10.03
,"Oregon","41","More than one race","M","2021","2021",82,8582,9.55
,"Oregon","41","More than one race","M","2022","2022",110,8768,12.55
,"Oregon","41","More than one race","M","2023","2023",90,9020,9.98
,"Oregon","41","More than one race","M","2024","2024",103,9535,10.80
,"Oregon","41","Unknown or Not Stated","UNK","2016","2016",0,Not Available,Not Available
,"Oregon","41","Unknown or Not Stated","UNK","2017","2017",0,Not Available,Not Available
,"Oregon","41","Unknown or Not Stated","UNK","2018","2018",0,Not Available,Not Available
,"Oregon","41","Unknown or Not Stated","UNK","2019","2019",0,Not Available,Not Available
,"Oregon","41","Unknown or Not Stated","UNK","2020","2020",0,Not Available,Not Available
,"Oregon","41","Unknown or Not Stated","UNK","2021","2021",0,Not Available,Not Available
,"Oregon","41","Unknown or Not Stated","UNK","2022","2022",0,Not Available,Not Available
,"Oregon","41","Unknown or Not Stated","UNK","2023","2023",0,Not Available,Not Available
,"Oregon","41","Unknown or Not Stated","UNK","2024","2024",0,Not Available,Not Available
,"Oregon","41","Not Available","NA","2016","2016",0,Not Available,Not Available
,"Oregon","41","Not Available","NA","2017","2017",0,Not Available,Not Available
,"Oregon","41","Not Available","NA","2018","2018",0,Not Available,Not Available
,"Oregon","41","Not Available","NA","2019","2019",0,Not Available,Not Available
,"Oregon","41","Not Available","NA","2020","2020",0,Not Available,Not Available
,"Oregon","41","Not Available","NA","2021","2021",0,Not Available,Not Available
,"Oregon","41","Not Available","NA","2022","2022",0,Not Available,Not Available
,"Oregon","41","Not Available","NA","2023","2023",0,Not Available,Not Available
,"Oregon","41","Not Available","NA","2024","2024",0,Not Available,Not Available
,"Oregon","41","Not Reported","NR","2016","2016",0,Not Available,Not Available
,"Oregon","41","Not Reported","NR","2017","2017",0,Not Available,Not Available
,"Oregon","41","Not Reported","NR","2018","2018",0,Not Available,Not Available
,"Oregon","41","Not Reported","NR","2019","2019",0,Not Available,Not Available
,"Oregon","41","Not Reported","NR","2020","2020",0,Not Available,Not Available
,"Oregon","41","Not Reported","NR","2021","2021",0,Not Available,Not Available
,"Oregon","41","Not Reported","NR","2022","2022",0,Not Available,Not Available
,"Oregon","41","Not Reported","NR","2023","2023",0,Not Available,Not Available
,"Oregon","41","Not Reported","NR","2024","2024",0,Not Available,Not Available
,"Pennsylvania","42","American Indian or Alaska Native","1002-5","2016","2016",16,1764,9.07
,"Pennsylvania","42","American Indian or Alaska Native","1002-5","2017","2017",18,1796,10.02
,"Pennsylvania","42","American Indian or Alaska Native","1002-5","2018","2018",27,1847,14.62
,"Pennsylvania","42","American Indian or Alaska Native","1002-5","2019","2019",26,1866,13.93
,"Pennsylvania","42","American Indian or Alaska Native","1002-5","2020","2020",27,1865,14.48
,"Pennsylvania","42","American Indian or Alaska Native","1002-5","2021","2021",26,1969,13.20
,"Pennsylvania","42","American Indian or Alaska Native","1002-5","2022","2022",30,1996,15.03
,"Pennsylvania","42","American Indian or Alaska Native","1002-5","2023","2023",37,2129,17.38
,"Pennsylvania","42","American Indian or Alaska Native","1002-5","2024","2024",52,2384,21.81
,"Pennsylvania","42","Asian","A","2016","2016",114,16221,7.03
,"Pennsylvania","42","Asian","A","2017","2017",91,16859,5.40
,"Pennsylvania","42","Asian","A","2018","2018",67,17296,3.87
,"Pennsylvania","42","Asian","A","2019","2019",56,17359,3.23
,"Pennsylvania","42","Asian","A","2020","2020",40,17182,2.33
,"Pennsylvania","42","Asian","A","2021","2021",36,17564,2.05
,"Pennsylvania","42","Asian","A","2022","2022",49,18694,2.62
,"Pennsylvania","42","Asian","A","2023","2023",47,18841,2.49
,"Pennsylvania","42","Asian","A","2024","2024",57,19571,2.91
,"Pennsylvania","42","Black or African American","2054-5","2016","2016",1767,56789,31.12
,"Pennsylvania","42","Black or African American","2054-5","2017","2017",1680,56100,29.95
,"Pennsylvania","42","Black or African American","2054-5","2018","2018",1683,55775,30.17
,"Pennsylvania","42","Black or African American","2054-5","2019","2019",1558,55750,27.95
,"Pennsylvania","42","Black or African American","2054-5","2020","2020",1533,55265,27.74
,"Pennsylvania","42","Black or African American","2054-5","2021","2021",1416,57561,24.60
,"Pennsylvania","42","Black or African American","2054-5","2022","2022",1426,58818,24.24
,"Pennsylvania","42","Black or African American","2054-5","2023","2023",1320,59943,22.02
,"Pennsylvania","42","Black or African American","2054-5","2024","2024",1271,61152,20.78
,"Pennsylvania","42","Native Hawaiian or Other Pacific Islander","NHOPI","2016","2016",14,385,36.36
,"Pennsylvania","42","Native Hawaiian or Other Pacific Islander","NHOPI","2017","2017",19,362,52.49
,"Pennsylvania","42","Native Hawaiian or Other Pacific Islander","NHOPI","2018","2018",29,357,81.23
,"Pennsylvania","42","Native Hawaiian or Other Pacific Islander","NHOPI","2019","2019",31,346,89.60
,"Pennsylvania","42","Native Hawaiian or Other Pacific Islander","NHOPI","2020","2020",36,351,102.56
,"Pennsylvania","42","Native Hawaiian or Other Pacific Islander","NHOPI","2021","2021",35,369,94.85
,"Pennsylvania","42","Native Hawaiian or Other Pacific Islander","NHOPI","2022","2022",26,376,69.15
,"Pennsylvania","42","Native Hawaiian or Other Pacific Islander","NHOPI","2023","2023",17,421,40.38
,"Pennsylvania","42","Native Hawaiian or Other Pacific Islander","NHOPI","2024","2024",15,490,30.61
,"Pennsylvania","42","White","2106-3","2016","2016",4081,314376,12.98
,"Pennsylvania","42","White","2106-3","2017","2017",3674,310462,11.83
,"Pennsylvania","42","White","2106-3","2018","2018",3438,307335,11.19
,"Pennsylvania","42","White","2106-3","2019","2019",3216,304500,10.56
,"Pennsylvania","42","White","2106-3","2020","2020",2919,299343,9.75
,"Pennsylvania","42","White","2106-3","2021","2021",2813,307657,9.14
,"Pennsylvania","42","White","2106-3","2022","2022",2585,311874,8.29
,"Pennsylvania","42","White","2106-3","2023","2023",2386,313670,7.61
,"Pennsylvania","42","White","2106-3","2024","2024",2399,312538,7.68
,"Pennsylvania","42","More than one race","M","2016","2016",393,13786,28.51
,"Pennsylvania","42","More than one race","M","2017","2017",417,14140,29.49
,"Pennsylvania","42","More than one race","M","2018","2018",355,14528,24.44
,"Pennsylvania","42","More than one race","M","2019","2019",377,14971,25.18
,"Pennsylvania","42","More than one race","M","2020","2020",340,15639,21.74
,"Pennsylvania","42","More than one race","M","2021","2021",317,16873,18.79
,"Pennsylvania","42","More than one race","M","2022","2022",236,17985,13.12
,"Pennsylvania","42","More than one race","M","2023","2023",270,18976,14.23
,"Pennsylvania","42","More than one race","M","2024","2024",240,20122,11.93
,"Pennsylvania","42","Unknown or Not Stated","UNK","2016","2016",0,Not Available,Not Available
,"Pennsylvania","42","Unknown or Not Stated","UNK","2017","2017",0,Not Available,Not Available
,"Pennsylvania","42","Unknown or Not Stated","UNK","2018","2018",0,Not Available,Not Available
,"Pennsylvania","42","Unknown or Not Stated","UNK","2019","2019",0,Not Available,Not Available
,"Pennsylvania","42","Unknown or Not Stated","UNK","2020","2020",0,Not Available,Not Available
,"Pennsylvania","42","Unknown or Not Stated","UNK","2021","2021",0,Not Available,Not Available
,"Pennsylvania","42","Unknown or Not Stated","UNK","2022","2022",0,Not Available,Not Available
,"Pennsylvania","42","Unknown or Not Stated","UNK","2023","2023",0,Not Available,Not Available
,"Pennsylvania","42","Unknown or Not Stated","UNK","2024","2024",0,Not Available,Not Available
,"Pennsylvania","42","Not Available","NA","2016","2016",0,Not Available,Not Available
,"Pennsylvania","42","Not Available","NA","2017","2017",0,Not Available,Not Available
,"Pennsylvania","42","Not Available","NA","2018","2018",0,Not Available,Not Available
,"Pennsylvania","42","Not Available","NA","2019","2019",0,Not Available,Not Available
,"Pennsylvania","42","Not Available","NA","2020","2020",0,Not Available,Not Available
,"Pennsylvania","42","Not Available","NA","2021","2021",0,Not Available,Not Available
,"Pennsylvania","42","Not Available","NA","2022","2022",0,Not Available,Not Available
,"Pennsylvania","42","Not Available","NA","2023","2023",0,Not Available,Not Available
,"Pennsylvania","42","Not Available","NA","2024","2024",0,Not Available,Not Available
,"Pennsylvania","42","Not Reported","NR","2016","2016",0,Not Available,Not Available
,"Pennsylvania","42","Not Reported","NR","2017","2017",0,Not Available,Not Available
,"Pennsylvania","42","Not Reported","NR","2018","2018",0,Not Available,Not Available
,"Pennsylvania","42","Not Reported","NR","2019","2019",0,Not Available,Not Available
,"Pennsylvania","42","Not Reported","NR","2020","2020",0,Not Available,Not Available
,"Pennsylvania","42","Not Reported","NR","2021","2021",0,Not Available,Not Available
,"Pennsylvania","42","Not Reported","NR","2022","2022",0,Not Available,Not Available
,"Pennsylvania","42","Not Reported","NR","2023","2023",0,Not Available,Not Available
,"Pennsylvania","42","Not Reported","NR","2024","2024",0,Not Available,Not Available
,"Rhode Island","44","American Indian or Alaska Native","1002-5","2016","2016",11,407,27.03
,"Rhode Island","44","American Indian or Alaska Native","1002-5","2017","2017",Suppressed,426,Suppressed
,"Rhode Island","44","American Indian or Alaska Native","1002-5","2018","2018",Suppressed,428,Suppressed
,"Rhode Island","44","American Indian or Alaska Native","1002-5","2019","2019",Suppressed,432,Suppressed
,"Rhode Island","44","American Indian or Alaska Native","1002-5","2020","2020",Suppressed,405,Suppressed
,"Rhode Island","44","American Indian or Alaska Native","1002-5","2021","2021",Suppressed,443,Suppressed
,"Rhode Island","44","American Indian or Alaska Native","1002-5","2022","2022",11,447,24.61
,"Rhode Island","44","American Indian or Alaska Native","1002-5","2023","2023",12,469,25.59
,"Rhode Island","44","American Indian or Alaska Native","1002-5","2024","2024",Suppressed,530,Suppressed
,"Rhode Island","44","Asian","A","2016","2016",19,1773,10.72
,"Rhode Island","44","Asian","A","2017","2017",13,1802,7.21
,"Rhode Island","44","Asian","A","2018","2018",Suppressed,1631,Suppressed
,"Rhode Island","44","Asian","A","2019","2019",10,1678,5.96
,"Rhode Island","44","Asian","A","2020","2020",Suppressed,1555,Suppressed
,"Rhode Island","44","Asian","A","2021","2021",15,1625,9.23
,"Rhode Island","44","Asian","A","2022","2022",Suppressed,1611,Suppressed
,"Rhode Island","44","Asian","A","2023","2023",Suppressed,1719,Suppressed
,"Rhode Island","44","Asian","A","2024","2024",Suppressed,1849,Suppressed
,"Rhode Island","44","Black or African American","2054-5","2016","2016",71,3778,18.79
,"Rhode Island","44","Black or African American","2054-5","2017","2017",46,3793,12.13
,"Rhode Island","44","Black or African American","2054-5","2018","2018",75,3705,20.24
,"Rhode Island","44","Black or African American","2054-5","2019","2019",67,3731,17.96
,"Rhode Island","44","Black or African American","2054-5","2020","2020",79,3616,21.85
,"Rhode Island","44","Black or African American","2054-5","2021","2021",74,3735,19.81
,"Rhode Island","44","Black or African American","2054-5","2022","2022",63,3700,17.03
,"Rhode Island","44","Black or African American","2054-5","2023","2023",57,3793,15.03
,"Rhode Island","44","Black or African American","2054-5","2024","2024",58,3949,14.69
,"Rhode Island","44","Native Hawaiian or Other Pacific Islander","NHOPI","2016","2016",0,80,0.00
,"Rhode Island","44","Native Hawaiian or Other Pacific Islander","NHOPI","2017","2017",Suppressed,85,Suppressed
,"Rhode Island","44","Native Hawaiian or Other Pacific Islander","NHOPI","2018","2018",Suppressed,96,Suppressed
,"Rhode Island","44","Native Hawaiian or Other Pacific Islander","NHOPI","2019","2019",Suppressed,86,Suppressed
,"Rhode Island","44","Native Hawaiian or Other Pacific Islander","NHOPI","2020","2020",0,94,0.00
,"Rhode Island","44","Native Hawaiian or Other Pacific Islander","NHOPI","2021","2021",0,89,0.00
,"Rhode Island","44","Native Hawaiian or Other Pacific Islander","NHOPI","2022","2022",Suppressed,81,Suppressed
,"Rhode Island","44","Native Hawaiian or Other Pacific Islander","NHOPI","2023","2023",Suppressed,72,Suppressed
,"Rhode Island","44","Native Hawaiian or Other Pacific Islander","NHOPI","2024","2024",Suppressed,71,Suppressed
,"Rhode Island","44","White","2106-3","2016","2016",353,29027,12.16
,"Rhode Island","44","White","2106-3","2017","2017",314,28664,10.95
,"Rhode Island","44","White","2106-3","2018","2018",291,28319,10.28
,"Rhode Island","44","White","2106-3","2019","2019",249,28092,8.86
,"Rhode Island","44","White","2106-3","2020","2020",216,27415,7.88
,"Rhode Island","44","White","2106-3","2021","2021",170,28777,5.91
,"Rhode Island","44","White","2106-3","2022","2022",192,28112,6.83
,"Rhode Island","44","White","2106-3","2023","2023",175,28035,6.24
,"Rhode Island","44","White","2106-3","2024","2024",170,27738,6.13
,"Rhode Island","44","More than one race","M","2016","2016",20,1685,11.87
,"Rhode Island","44","More than one race","M","2017","2017",32,1679,19.06
,"Rhode Island","44","More than one race","M","2018","2018",27,1708,15.81
,"Rhode Island","44","More than one race","M","2019","2019",23,1743,13.20
,"Rhode Island","44","More than one race","M","2020","2020",20,1799,11.12
,"Rhode Island","44","More than one race","M","2021","2021",22,1948,11.29
,"Rhode Island","44","More than one race","M","2022","2022",22,1985,11.08
,"Rhode Island","44","More than one race","M","2023","2023",18,2078,8.66
,"Rhode Island","44","More than one race","M","2024","2024",26,2172,11.97
,"Rhode Island","44","Unknown or Not Stated","UNK","2016","2016",0,Not Available,Not Available
,"Rhode Island","44","Unknown or Not Stated","UNK","2017","2017",0,Not Available,Not Available
,"Rhode Island","44","Unknown or Not Stated","UNK","2018","2018",0,Not Available,Not Available
,"Rhode Island","44","Unknown or Not Stated","UNK","2019","2019",0,Not Available,Not Available
,"Rhode Island","44","Unknown or Not Stated","UNK","2020","2020",0,Not Available,Not Available
,"Rhode Island","44","Unknown or Not Stated","UNK","2021","2021",0,Not Available,Not Available
,"Rhode Island","44","Unknown or Not Stated","UNK","2022","2022",0,Not Available,Not Available
,"Rhode Island","44","Unknown or Not Stated","UNK","2023","2023",0,Not Available,Not Available
,"Rhode Island","44","Unknown or Not Stated","UNK","2024","2024",0,Not Available,Not Available
,"Rhode Island","44","Not Available","NA","2016","2016",0,Not Available,Not Available
,"Rhode Island","44","Not Available","NA","2017","2017",0,Not Available,Not Available
,"Rhode Island","44","Not Available","NA","2018","2018",0,Not Available,Not Available
,"Rhode Island","44","Not Available","NA","2019","2019",0,Not Available,Not Available
,"Rhode Island","44","Not Available","NA","2020","2020",0,Not Available,Not Available
,"Rhode Island","44","Not Available","NA","2021","2021",0,Not Available,Not Available
,"Rhode Island","44","Not Available","NA","2022","2022",0,Not Available,Not Available
,"Rhode Island","44","Not Available","NA","2023","2023",0,Not Available,Not Available
,"Rhode Island","44","Not Available","NA","2024","2024",0,Not Available,Not Available
,"Rhode Island","44","Not Reported","NR","2016","2016",0,Not Available,Not Available
,"Rhode Island","44","Not Reported","NR","2017","2017",0,Not Available,Not Available
,"Rhode Island","44","Not Reported","NR","2018","2018",0,Not Available,Not Available
,"Rhode Island","44","Not Reported","NR","2019","2019",0,Not Available,Not Available
,"Rhode Island","44","Not Reported","NR","2020","2020",0,Not Available,Not Available
,"Rhode Island","44","Not Reported","NR","2021","2021",0,Not Available,Not Available
,"Rhode Island","44","Not Reported","NR","2022","2022",0,Not Available,Not Available
,"Rhode Island","44","Not Reported","NR","2023","2023",0,Not Available,Not Available
,"Rhode Island","44","Not Reported","NR","2024","2024",0,Not Available,Not Available
,"South Carolina","45","American Indian or Alaska Native","1002-5","2016","2016",17,905,18.78
,"South Carolina","45","American Indian or Alaska Native","1002-5","2017","2017",15,904,16.59
,"South Carolina","45","American Indian or Alaska Native","1002-5","2018","2018",16,886,18.06
,"South Carolina","45","American Indian or Alaska Native","1002-5","2019","2019",26,916,28.38
,"South Carolina","45","American Indian or Alaska Native","1002-5","2020","2020",20,921,21.72
,"South Carolina","45","American Indian or Alaska Native","1002-5","2021","2021",26,962,27.03
,"South Carolina","45","American Indian or Alaska Native","1002-5","2022","2022",24,1018,23.58
,"South Carolina","45","American Indian or Alaska Native","1002-5","2023","2023",25,1177,21.24
,"South Carolina","45","American Indian or Alaska Native","1002-5","2024","2024",22,1276,17.24
,"South Carolina","45","Asian","A","2016","2016",19,2552,7.45
,"South Carolina","45","Asian","A","2017","2017",15,2920,5.14
,"South Carolina","45","Asian","A","2018","2018",11,3133,3.51
,"South Carolina","45","Asian","A","2019","2019",10,3081,3.25
,"South Carolina","45","Asian","A","2020","2020",10,2972,3.36
,"South Carolina","45","Asian","A","2021","2021",12,3006,3.99
,"South Carolina","45","Asian","A","2022","2022",14,3050,4.59
,"South Carolina","45","Asian","A","2023","2023",Suppressed,3108,Suppressed
,"South Carolina","45","Asian","A","2024","2024",10,3292,3.04
,"South Carolina","45","Black or African American","2054-5","2016","2016",1441,49523,29.10
,"South Carolina","45","Black or African American","2054-5","2017","2017",1368,49467,27.65
,"South Carolina","45","Black or African American","2054-5","2018","2018",1434,49106,29.20
,"South Carolina","45","Black or African American","2054-5","2019","2019",1431,48806,29.32
,"South Carolina","45","Black or African American","2054-5","2020","2020",1355,48599,27.88
,"South Carolina","45","Black or African American","2054-5","2021","2021",1188,49095,24.20
,"South Carolina","45","Black or African American","2054-5","2022","2022",1126,50267,22.40
,"South Carolina","45","Black or African American","2054-5","2023","2023",1180,52030,22.68
,"South Carolina","45","Black or African American","2054-5","2024","2024",1250,53027,23.57
,"South Carolina","45","Native Hawaiian or Other Pacific Islander","NHOPI","2016","2016",Suppressed,176,Suppressed
,"South Carolina","45","Native Hawaiian or Other Pacific Islander","NHOPI","2017","2017",Suppressed,181,Suppressed
,"South Carolina","45","Native Hawaiian or Other Pacific Islander","NHOPI","2018","2018",Suppressed,194,Suppressed
,"South Carolina","45","Native Hawaiian or Other Pacific Islander","NHOPI","2019","2019",Suppressed,205,Suppressed
,"South Carolina","45","Native Hawaiian or Other Pacific Islander","NHOPI","2020","2020",12,201,59.70
,"South Carolina","45","Native Hawaiian or Other Pacific Islander","NHOPI","2021","2021",12,200,60.00
,"South Carolina","45","Native Hawaiian or Other Pacific Islander","NHOPI","2022","2022",16,204,78.43
,"South Carolina","45","Native Hawaiian or Other Pacific Islander","NHOPI","2023","2023",18,230,78.26
,"South Carolina","45","Native Hawaiian or Other Pacific Islander","NHOPI","2024","2024",10,269,37.17
,"South Carolina","45","White","2106-3","2016","2016",2052,97524,21.04
,"South Carolina","45","White","2106-3","2017","2017",1824,98610,18.50
,"South Carolina","45","White","2106-3","2018","2018",1837,99850,18.40
,"South Carolina","45","White","2106-3","2019","2019",1767,100321,17.61
,"South Carolina","45","White","2106-3","2020","2020",1496,100866,14.83
,"South Carolina","45","White","2106-3","2021","2021",1529,102435,14.93
,"South Carolina","45","White","2106-3","2022","2022",1546,105528,14.65
,"South Carolina","45","White","2106-3","2023","2023",1565,109557,14.28
,"South Carolina","45","White","2106-3","2024","2024",1619,111494,14.52
,"South Carolina","45","More than one race","M","2016","2016",161,4935,32.62
,"South Carolina","45","More than one race","M","2017","2017",184,5101,36.07
,"South Carolina","45","More than one race","M","2018","2018",181,5305,34.12
,"South Carolina","45","More than one race","M","2019","2019",185,5473,33.80
,"South Carolina","45","More than one race","M","2020","2020",176,5691,30.93
,"South Carolina","45","More than one race","M","2021","2021",186,6039,30.80
,"South Carolina","45","More than one race","M","2022","2022",149,6475,23.01
,"South Carolina","45","More than one race","M","2023","2023",168,7085,23.71
,"South Carolina","45","More than one race","M","2024","2024",161,7606,21.17
,"South Carolina","45","Unknown or Not Stated","UNK","2016","2016",0,Not Available,Not Available
,"South Carolina","45","Unknown or Not Stated","UNK","2017","2017",0,Not Available,Not Available
,"South Carolina","45","Unknown or Not Stated","UNK","2018","2018",0,Not Available,Not Available
,"South Carolina","45","Unknown or Not Stated","UNK","2019","2019",0,Not Available,Not Available
,"South Carolina","45","Unknown or Not Stated","UNK","2020","2020",0,Not Available,Not Available
,"South Carolina","45","Unknown or Not Stated","UNK","2021","2021",0,Not Available,Not Available
,"South Carolina","45","Unknown or Not Stated","UNK","2022","2022",0,Not Available,Not Available
,"South Carolina","45","Unknown or Not Stated","UNK","2023","2023",0,Not Available,Not Available
,"South Carolina","45","Unknown or Not Stated","UNK","2024","2024",0,Not Available,Not Available
,"South Carolina","45","Not Available","NA","2016","2016",0,Not Available,Not Available
,"South Carolina","45","Not Available","NA","2017","2017",0,Not Available,Not Available
,"South Carolina","45","Not Available","NA","2018","2018",0,Not Available,Not Available
,"South Carolina","45","Not Available","NA","2019","2019",0,Not Available,Not Available
,"South Carolina","45","Not Available","NA","2020","2020",0,Not Available,Not Available
,"South Carolina","45","Not Available","NA","2021","2021",0,Not Available,Not Available
,"South Carolina","45","Not Available","NA","2022","2022",0,Not Available,Not Available
,"South Carolina","45","Not Available","NA","2023","2023",0,Not Available,Not Available
,"South Carolina","45","Not Available","NA","2024","2024",0,Not Available,Not Available
,"South Carolina","45","Not Reported","NR","2016","2016",0,Not Available,Not Available
,"South Carolina","45","Not Reported","NR","2017","2017",0,Not Available,Not Available
,"South Carolina","45","Not Reported","NR","2018","2018",0,Not Available,Not Available
,"South Carolina","45","Not Reported","NR","2019","2019",0,Not Available,Not Available
,"South Carolina","45","Not Reported","NR","2020","2020",0,Not Available,Not Available
,"South Carolina","45","Not Reported","NR","2021","2021",0,Not Available,Not Available
,"South Carolina","45","Not Reported","NR","2022","2022",0,Not Available,Not Available
,"South Carolina","45","Not Reported","NR","2023","2023",0,Not Available,Not Available
,"South Carolina","45","Not Reported","NR","2024","2024",0,Not Available,Not Available
,"South Dakota","46","American Indian or Alaska Native","1002-5","2016","2016",258,3475,74.24
,"South Dakota","46","American Indian or Alaska Native","1002-5","2017","2017",244,3534,69.04
,"South Dakota","46","American Indian or Alaska Native","1002-5","2018","2018",242,3600,67.22
,"South Dakota","46","American Indian or Alaska Native","1002-5","2019","2019",238,3659,65.05
,"South Dakota","46","American Indian or Alaska Native","1002-5","2020","2020",227,3749,60.55
,"South Dakota","46","American Indian or Alaska Native","1002-5","2021","2021",204,3947,51.68
,"South Dakota","46","American Indian or Alaska Native","1002-5","2022","2022",208,3704,56.16
,"South Dakota","46","American Indian or Alaska Native","1002-5","2023","2023",214,3864,55.38
,"South Dakota","46","American Indian or Alaska Native","1002-5","2024","2024",193,3808,50.68
,"South Dakota","46","Asian","A","2016","2016",18,502,35.86
,"South Dakota","46","Asian","A","2017","2017",Suppressed,484,Suppressed
,"South Dakota","46","Asian","A","2018","2018",11,620,17.74
,"South Dakota","46","Asian","A","2019","2019",Suppressed,512,Suppressed
,"South Dakota","46","Asian","A","2020","2020",Suppressed,534,Suppressed
,"South Dakota","46","Asian","A","2021","2021",Suppressed,509,Suppressed
,"South Dakota","46","Asian","A","2022","2022",Suppressed,505,Suppressed
,"South Dakota","46","Asian","A","2023","2023",Suppressed,482,Suppressed
,"South Dakota","46","Asian","A","2024","2024",Suppressed,454,Suppressed
,"South Dakota","46","Black or African American","2054-5","2016","2016",17,503,33.80
,"South Dakota","46","Black or African American","2054-5","2017","2017",15,535,28.04
,"South Dakota","46","Black or African American","2054-5","2018","2018",21,609,34.48
,"South Dakota","46","Black or African American","2054-5","2019","2019",15,612,24.51
,"South Dakota","46","Black or African American","2054-5","2020","2020",14,694,20.17
,"South Dakota","46","Black or African American","2054-5","2021","2021",16,765,20.92
,"South Dakota","46","Black or African American","2054-5","2022","2022",13,828,15.70
,"South Dakota","46","Black or African American","2054-5","2023","2023",18,893,20.16
,"South Dakota","46","Black or African American","2054-5","2024","2024",16,916,17.47
,"South Dakota","46","Native Hawaiian or Other Pacific Islander","NHOPI","2016","2016",0,17,0.00
,"South Dakota","46","Native Hawaiian or Other Pacific Islander","NHOPI","2017","2017",Suppressed,19,Suppressed
,"South Dakota","46","Native Hawaiian or Other Pacific Islander","NHOPI","2018","2018",Suppressed,21,Suppressed
,"South Dakota","46","Native Hawaiian or Other Pacific Islander","NHOPI","2019","2019",0,21,0.00
,"South Dakota","46","Native Hawaiian or Other Pacific Islander","NHOPI","2020","2020",0,29,0.00
,"South Dakota","46","Native Hawaiian or Other Pacific Islander","NHOPI","2021","2021",Suppressed,27,Suppressed
,"South Dakota","46","Native Hawaiian or Other Pacific Islander","NHOPI","2022","2022",Suppressed,32,Suppressed
,"South Dakota","46","Native Hawaiian or Other Pacific Islander","NHOPI","2023","2023",Suppressed,39,Suppressed
,"South Dakota","46","Native Hawaiian or Other Pacific Islander","NHOPI","2024","2024",Suppressed,41,Suppressed
,"South Dakota","46","White","2106-3","2016","2016",334,21612,15.45
,"South Dakota","46","White","2106-3","2017","2017",304,21586,14.08
,"South Dakota","46","White","2106-3","2018","2018",247,21760,11.35
,"South Dakota","46","White","2106-3","2019","2019",223,21979,10.15
,"South Dakota","46","White","2106-3","2020","2020",248,22231,11.16
,"South Dakota","46","White","2106-3","2021","2021",236,22957,10.28
,"South Dakota","46","White","2106-3","2022","2022",256,23035,11.11
,"South Dakota","46","White","2106-3","2023","2023",238,23789,10.00
,"South Dakota","46","White","2106-3","2024","2024",230,23926,9.61
,"South Dakota","46","More than one race","M","2016","2016",54,1040,51.92
,"South Dakota","46","More than one race","M","2017","2017",42,1068,39.33
,"South Dakota","46","More than one race","M","2018","2018",41,1097,37.37
,"South Dakota","46","More than one race","M","2019","2019",51,1172,43.52
,"South Dakota","46","More than one race","M","2020","2020",37,1249,29.62
,"South Dakota","46","More than one race","M","2021","2021",39,1300,30.00
,"South Dakota","46","More than one race","M","2022","2022",26,1358,19.15
,"South Dakota","46","More than one race","M","2023","2023",29,1450,20.00
,"South Dakota","46","More than one race","M","2024","2024",24,1515,15.84
,"South Dakota","46","Unknown or Not Stated","UNK","2016","2016",0,Not Available,Not Available
,"South Dakota","46","Unknown or Not Stated","UNK","2017","2017",0,Not Available,Not Available
,"South Dakota","46","Unknown or Not Stated","UNK","2018","2018",0,Not Available,Not Available
,"South Dakota","46","Unknown or Not Stated","UNK","2019","2019",0,Not Available,Not Available
,"South Dakota","46","Unknown or Not Stated","UNK","2020","2020",0,Not Available,Not Available
,"South Dakota","46","Unknown or Not Stated","UNK","2021","2021",0,Not Available,Not Available
,"South Dakota","46","Unknown or Not Stated","UNK","2022","2022",0,Not Available,Not Available
,"South Dakota","46","Unknown or Not Stated","UNK","2023","2023",0,Not Available,Not Available
,"South Dakota","46","Unknown or Not Stated","UNK","2024","2024",0,Not Available,Not Available
,"South Dakota","46","Not Available","NA","2016","2016",0,Not Available,Not Available
,"South Dakota","46","Not Available","NA","2017","2017",0,Not Available,Not Available
,"South Dakota","46","Not Available","NA","2018","2018",0,Not Available,Not Available
,"South Dakota","46","Not Available","NA","2019","2019",0,Not Available,Not Available
,"South Dakota","46","Not Available","NA","2020","2020",0,Not Available,Not Available
,"South Dakota","46","Not Available","NA","2021","2021",0,Not Available,Not Available
,"South Dakota","46","Not Available","NA","2022","2022",0,Not Available,Not Available
,"South Dakota","46","Not Available","NA","2023","2023",0,Not Available,Not Available
,"South Dakota","46","Not Available","NA","2024","2024",0,Not Available,Not Available
,"South Dakota","46","Not Reported","NR","2016","2016",0,Not Available,Not Available
,"South Dakota","46","Not Reported","NR","2017","2017",0,Not Available,Not Available
,"South Dakota","46","Not Reported","NR","2018","2018",0,Not Available,Not Available
,"South Dakota","46","Not Reported","NR","2019","2019",0,Not Available,Not Available
,"South Dakota","46","Not Reported","NR","2020","2020",0,Not Available,Not Available
,"South Dakota","46","Not Reported","NR","2021","2021",0,Not Available,Not Available
,"South Dakota","46","Not Reported","NR","2022","2022",0,Not Available,Not Available
,"South Dakota","46","Not Reported","NR","2023","2023",0,Not Available,Not Available
,"South Dakota","46","Not Reported","NR","2024","2024",0,Not Available,Not Available
,"Tennessee","47","American Indian or Alaska Native","1002-5","2016","2016",12,934,12.85
,"Tennessee","47","American Indian or Alaska Native","1002-5","2017","2017",10,1033,9.68
,"Tennessee","47","American Indian or Alaska Native","1002-5","2018","2018",21,1050,20.00
,"Tennessee","47","American Indian or Alaska Native","1002-5","2019","2019",17,1068,15.92
,"Tennessee","47","American Indian or Alaska Native","1002-5","2020","2020",24,1042,23.03
,"Tennessee","47","American Indian or Alaska Native","1002-5","2021","2021",29,1074,27.00
,"Tennessee","47","American Indian or Alaska Native","1002-5","2022","2022",42,1102,38.11
,"Tennessee","47","American Indian or Alaska Native","1002-5","2023","2023",52,1313,39.60
,"Tennessee","47","American Indian or Alaska Native","1002-5","2024","2024",44,1560,28.21
,"Tennessee","47","Asian","A","2016","2016",32,3908,8.19
,"Tennessee","47","Asian","A","2017","2017",43,4200,10.24
,"Tennessee","47","Asian","A","2018","2018",24,4431,5.42
,"Tennessee","47","Asian","A","2019","2019",30,4716,6.36
,"Tennessee","47","Asian","A","2020","2020",26,4617,5.63
,"Tennessee","47","Asian","A","2021","2021",26,4682,5.55
,"Tennessee","47","Asian","A","2022","2022",24,4718,5.09
,"Tennessee","47","Asian","A","2023","2023",22,4817,4.57
,"Tennessee","47","Asian","A","2024","2024",29,4970,5.84
,"Tennessee","47","Black or African American","2054-5","2016","2016",1686,42897,39.30
,"Tennessee","47","Black or African American","2054-5","2017","2017",1574,42604,36.94
,"Tennessee","47","Black or African American","2054-5","2018","2018",1453,41865,34.71
,"Tennessee","47","Black or African American","2054-5","2019","2019",1428,41491,34.42
,"Tennessee","47","Black or African American","2054-5","2020","2020",1386,40866,33.92
,"Tennessee","47","Black or African American","2054-5","2021","2021",1294,41898,30.88
,"Tennessee","47","Black or African American","2054-5","2022","2022",1169,41145,28.41
,"Tennessee","47","Black or African American","2054-5","2023","2023",1196,42175,28.36
,"Tennessee","47","Black or African American","2054-5","2024","2024",1092,42876,25.47
,"Tennessee","47","Native Hawaiian or Other Pacific Islander","NHOPI","2016","2016",Suppressed,192,Suppressed
,"Tennessee","47","Native Hawaiian or Other Pacific Islander","NHOPI","2017","2017",Suppressed,202,Suppressed
,"Tennessee","47","Native Hawaiian or Other Pacific Islander","NHOPI","2018","2018",Suppressed,204,Suppressed
,"Tennessee","47","Native Hawaiian or Other Pacific Islander","NHOPI","2019","2019",11,216,50.93
,"Tennessee","47","Native Hawaiian or Other Pacific Islander","NHOPI","2020","2020",19,249,76.31
,"Tennessee","47","Native Hawaiian or Other Pacific Islander","NHOPI","2021","2021",17,261,65.13
,"Tennessee","47","Native Hawaiian or Other Pacific Islander","NHOPI","2022","2022",57,286,199.30
,"Tennessee","47","Native Hawaiian or Other Pacific Islander","NHOPI","2023","2023",31,340,91.18
,"Tennessee","47","Native Hawaiian or Other Pacific Islander","NHOPI","2024","2024",30,381,78.74
,"Tennessee","47","White","2106-3","2016","2016",3863,151876,25.44
,"Tennessee","47","White","2106-3","2017","2017",3696,152711,24.20
,"Tennessee","47","White","2106-3","2018","2018",3558,153461,23.19
,"Tennessee","47","White","2106-3","2019","2019",3260,153268,21.27
,"Tennessee","47","White","2106-3","2020","2020",3191,153276,20.82
,"Tennessee","47","White","2106-3","2021","2021",3075,158242,19.43
,"Tennessee","47","White","2106-3","2022","2022",3046,158775,19.18
,"Tennessee","47","White","2106-3","2023","2023",3074,165021,18.63
,"Tennessee","47","White","2106-3","2024","2024",3109,166129,18.71
,"Tennessee","47","More than one race","M","2016","2016",166,6258,26.53
,"Tennessee","47","More than one race","M","2017","2017",186,6490,28.66
,"Tennessee","47","More than one race","M","2018","2018",194,6745,28.76
,"Tennessee","47","More than one race","M","2019","2019",172,7050,24.40
,"Tennessee","47","More than one race","M","2020","2020",180,7440,24.19
,"Tennessee","47","More than one race","M","2021","2021",172,8036,21.40
,"Tennessee","47","More than one race","M","2022","2022",164,8556,19.17
,"Tennessee","47","More than one race","M","2023","2023",172,9183,18.73
,"Tennessee","47","More than one race","M","2024","2024",185,9690,19.09
,"Tennessee","47","Unknown or Not Stated","UNK","2016","2016",0,Not Available,Not Available
,"Tennessee","47","Unknown or Not Stated","UNK","2017","2017",0,Not Available,Not Available
,"Tennessee","47","Unknown or Not Stated","UNK","2018","2018",0,Not Available,Not Available
,"Tennessee","47","Unknown or Not Stated","UNK","2019","2019",0,Not Available,Not Available
,"Tennessee","47","Unknown or Not Stated","UNK","2020","2020",0,Not Available,Not Available
,"Tennessee","47","Unknown or Not Stated","UNK","2021","2021",0,Not Available,Not Available
,"Tennessee","47","Unknown or Not Stated","UNK","2022","2022",0,Not Available,Not Available
,"Tennessee","47","Unknown or Not Stated","UNK","2023","2023",0,Not Available,Not Available
,"Tennessee","47","Unknown or Not Stated","UNK","2024","2024",0,Not Available,Not Available
,"Tennessee","47","Not Available","NA","2016","2016",0,Not Available,Not Available
,"Tennessee","47","Not Available","NA","2017","2017",0,Not Available,Not Available
,"Tennessee","47","Not Available","NA","2018","2018",0,Not Available,Not Available
,"Tennessee","47","Not Available","NA","2019","2019",0,Not Available,Not Available
,"Tennessee","47","Not Available","NA","2020","2020",0,Not Available,Not Available
,"Tennessee","47","Not Available","NA","2021","2021",0,Not Available,Not Available
,"Tennessee","47","Not Available","NA","2022","2022",0,Not Available,Not Available
,"Tennessee","47","Not Available","NA","2023","2023",0,Not Available,Not Available
,"Tennessee","47","Not Available","NA","2024","2024",0,Not Available,Not Available
,"Tennessee","47","Not Reported","NR","2016","2016",0,Not Available,Not Available
,"Tennessee","47","Not Reported","NR","2017","2017",0,Not Available,Not Available
,"Tennessee","47","Not Reported","NR","2018","2018",0,Not Available,Not Available
,"Tennessee","47","Not Reported","NR","2019","2019",0,Not Available,Not Available
,"Tennessee","47","Not Reported","NR","2020","2020",0,Not Available,Not Available
,"Tennessee","47","Not Reported","NR","2021","2021",0,Not Available,Not Available
,"Tennessee","47","Not Reported","NR","2022","2022",0,Not Available,Not Available
,"Tennessee","47","Not Reported","NR","2023","2023",0,Not Available,Not Available
,"Tennessee","47","Not Reported","NR","2024","2024",0,Not Available,Not Available
,"Texas","48","American Indian or Alaska Native","1002-5","2016","2016",115,11440,10.05
,"Texas","48","American Indian or Alaska Native","1002-5","2017","2017",67,11548,5.80
,"Texas","48","American Indian or Alaska Native","1002-5","2018","2018",83,11707,7.09
,"Texas","48","American Indian or Alaska Native","1002-5","2019","2019",84,11803,7.12
,"Texas","48","American Indian or Alaska Native","1002-5","2020","2020",68,11956,5.69
,"Texas","48","American Indian or Alaska Native","1002-5","2021","2021",78,12307,6.34
,"Texas","48","American Indian or Alaska Native","1002-5","2022","2022",57,12443,4.58
,"Texas","48","American Indian or Alaska Native","1002-5","2023","2023",56,12807,4.37
,"Texas","48","American Indian or Alaska Native","1002-5","2024","2024",64,13849,4.62
,"Texas","48","Asian","A","2016","2016",292,39521,7.39
,"Texas","48","Asian","A","2017","2017",306,41662,7.34
,"Texas","48","Asian","A","2018","2018",139,44302,3.14
,"Texas","48","Asian","A","2019","2019",114,45554,2.50
,"Texas","48","Asian","A","2020","2020",114,46624,2.45
,"Texas","48","Asian","A","2021","2021",89,47654,1.87
,"Texas","48","Asian","A","2022","2022",97,49613,1.96
,"Texas","48","Asian","A","2023","2023",102,51918,1.96
,"Texas","48","Asian","A","2024","2024",80,55120,1.45
,"Texas","48","Black or African American","2054-5","2016","2016",4388,130213,33.70
,"Texas","48","Black or African American","2054-5","2017","2017",4061,132154,30.73
,"Texas","48","Black or African American","2054-5","2018","2018",3620,133091,27.20
,"Texas","48","Black or African American","2054-5","2019","2019",3420,135140,25.31
,"Texas","48","Black or African American","2054-5","2020","2020",3312,135970,24.36
,"Texas","48","Black or African American","2054-5","2021","2021",3159,139973,22.57
,"Texas","48","Black or African American","2054-5","2022","2022",3220,143979,22.36
,"Texas","48","Black or African American","2054-5","2023","2023",3090,150516,20.53
,"Texas","48","Black or African American","2054-5","2024","2024",2879,155250,18.54
,"Texas","48","Native Hawaiian or Other Pacific Islander","NHOPI","2016","2016",42,1395,30.11
,"Texas","48","Native Hawaiian or Other Pacific Islander","NHOPI","2017","2017",37,1486,24.90
,"Texas","48","Native Hawaiian or Other Pacific Islander","NHOPI","2018","2018",32,1542,20.75
,"Texas","48","Native Hawaiian or Other Pacific Islander","NHOPI","2019","2019",58,1585,36.59
,"Texas","48","Native Hawaiian or Other Pacific Islander","NHOPI","2020","2020",42,1676,25.06
,"Texas","48","Native Hawaiian or Other Pacific Islander","NHOPI","2021","2021",59,1766,33.41
,"Texas","48","Native Hawaiian or Other Pacific Islander","NHOPI","2022","2022",36,1895,19.00
,"Texas","48","Native Hawaiian or Other Pacific Islander","NHOPI","2023","2023",42,2013,20.86
,"Texas","48","Native Hawaiian or Other Pacific Islander","NHOPI","2024","2024",45,2055,21.90
,"Texas","48","White","2106-3","2016","2016",24450,752861,32.48
,"Texas","48","White","2106-3","2017","2017",22067,764606,28.86
,"Texas","48","White","2106-3","2018","2018",20795,774897,26.84
,"Texas","48","White","2106-3","2019","2019",20015,781825,25.60
,"Texas","48","White","2106-3","2020","2020",18697,785345,23.81
,"Texas","48","White","2106-3","2021","2021",17274,801497,21.55
,"Texas","48","White","2106-3","2022","2022",17467,803916,21.73
,"Texas","48","White","2106-3","2023","2023",17131,819148,20.91
,"Texas","48","White","2106-3","2024","2024",16732,829525,20.17
,"Texas","48","More than one race","M","2016","2016",478,25791,18.53
,"Texas","48","More than one race","M","2017","2017",433,26638,16.25
,"Texas","48","More than one race","M","2018","2018",420,27809,15.10
,"Texas","48","More than one race","M","2019","2019",418,28897,14.47
,"Texas","48","More than one race","M","2020","2020",408,30335,13.45
,"Texas","48","More than one race","M","2021","2021",382,32228,11.85
,"Texas","48","More than one race","M","2022","2022",460,33953,13.55
,"Texas","48","More than one race","M","2023","2023",435,36424,11.94
,"Texas","48","More than one race","M","2024","2024",406,38382,10.58
,"Texas","48","Unknown or Not Stated","UNK","2016","2016",0,Not Available,Not Available
,"Texas","48","Unknown or Not Stated","UNK","2017","2017",0,Not Available,Not Available
,"Texas","48","Unknown or Not Stated","UNK","2018","2018",0,Not Available,Not Available
,"Texas","48","Unknown or Not Stated","UNK","2019","2019",0,Not Available,Not Available
,"Texas","48","Unknown or Not Stated","UNK","2020","2020",0,Not Available,Not Available
,"Texas","48","Unknown or Not Stated","UNK","2021","2021",0,Not Available,Not Available
,"Texas","48","Unknown or Not Stated","UNK","2022","2022",0,Not Available,Not Available
,"Texas","48","Unknown or Not Stated","UNK","2023","2023",0,Not Available,Not Available
,"Texas","48","Unknown or Not Stated","UNK","2024","2024",0,Not Available,Not Available
,"Texas","48","Not Available","NA","2016","2016",0,Not Available,Not Available
,"Texas","48","Not Available","NA","2017","2017",0,Not Available,Not Available
,"Texas","48","Not Available","NA","2018","2018",0,Not Available,Not Available
,"Texas","48","Not Available","NA","2019","2019",0,Not Available,Not Available
,"Texas","48","Not Available","NA","2020","2020",0,Not Available,Not Available
,"Texas","48","Not Available","NA","2021","2021",0,Not Available,Not Available
,"Texas","48","Not Available","NA","2022","2022",0,Not Available,Not Available
,"Texas","48","Not Available","NA","2023","2023",0,Not Available,Not Available
,"Texas","48","Not Available","NA","2024","2024",0,Not Available,Not Available
,"Texas","48","Not Reported","NR","2016","2016",0,Not Available,Not Available
,"Texas","48","Not Reported","NR","2017","2017",0,Not Available,Not Available
,"Texas","48","Not Reported","NR","2018","2018",0,Not Available,Not Available
,"Texas","48","Not Reported","NR","2019","2019",0,Not Available,Not Available
,"Texas","48","Not Reported","NR","2020","2020",0,Not Available,Not Available
,"Texas","48","Not Reported","NR","2021","2021",0,Not Available,Not Available
,"Texas","48","Not Reported","NR","2022","2022",0,Not Available,Not Available
,"Texas","48","Not Reported","NR","2023","2023",0,Not Available,Not Available
,"Texas","48","Not Reported","NR","2024","2024",0,Not Available,Not Available
,"Utah","49","American Indian or Alaska Native","1002-5","2016","2016",52,1999,26.01
,"Utah","49","American Indian or Alaska Native","1002-5","2017","2017",53,1939,27.33
,"Utah","49","American Indian or Alaska Native","1002-5","2018","2018",40,1927,20.76
,"Utah","49","American Indian or Alaska Native","1002-5","2019","2019",47,2012,23.36
,"Utah","49","American Indian or Alaska Native","1002-5","2020","2020",42,2033,20.66
,"Utah","49","American Indian or Alaska Native","1002-5","2021","2021",33,2115,15.60
,"Utah","49","American Indian or Alaska Native","1002-5","2022","2022",26,2094,12.42
,"Utah","49","American Indian or Alaska Native","1002-5","2023","2023",35,2239,15.63
,"Utah","49","American Indian or Alaska Native","1002-5","2024","2024",31,2392,12.96
,"Utah","49","Asian","A","2016","2016",23,2633,8.74
,"Utah","49","Asian","A","2017","2017",31,2672,11.60
,"Utah","49","Asian","A","2018","2018",10,2838,3.52
,"Utah","49","Asian","A","2019","2019",17,2777,6.12
,"Utah","49","Asian","A","2020","2020",11,2760,3.99
,"Utah","49","Asian","A","2021","2021",Suppressed,2766,Suppressed
,"Utah","49","Asian","A","2022","2022",12,2802,4.28
,"Utah","49","Asian","A","2023","2023",Suppressed,2771,Suppressed
,"Utah","49","Asian","A","2024","2024",Suppressed,3220,Suppressed
,"Utah","49","Black or African American","2054-5","2016","2016",39,1662,23.47
,"Utah","49","Black or African American","2054-5","2017","2017",37,1726,21.44
,"Utah","49","Black or African American","2054-5","2018","2018",33,1788,18.46
,"Utah","49","Black or African American","2054-5","2019","2019",37,1945,19.02
,"Utah","49","Black or African American","2054-5","2020","2020",29,2067,14.03
,"Utah","49","Black or African American","2054-5","2021","2021",26,2144,12.13
,"Utah","49","Black or African American","2054-5","2022","2022",40,2202,18.17
,"Utah","49","Black or African American","2054-5","2023","2023",30,2355,12.74
,"Utah","49","Black or African American","2054-5","2024","2024",32,2576,12.42
,"Utah","49","Native Hawaiian or Other Pacific Islander","NHOPI","2016","2016",25,1414,17.68
,"Utah","49","Native Hawaiian or Other Pacific Islander","NHOPI","2017","2017",25,1463,17.09
,"Utah","49","Native Hawaiian or Other Pacific Islander","NHOPI","2018","2018",33,1509,21.87
,"Utah","49","Native Hawaiian or Other Pacific Islander","NHOPI","2019","2019",18,1472,12.23
,"Utah","49","Native Hawaiian or Other Pacific Islander","NHOPI","2020","2020",17,1517,11.21
,"Utah","49","Native Hawaiian or Other Pacific Islander","NHOPI","2021","2021",21,1581,13.28
,"Utah","49","Native Hawaiian or Other Pacific Islander","NHOPI","2022","2022",23,1641,14.02
,"Utah","49","Native Hawaiian or Other Pacific Islander","NHOPI","2023","2023",24,1665,14.41
,"Utah","49","Native Hawaiian or Other Pacific Islander","NHOPI","2024","2024",35,1796,19.49
,"Utah","49","White","2106-3","2016","2016",1619,105143,15.40
,"Utah","49","White","2106-3","2017","2017",1592,106626,14.93
,"Utah","49","White","2106-3","2018","2018",1404,109336,12.84
,"Utah","49","White","2106-3","2019","2019",1307,111549,11.72
,"Utah","49","White","2106-3","2020","2020",1204,113209,10.64
,"Utah","49","White","2106-3","2021","2021",1121,118642,9.45
,"Utah","49","White","2106-3","2022","2022",1046,120007,8.72
,"Utah","49","White","2106-3","2023","2023",1059,123533,8.57
,"Utah","49","White","2106-3","2024","2024",1008,125319,8.04
,"Utah","49","More than one race","M","2016","2016",71,4263,16.65
,"Utah","49","More than one race","M","2017","2017",63,4411,14.28
,"Utah","49","More than one race","M","2018","2018",84,4629,18.15
,"Utah","49","More than one race","M","2019","2019",72,4780,15.06
,"Utah","49","More than one race","M","2020","2020",60,4950,12.12
,"Utah","49","More than one race","M","2021","2021",73,5239,13.93
,"Utah","49","More than one race","M","2022","2022",56,5424,10.32
,"Utah","49","More than one race","M","2023","2023",49,5731,8.55
,"Utah","49","More than one race","M","2024","2024",44,5997,7.34
,"Utah","49","Unknown or Not Stated","UNK","2016","2016",0,Not Available,Not Available
,"Utah","49","Unknown or Not Stated","UNK","2017","2017",0,Not Available,Not Available
,"Utah","49","Unknown or Not Stated","UNK","2018","2018",0,Not Available,Not Available
,"Utah","49","Unknown or Not Stated","UNK","2019","2019",0,Not Available,Not Available
,"Utah","49","Unknown or Not Stated","UNK","2020","2020",0,Not Available,Not Available
,"Utah","49","Unknown or Not Stated","UNK","2021","2021",0,Not Available,Not Available
,"Utah","49","Unknown or Not Stated","UNK","2022","2022",0,Not Available,Not Available
,"Utah","49","Unknown or Not Stated","UNK","2023","2023",0,Not Available,Not Available
,"Utah","49","Unknown or Not Stated","UNK","2024","2024",0,Not Available,Not Available
,"Utah","49","Not Available","NA","2016","2016",0,Not Available,Not Available
,"Utah","49","Not Available","NA","2017","2017",0,Not Available,Not Available
,"Utah","49","Not Available","NA","2018","2018",0,Not Available,Not Available
,"Utah","49","Not Available","NA","2019","2019",0,Not Available,Not Available
,"Utah","49","Not Available","NA","2020","2020",0,Not Available,Not Available
,"Utah","49","Not Available","NA","2021","2021",0,Not Available,Not Available
,"Utah","49","Not Available","NA","2022","2022",0,Not Available,Not Available
,"Utah","49","Not Available","NA","2023","2023",0,Not Available,Not Available
,"Utah","49","Not Available","NA","2024","2024",0,Not Available,Not Available
,"Utah","49","Not Reported","NR","2016","2016",0,Not Available,Not Available
,"Utah","49","Not Reported","NR","2017","2017",0,Not Available,Not Available
,"Utah","49","Not Reported","NR","2018","2018",0,Not Available,Not Available
,"Utah","49","Not Reported","NR","2019","2019",0,Not Available,Not Available
,"Utah","49","Not Reported","NR","2020","2020",0,Not Available,Not Available
,"Utah","49","Not Reported","NR","2021","2021",0,Not Available,Not Available
,"Utah","49","Not Reported","NR","2022","2022",0,Not Available,Not Available
,"Utah","49","Not Reported","NR","2023","2023",0,Not Available,Not Available
,"Utah","49","Not Reported","NR","2024","2024",0,Not Available,Not Available
,"Vermont","50","American Indian or Alaska Native","1002-5","2016","2016",0,75,0.00
,"Vermont","50","American Indian or Alaska Native","1002-5","2017","2017",0,69,0.00
,"Vermont","50","American Indian or Alaska Native","1002-5","2018","2018",Suppressed,68,Suppressed
,"Vermont","50","American Indian or Alaska Native","1002-5","2019","2019",0,64,0.00
,"Vermont","50","American Indian or Alaska Native","1002-5","2020","2020",0,63,0.00
,"Vermont","50","American Indian or Alaska Native","1002-5","2021","2021",0,66,0.00
,"Vermont","50","American Indian or Alaska Native","1002-5","2022","2022",0,63,0.00
,"Vermont","50","American Indian or Alaska Native","1002-5","2023","2023",Suppressed,67,Suppressed
,"Vermont","50","American Indian or Alaska Native","1002-5","2024","2024",Suppressed,65,Suppressed
,"Vermont","50","Asian","A","2016","2016",Suppressed,632,Suppressed
,"Vermont","50","Asian","A","2017","2017",Suppressed,639,Suppressed
,"Vermont","50","Asian","A","2018","2018",Suppressed,747,Suppressed
,"Vermont","50","Asian","A","2019","2019",0,616,0.00
,"Vermont","50","Asian","A","2020","2020",Suppressed,647,Suppressed
,"Vermont","50","Asian","A","2021","2021",0,614,0.00
,"Vermont","50","Asian","A","2022","2022",Suppressed,631,Suppressed
,"Vermont","50","Asian","A","2023","2023",0,622,0.00
,"Vermont","50","Asian","A","2024","2024",Suppressed,699,Suppressed
,"Vermont","50","Black or African American","2054-5","2016","2016",Suppressed,503,Suppressed
,"Vermont","50","Black or African American","2054-5","2017","2017",Suppressed,503,Suppressed
,"Vermont","50","Black or African American","2054-5","2018","2018",Suppressed,546,Suppressed
,"Vermont","50","Black or African American","2054-5","2019","2019",Suppressed,466,Suppressed
,"Vermont","50","Black or African American","2054-5","2020","2020",Suppressed,404,Suppressed
,"Vermont","50","Black or African American","2054-5","2021","2021",Suppressed,408,Suppressed
,"Vermont","50","Black or African American","2054-5","2022","2022",Suppressed,394,Suppressed
,"Vermont","50","Black or African American","2054-5","2023","2023",Suppressed,439,Suppressed
,"Vermont","50","Black or African American","2054-5","2024","2024",Suppressed,454,Suppressed
,"Vermont","50","Native Hawaiian or Other Pacific Islander","NHOPI","2016","2016",Suppressed,8,Suppressed
,"Vermont","50","Native Hawaiian or Other Pacific Islander","NHOPI","2017","2017",Suppressed,8,Suppressed
,"Vermont","50","Native Hawaiian or Other Pacific Islander","NHOPI","2018","2018",0,7,0.00
,"Vermont","50","Native Hawaiian or Other Pacific Islander","NHOPI","2019","2019",0,8,0.00
,"Vermont","50","Native Hawaiian or Other Pacific Islander","NHOPI","2020","2020",0,7,0.00
,"Vermont","50","Native Hawaiian or Other Pacific Islander","NHOPI","2021","2021",0,7,0.00
,"Vermont","50","Native Hawaiian or Other Pacific Islander","NHOPI","2022","2022",0,10,0.00
,"Vermont","50","Native Hawaiian or Other Pacific Islander","NHOPI","2023","2023",0,14,0.00
,"Vermont","50","Native Hawaiian or Other Pacific Islander","NHOPI","2024","2024",0,16,0.00
,"Vermont","50","White","2106-3","2016","2016",202,18894,10.69
,"Vermont","50","White","2106-3","2017","2017",194,18589,10.44
,"Vermont","50","White","2106-3","2018","2018",168,18655,9.01
,"Vermont","50","White","2106-3","2019","2019",141,18184,7.75
,"Vermont","50","White","2106-3","2020","2020",133,17966,7.40
,"Vermont","50","White","2106-3","2021","2021",129,18757,6.88
,"Vermont","50","White","2106-3","2022","2022",110,18125,6.07
,"Vermont","50","White","2106-3","2023","2023",106,18245,5.81
,"Vermont","50","White","2106-3","2024","2024",113,18025,6.27
,"Vermont","50","More than one race","M","2016","2016",Suppressed,635,Suppressed
,"Vermont","50","More than one race","M","2017","2017",Suppressed,630,Suppressed
,"Vermont","50","More than one race","M","2018","2018",Suppressed,653,Suppressed
,"Vermont","50","More than one race","M","2019","2019",Suppressed,676,Suppressed
,"Vermont","50","More than one race","M","2020","2020",Suppressed,721,Suppressed
,"Vermont","50","More than one race","M","2021","2021",Suppressed,792,Suppressed
,"Vermont","50","More than one race","M","2022","2022",Suppressed,827,Suppressed
,"Vermont","50","More than one race","M","2023","2023",Suppressed,887,Suppressed
,"Vermont","50","More than one race","M","2024","2024",Suppressed,899,Suppressed
,"Vermont","50","Unknown or Not Stated","UNK","2016","2016",0,Not Available,Not Available
,"Vermont","50","Unknown or Not Stated","UNK","2017","2017",0,Not Available,Not Available
,"Vermont","50","Unknown or Not Stated","UNK","2018","2018",0,Not Available,Not Available
,"Vermont","50","Unknown or Not Stated","UNK","2019","2019",0,Not Available,Not Available
,"Vermont","50","Unknown or Not Stated","UNK","2020","2020",0,Not Available,Not Available
,"Vermont","50","Unknown or Not Stated","UNK","2021","2021",0,Not Available,Not Available
,"Vermont","50","Unknown or Not Stated","UNK","2022","2022",0,Not Available,Not Available
,"Vermont","50","Unknown or Not Stated","UNK","2023","2023",0,Not Available,Not Available
,"Vermont","50","Unknown or Not Stated","UNK","2024","2024",0,Not Available,Not Available
,"Vermont","50","Not Available","NA","2016","2016",0,Not Available,Not Available
,"Vermont","50","Not Available","NA","2017","2017",0,Not Available,Not Available
,"Vermont","50","Not Available","NA","2018","2018",0,Not Available,Not Available
,"Vermont","50","Not Available","NA","2019","2019",0,Not Available,Not Available
,"Vermont","50","Not Available","NA","2020","2020",0,Not Available,Not Available
,"Vermont","50","Not Available","NA","2021","2021",0,Not Available,Not Available
,"Vermont","50","Not Available","NA","2022","2022",0,Not Available,Not Available
,"Vermont","50","Not Available","NA","2023","2023",0,Not Available,Not Available
,"Vermont","50","Not Available","NA","2024","2024",0,Not Available,Not Available
,"Vermont","50","Not Reported","NR","2016","2016",0,Not Available,Not Available
,"Vermont","50","Not Reported","NR","2017","2017",0,Not Available,Not Available
,"Vermont","50","Not Reported","NR","2018","2018",0,Not Available,Not Available
,"Vermont","50","Not Reported","NR","2019","2019",0,Not Available,Not Available
,"Vermont","50","Not Reported","NR","2020","2020",0,Not Available,Not Available
,"Vermont","50","Not Reported","NR","2021","2021",0,Not Available,Not Available
,"Vermont","50","Not Reported","NR","2022","2022",0,Not Available,Not Available
,"Vermont","50","Not Reported","NR","2023","2023",0,Not Available,Not Available
,"Vermont","50","Not Reported","NR","2024","2024",0,Not Available,Not Available
,"Virginia","51","American Indian or Alaska Native","1002-5","2016","2016",Suppressed,1511,Suppressed
,"Virginia","51","American Indian or Alaska Native","1002-5","2017","2017",Suppressed,1513,Suppressed
,"Virginia","51","American Indian or Alaska Native","1002-5","2018","2018",13,1579,8.23
,"Virginia","51","American Indian or Alaska Native","1002-5","2019","2019",10,1578,6.34
,"Virginia","51","American Indian or Alaska Native","1002-5","2020","2020",15,1598,9.39
,"Virginia","51","American Indian or Alaska Native","1002-5","2021","2021",Suppressed,1663,Suppressed
,"Virginia","51","American Indian or Alaska Native","1002-5","2022","2022",17,1751,9.71
,"Virginia","51","American Indian or Alaska Native","1002-5","2023","2023",25,1922,13.01
,"Virginia","51","American Indian or Alaska Native","1002-5","2024","2024",12,2084,5.76
,"Virginia","51","Asian","A","2016","2016",126,16306,7.73
,"Virginia","51","Asian","A","2017","2017",103,17213,5.98
,"Virginia","51","Asian","A","2018","2018",57,18211,3.13
,"Virginia","51","Asian","A","2019","2019",52,18342,2.84
,"Virginia","51","Asian","A","2020","2020",61,18675,3.27
,"Virginia","51","Asian","A","2021","2021",36,19059,1.89
,"Virginia","51","Asian","A","2022","2022",43,19288,2.23
,"Virginia","51","Asian","A","2023","2023",48,19619,2.45
,"Virginia","51","Asian","A","2024","2024",68,20327,3.35
,"Virginia","51","Black or African American","2054-5","2016","2016",1431,59479,24.06
,"Virginia","51","Black or African American","2054-5","2017","2017",1398,59059,23.67
,"Virginia","51","Black or African American","2054-5","2018","2018",1232,58580,21.03
,"Virginia","51","Black or African American","2054-5","2019","2019",1215,58375,20.81
,"Virginia","51","Black or African American","2054-5","2020","2020",1151,57752,19.93
,"Virginia","51","Black or African American","2054-5","2021","2021",1087,59043,18.41
,"Virginia","51","Black or African American","2054-5","2022","2022",936,58826,15.91
,"Virginia","51","Black or African American","2054-5","2023","2023",1002,59912,16.72
,"Virginia","51","Black or African American","2054-5","2024","2024",902,60505,14.91
,"Virginia","51","Native Hawaiian or Other Pacific Islander","NHOPI","2016","2016",Suppressed,279,Suppressed
,"Virginia","51","Native Hawaiian or Other Pacific Islander","NHOPI","2017","2017",14,307,45.60
,"Virginia","51","Native Hawaiian or Other Pacific Islander","NHOPI","2018","2018",15,318,47.17
,"Virginia","51","Native Hawaiian or Other Pacific Islander","NHOPI","2019","2019",28,345,81.16
,"Virginia","51","Native Hawaiian or Other Pacific Islander","NHOPI","2020","2020",13,333,39.04
,"Virginia","51","Native Hawaiian or Other Pacific Islander","NHOPI","2021","2021",18,346,52.02
,"Virginia","51","Native Hawaiian or Other Pacific Islander","NHOPI","2022","2022",21,362,58.01
,"Virginia","51","Native Hawaiian or Other Pacific Islander","NHOPI","2023","2023",25,371,67.39
,"Virginia","51","Native Hawaiian or Other Pacific Islander","NHOPI","2024","2024",15,361,41.55
,"Virginia","51","White","2106-3","2016","2016",2436,174427,13.97
,"Virginia","51","White","2106-3","2017","2017",2339,173465,13.48
,"Virginia","51","White","2106-3","2018","2018",2356,174025,13.54
,"Virginia","51","White","2106-3","2019","2019",2219,173617,12.78
,"Virginia","51","White","2106-3","2020","2020",2147,173523,12.37
,"Virginia","51","White","2106-3","2021","2021",1932,177081,10.91
,"Virginia","51","White","2106-3","2022","2022",1906,176375,10.81
,"Virginia","51","White","2106-3","2023","2023",1822,179074,10.17
,"Virginia","51","White","2106-3","2024","2024",1883,178807,10.53
,"Virginia","51","More than one race","M","2016","2016",107,13096,8.17
,"Virginia","51","More than one race","M","2017","2017",124,13596,9.12
,"Virginia","51","More than one race","M","2018","2018",130,14142,9.19
,"Virginia","51","More than one race","M","2019","2019",101,14679,6.88
,"Virginia","51","More than one race","M","2020","2020",101,15136,6.67
,"Virginia","51","More than one race","M","2021","2021",116,15863,7.31
,"Virginia","51","More than one race","M","2022","2022",122,16417,7.43
,"Virginia","51","More than one race","M","2023","2023",115,17259,6.66
,"Virginia","51","More than one race","M","2024","2024",105,17682,5.94
,"Virginia","51","Unknown or Not Stated","UNK","2016","2016",0,Not Available,Not Available
,"Virginia","51","Unknown or Not Stated","UNK","2017","2017",0,Not Available,Not Available
,"Virginia","51","Unknown or Not Stated","UNK","2018","2018",0,Not Available,Not Available
,"Virginia","51","Unknown or Not Stated","UNK","2019","2019",0,Not Available,Not Available
,"Virginia","51","Unknown or Not Stated","UNK","2020","2020",0,Not Available,Not Available
,"Virginia","51","Unknown or Not Stated","UNK","2021","2021",0,Not Available,Not Available
,"Virginia","51","Unknown or Not Stated","UNK","2022","2022",0,Not Available,Not Available
,"Virginia","51","Unknown or Not Stated","UNK","2023","2023",0,Not Available,Not Available
,"Virginia","51","Unknown or Not Stated","UNK","2024","2024",0,Not Available,Not Available
,"Virginia","51","Not Available","NA","2016","2016",0,Not Available,Not Available
,"Virginia","51","Not Available","NA","2017","2017",0,Not Available,Not Available
,"Virginia","51","Not Available","NA","2018","2018",0,Not Available,Not Available
,"Virginia","51","Not Available","NA","2019","2019",0,Not Available,Not Available
,"Virginia","51","Not Available","NA","2020","2020",0,Not Available,Not Available
,"Virginia","51","Not Available","NA","2021","2021",0,Not Available,Not Available
,"Virginia","51","Not Available","NA","2022","2022",0,Not Available,Not Available
,"Virginia","51","Not Available","NA","2023","2023",0,Not Available,Not Available
,"Virginia","51","Not Available","NA","2024","2024",0,Not Available,Not Available
,"Virginia","51","Not Reported","NR","2016","2016",0,Not Available,Not Available
,"Virginia","51","Not Reported","NR","2017","2017",0,Not Available,Not Available
,"Virginia","51","Not Reported","NR","2018","2018",0,Not Available,Not Available
,"Virginia","51","Not Reported","NR","2019","2019",0,Not Available,Not Available
,"Virginia","51","Not Reported","NR","2020","2020",0,Not Available,Not Available
,"Virginia","51","Not Reported","NR","2021","2021",0,Not Available,Not Available
,"Virginia","51","Not Reported","NR","2022","2022",0,Not Available,Not Available
,"Virginia","51","Not Reported","NR","2023","2023",0,Not Available,Not Available
,"Virginia","51","Not Reported","NR","2024","2024",0,Not Available,Not Available
,"Washington","53","American Indian or Alaska Native","1002-5","2016","2016",172,5087,33.81
,"Washington","53","American Indian or Alaska Native","1002-5","2017","2017",167,5104,32.72
,"Washington","53","American Indian or Alaska Native","1002-5","2018","2018",147,5152,28.53
,"Washington","53","American Indian or Alaska Native","1002-5","2019","2019",142,5133,27.66
,"Washington","53","American Indian or Alaska Native","1002-5","2020","2020",126,5134,24.54
,"Washington","53","American Indian or Alaska Native","1002-5","2021","2021",114,5343,21.34
,"Washington","53","American Indian or Alaska Native","1002-5","2022","2022",120,5354,22.41
,"Washington","53","American Indian or Alaska Native","1002-5","2023","2023",101,5643,17.90
,"Washington","53","American Indian or Alaska Native","1002-5","2024","2024",111,5928,18.72
,"Washington","53","Asian","A","2016","2016",117,17294,6.77
,"Washington","53","Asian","A","2017","2017",112,18202,6.15
,"Washington","53","Asian","A","2018","2018",47,19453,2.42
,"Washington","53","Asian","A","2019","2019",63,20534,3.07
,"Washington","53","Asian","A","2020","2020",48,20318,2.36
,"Washington","53","Asian","A","2021","2021",47,20397,2.30
,"Washington","53","Asian","A","2022","2022",63,20497,3.07
,"Washington","53","Asian","A","2023","2023",47,20522,2.29
,"Washington","53","Asian","A","2024","2024",42,21591,1.95
,"Washington","53","Black or African American","2054-5","2016","2016",213,10085,21.12
,"Washington","53","Black or African American","2054-5","2017","2017",201,10062,19.98
,"Washington","53","Black or African American","2054-5","2018","2018",166,10598,15.66
,"Washington","53","Black or African American","2054-5","2019","2019",183,10574,17.31
,"Washington","53","Black or African American","2054-5","2020","2020",160,10486,15.26
,"Washington","53","Black or African American","2054-5","2021","2021",156,10688,14.60
,"Washington","53","Black or African American","2054-5","2022","2022",103,10854,9.49
,"Washington","53","Black or African American","2054-5","2023","2023",109,11240,9.70
,"Washington","53","Black or African American","2054-5","2024","2024",128,11678,10.96
,"Washington","53","Native Hawaiian or Other Pacific Islander","NHOPI","2016","2016",114,2113,53.95
,"Washington","53","Native Hawaiian or Other Pacific Islander","NHOPI","2017","2017",74,2213,33.44
,"Washington","53","Native Hawaiian or Other Pacific Islander","NHOPI","2018","2018",78,2344,33.28
,"Washington","53","Native Hawaiian or Other Pacific Islander","NHOPI","2019","2019",83,2354,35.26
,"Washington","53","Native Hawaiian or Other Pacific Islander","NHOPI","2020","2020",66,2461,26.82
,"Washington","53","Native Hawaiian or Other Pacific Islander","NHOPI","2021","2021",76,2525,30.10
,"Washington","53","Native Hawaiian or Other Pacific Islander","NHOPI","2022","2022",76,2633,28.86
,"Washington","53","Native Hawaiian or Other Pacific Islander","NHOPI","2023","2023",89,2747,32.40
,"Washington","53","Native Hawaiian or Other Pacific Islander","NHOPI","2024","2024",99,2994,33.07
,"Washington","53","White","2106-3","2016","2016",2698,163444,16.51
,"Washington","53","White","2106-3","2017","2017",2358,162756,14.49
,"Washington","53","White","2106-3","2018","2018",2112,162471,13.00
,"Washington","53","White","2106-3","2019","2019",2069,162083,12.77
,"Washington","53","White","2106-3","2020","2020",1888,161903,11.66
,"Washington","53","White","2106-3","2021","2021",1669,165676,10.07
,"Washington","53","White","2106-3","2022","2022",1603,163807,9.79
,"Washington","53","White","2106-3","2023","2023",1690,167009,10.12
,"Washington","53","White","2106-3","2024","2024",1589,168643,9.42
,"Washington","53","More than one race","M","2016","2016",270,17459,15.46
,"Washington","53","More than one race","M","2017","2017",279,17879,15.60
,"Washington","53","More than one race","M","2018","2018",212,18130,11.69
,"Washington","53","More than one race","M","2019","2019",248,18648,13.30
,"Washington","53","More than one race","M","2020","2020",190,19043,9.98
,"Washington","53","More than one race","M","2021","2021",214,19843,10.78
,"Washington","53","More than one race","M","2022","2022",179,20290,8.82
,"Washington","53","More than one race","M","2023","2023",190,21328,8.91
,"Washington","53","More than one race","M","2024","2024",194,22244,8.72
,"Washington","53","Unknown or Not Stated","UNK","2016","2016",0,Not Available,Not Available
,"Washington","53","Unknown or Not Stated","UNK","2017","2017",0,Not Available,Not Available
,"Washington","53","Unknown or Not Stated","UNK","2018","2018",0,Not Available,Not Available
,"Washington","53","Unknown or Not Stated","UNK","2019","2019",0,Not Available,Not Available
,"Washington","53","Unknown or Not Stated","UNK","2020","2020",0,Not Available,Not Available
,"Washington","53","Unknown or Not Stated","UNK","2021","2021",0,Not Available,Not Available
,"Washington","53","Unknown or Not Stated","UNK","2022","2022",0,Not Available,Not Available
,"Washington","53","Unknown or Not Stated","UNK","2023","2023",0,Not Available,Not Available
,"Washington","53","Unknown or Not Stated","UNK","2024","2024",0,Not Available,Not Available
,"Washington","53","Not Available","NA","2016","2016",0,Not Available,Not Available
,"Washington","53","Not Available","NA","2017","2017",0,Not Available,Not Available
,"Washington","53","Not Available","NA","2018","2018",0,Not Available,Not Available
,"Washington","53","Not Available","NA","2019","2019",0,Not Available,Not Available
,"Washington","53","Not Available","NA","2020","2020",0,Not Available,Not Available
,"Washington","53","Not Available","NA","2021","2021",0,Not Available,Not Available
,"Washington","53","Not Available","NA","2022","2022",0,Not Available,Not Available
,"Washington","53","Not Available","NA","2023","2023",0,Not Available,Not Available
,"Washington","53","Not Available","NA","2024","2024",0,Not Available,Not Available
,"Washington","53","Not Reported","NR","2016","2016",0,Not Available,Not Available
,"Washington","53","Not Reported","NR","2017","2017",0,Not Available,Not Available
,"Washington","53","Not Reported","NR","2018","2018",0,Not Available,Not Available
,"Washington","53","Not Reported","NR","2019","2019",0,Not Available,Not Available
,"Washington","53","Not Reported","NR","2020","2020",0,Not Available,Not Available
,"Washington","53","Not Reported","NR","2021","2021",0,Not Available,Not Available
,"Washington","53","Not Reported","NR","2022","2022",0,Not Available,Not Available
,"Washington","53","Not Reported","NR","2023","2023",0,Not Available,Not Available
,"Washington","53","Not Reported","NR","2024","2024",0,Not Available,Not Available
,"West Virginia","54","American Indian or Alaska Native","1002-5","2016","2016",Suppressed,111,Suppressed
,"West Virginia","54","American Indian or Alaska Native","1002-5","2017","2017",Suppressed,101,Suppressed
,"West Virginia","54","American Indian or Alaska Native","1002-5","2018","2018",Suppressed,108,Suppressed
,"West Virginia","54","American Indian or Alaska Native","1002-5","2019","2019",Suppressed,102,Suppressed
,"West Virginia","54","American Indian or Alaska Native","1002-5","2020","2020",Suppressed,97,Suppressed
,"West Virginia","54","American Indian or Alaska Native","1002-5","2021","2021",0,103,0.00
,"West Virginia","54","American Indian or Alaska Native","1002-5","2022","2022",Suppressed,165,Suppressed
,"West Virginia","54","American Indian or Alaska Native","1002-5","2023","2023",Suppressed,188,Suppressed
,"West Virginia","54","American Indian or Alaska Native","1002-5","2024","2024",Suppressed,260,Suppressed
,"West Virginia","54","Asian","A","2016","2016",Suppressed,492,Suppressed
,"West Virginia","54","Asian","A","2017","2017",0,475,0.00
,"West Virginia","54","Asian","A","2018","2018",Suppressed,465,Suppressed
,"West Virginia","54","Asian","A","2019","2019",0,448,0.00
,"West Virginia","54","Asian","A","2020","2020",0,427,0.00
,"West Virginia","54","Asian","A","2021","2021",Suppressed,417,Suppressed
,"West Virginia","54","Asian","A","2022","2022",Suppressed,426,Suppressed
,"West Virginia","54","Asian","A","2023","2023",Suppressed,435,Suppressed
,"West Virginia","54","Asian","A","2024","2024",Suppressed,427,Suppressed
,"West Virginia","54","Black or African American","2054-5","2016","2016",41,2354,17.42
,"West Virginia","54","Black or African American","2054-5","2017","2017",47,2319,20.27
,"West Virginia","54","Black or African American","2054-5","2018","2018",43,2232,19.27
,"West Virginia","54","Black or African American","2054-5","2019","2019",55,2156,25.51
,"West Virginia","54","Black or African American","2054-5","2020","2020",37,2124,17.42
,"West Virginia","54","Black or African American","2054-5","2021","2021",39,2178,17.91
,"West Virginia","54","Black or African American","2054-5","2022","2022",40,2203,18.16
,"West Virginia","54","Black or African American","2054-5","2023","2023",36,2324,15.49
,"West Virginia","54","Black or African American","2054-5","2024","2024",31,2448,12.66
,"West Virginia","54","Native Hawaiian or Other Pacific Islander","NHOPI","2016","2016",0,18,0.00
,"West Virginia","54","Native Hawaiian or Other Pacific Islander","NHOPI","2017","2017",Suppressed,14,Suppressed
,"West Virginia","54","Native Hawaiian or Other Pacific Islander","NHOPI","2018","2018",0,20,0.00
,"West Virginia","54","Native Hawaiian or Other Pacific Islander","NHOPI","2019","2019",0,23,0.00
,"West Virginia","54","Native Hawaiian or Other Pacific Islander","NHOPI","2020","2020",0,25,0.00
,"West Virginia","54","Native Hawaiian or Other Pacific Islander","NHOPI","2021","2021",Suppressed,23,Suppressed
,"West Virginia","54","Native Hawaiian or Other Pacific Islander","NHOPI","2022","2022",0,31,0.00
,"West Virginia","54","Native Hawaiian or Other Pacific Islander","NHOPI","2023","2023",Suppressed,28,Suppressed
,"West Virginia","54","Native Hawaiian or Other Pacific Islander","NHOPI","2024","2024",0,24,0.00
,"West Virginia","54","White","2106-3","2016","2016",1458,48442,30.10
,"West Virginia","54","White","2106-3","2017","2017",1326,47729,27.78
,"West Virginia","54","White","2106-3","2018","2018",1222,47260,25.86
,"West Virginia","54","White","2106-3","2019","2019",1174,46633,25.18
,"West Virginia","54","White","2106-3","2020","2020",1056,46066,22.92
,"West Virginia","54","White","2106-3","2021","2021",983,46971,20.93
,"West Virginia","54","White","2106-3","2022","2022",928,46806,19.83
,"West Virginia","54","White","2106-3","2023","2023",889,47461,18.73
,"West Virginia","54","White","2106-3","2024","2024",865,47256,18.30
,"West Virginia","54","More than one race","M","2016","2016",53,1670,31.74
,"West Virginia","54","More than one race","M","2017","2017",39,1667,23.40
,"West Virginia","54","More than one race","M","2018","2018",50,1723,29.02
,"West Virginia","54","More than one race","M","2019","2019",57,1802,31.63
,"West Virginia","54","More than one race","M","2020","2020",45,1855,24.26
,"West Virginia","54","More than one race","M","2021","2021",55,1998,27.53
,"West Virginia","54","More than one race","M","2022","2022",52,2179,23.86
,"West Virginia","54","More than one race","M","2023","2023",43,2263,19.00
,"West Virginia","54","More than one race","M","2024","2024",41,2316,17.70
,"West Virginia","54","Unknown or Not Stated","UNK","2016","2016",0,Not Available,Not Available
,"West Virginia","54","Unknown or Not Stated","UNK","2017","2017",0,Not Available,Not Available
,"West Virginia","54","Unknown or Not Stated","UNK","2018","2018",0,Not Available,Not Available
,"West Virginia","54","Unknown or Not Stated","UNK","2019","2019",0,Not Available,Not Available
,"West Virginia","54","Unknown or Not Stated","UNK","2020","2020",0,Not Available,Not Available
,"West Virginia","54","Unknown or Not Stated","UNK","2021","2021",0,Not Available,Not Available
,"West Virginia","54","Unknown or Not Stated","UNK","2022","2022",0,Not Available,Not Available
,"West Virginia","54","Unknown or Not Stated","UNK","2023","2023",0,Not Available,Not Available
,"West Virginia","54","Unknown or Not Stated","UNK","2024","2024",0,Not Available,Not Available
,"West Virginia","54","Not Available","NA","2016","2016",0,Not Available,Not Available
,"West Virginia","54","Not Available","NA","2017","2017",0,Not Available,Not Available
,"West Virginia","54","Not Available","NA","2018","2018",0,Not Available,Not Available
,"West Virginia","54","Not Available","NA","2019","2019",0,Not Available,Not Available
,"West Virginia","54","Not Available","NA","2020","2020",0,Not Available,Not Available
,"West Virginia","54","Not Available","NA","2021","2021",0,Not Available,Not Available
,"West Virginia","54","Not Available","NA","2022","2022",0,Not Available,Not Available
,"West Virginia","54","Not Available","NA","2023","2023",0,Not Available,Not Available
,"West Virginia","54","Not Available","NA","2024","2024",0,Not Available,Not Available
,"West Virginia","54","Not Reported","NR","2016","2016",0,Not Available,Not Available
,"West Virginia","54","Not Reported","NR","2017","2017",0,Not Available,Not Available
,"West Virginia","54","Not Reported","NR","2018","2018",0,Not Available,Not Available
,"West Virginia","54","Not Reported","NR","2019","2019",0,Not Available,Not Available
,"West Virginia","54","Not Reported","NR","2020","2020",0,Not Available,Not Available
,"West Virginia","54","Not Reported","NR","2021","2021",0,Not Available,Not Available
,"West Virginia","54","Not Reported","NR","2022","2022",0,Not Available,Not Available
,"West Virginia","54","Not Reported","NR","2023","2023",0,Not Available,Not Available
,"West Virginia","54","Not Reported","NR","2024","2024",0,Not Available,Not Available
,"Wisconsin","55","American Indian or Alaska Native","1002-5","2016","2016",79,2440,32.38
,"Wisconsin","55","American Indian or Alaska Native","1002-5","2017","2017",69,2517,27.41
,"Wisconsin","55","American Indian or Alaska Native","1002-5","2018","2018",67,2534,26.44
,"Wisconsin","55","American Indian or Alaska Native","1002-5","2019","2019",55,2578,21.33
,"Wisconsin","55","American Indian or Alaska Native","1002-5","2020","2020",52,2639,19.70
,"Wisconsin","55","American Indian or Alaska Native","1002-5","2021","2021",51,2751,18.54
,"Wisconsin","55","American Indian or Alaska Native","1002-5","2022","2022",42,2782,15.10
,"Wisconsin","55","American Indian or Alaska Native","1002-5","2023","2023",45,2906,15.49
,"Wisconsin","55","American Indian or Alaska Native","1002-5","2024","2024",49,2913,16.82
,"Wisconsin","55","Asian","A","2016","2016",106,6583,16.10
,"Wisconsin","55","Asian","A","2017","2017",84,6683,12.57
,"Wisconsin","55","Asian","A","2018","2018",76,6868,11.07
,"Wisconsin","55","Asian","A","2019","2019",56,6961,8.04
,"Wisconsin","55","Asian","A","2020","2020",50,7181,6.96
,"Wisconsin","55","Asian","A","2021","2021",42,7335,5.73
,"Wisconsin","55","Asian","A","2022","2022",38,7370,5.16
,"Wisconsin","55","Asian","A","2023","2023",37,7539,4.91
,"Wisconsin","55","Asian","A","2024","2024",37,7858,4.71
,"Wisconsin","55","Black or African American","2054-5","2016","2016",745,15733,47.35
,"Wisconsin","55","Black or African American","2054-5","2017","2017",687,15522,44.26
,"Wisconsin","55","Black or African American","2054-5","2018","2018",651,15232,42.74
,"Wisconsin","55","Black or African American","2054-5","2019","2019",670,15079,44.43
,"Wisconsin","55","Black or African American","2054-5","2020","2020",639,14830,43.09
,"Wisconsin","55","Black or African American","2054-5","2021","2021",539,15400,35.00
,"Wisconsin","55","Black or African American","2054-5","2022","2022",493,15327,32.17
,"Wisconsin","55","Black or African American","2054-5","2023","2023",528,15895,33.22
,"Wisconsin","55","Black or African American","2054-5","2024","2024",490,16407,29.87
,"Wisconsin","55","Native Hawaiian or Other Pacific Islander","NHOPI","2016","2016",0,93,0.00
,"Wisconsin","55","Native Hawaiian or Other Pacific Islander","NHOPI","2017","2017",0,92,0.00
,"Wisconsin","55","Native Hawaiian or Other Pacific Islander","NHOPI","2018","2018",0,108,0.00
,"Wisconsin","55","Native Hawaiian or Other Pacific Islander","NHOPI","2019","2019",Suppressed,102,Suppressed
,"Wisconsin","55","Native Hawaiian or Other Pacific Islander","NHOPI","2020","2020",Suppressed,108,Suppressed
,"Wisconsin","55","Native Hawaiian or Other Pacific Islander","NHOPI","2021","2021",Suppressed,116,Suppressed
,"Wisconsin","55","Native Hawaiian or Other Pacific Islander","NHOPI","2022","2022",0,120,0.00
,"Wisconsin","55","Native Hawaiian or Other Pacific Islander","NHOPI","2023","2023",0,129,0.00
,"Wisconsin","55","Native Hawaiian or Other Pacific Islander","NHOPI","2024","2024",Suppressed,133,Suppressed
,"Wisconsin","55","White","2106-3","2016","2016",1703,155714,10.94
,"Wisconsin","55","White","2106-3","2017","2017",1576,154956,10.17
,"Wisconsin","55","White","2106-3","2018","2018",1461,153732,9.50
,"Wisconsin","55","White","2106-3","2019","2019",1389,153098,9.07
,"Wisconsin","55","White","2106-3","2020","2020",1254,152098,8.24
,"Wisconsin","55","White","2106-3","2021","2021",1143,156135,7.32
,"Wisconsin","55","White","2106-3","2022","2022",1127,153563,7.34
,"Wisconsin","55","White","2106-3","2023","2023",1139,155318,7.33
,"Wisconsin","55","White","2106-3","2024","2024",1145,155331,7.37
,"Wisconsin","55","More than one race","M","2016","2016",175,6227,28.10
,"Wisconsin","55","More than one race","M","2017","2017",148,6484,22.83
,"Wisconsin","55","More than one race","M","2018","2018",151,6714,22.49
,"Wisconsin","55","More than one race","M","2019","2019",147,6999,21.00
,"Wisconsin","55","More than one race","M","2020","2020",117,7264,16.11
,"Wisconsin","55","More than one race","M","2021","2021",130,7677,16.93
,"Wisconsin","55","More than one race","M","2022","2022",132,7950,16.60
,"Wisconsin","55","More than one race","M","2023","2023",133,8461,15.72
,"Wisconsin","55","More than one race","M","2024","2024",128,8731,14.66
,"Wisconsin","55","Unknown or Not Stated","UNK","2016","2016",0,Not Available,Not Available
,"Wisconsin","55","Unknown or Not Stated","UNK","2017","2017",0,Not Available,Not Available
,"Wisconsin","55","Unknown or Not Stated","UNK","2018","2018",0,Not Available,Not Available
,"Wisconsin","55","Unknown or Not Stated","UNK","2019","2019",0,Not Available,Not Available
,"Wisconsin","55","Unknown or Not Stated","UNK","2020","2020",0,Not Available,Not Available
,"Wisconsin","55","Unknown or Not Stated","UNK","2021","2021",0,Not Available,Not Available
,"Wisconsin","55","Unknown or Not Stated","UNK","2022","2022",0,Not Available,Not Available
,"Wisconsin","55","Unknown or Not Stated","UNK","2023","2023",0,Not Available,Not Available
,"Wisconsin","55","Unknown or Not Stated","UNK","2024","2024",0,Not Available,Not Available
,"Wisconsin","55","Not Available","NA","2016","2016",0,Not Available,Not Available
,"Wisconsin","55","Not Available","NA","2017","2017",0,Not Available,Not Available
,"Wisconsin","55","Not Available","NA","2018","2018",0,Not Available,Not Available
,"Wisconsin","55","Not Available","NA","2019","2019",0,Not Available,Not Available
,"Wisconsin","55","Not Available","NA","2020","2020",0,Not Available,Not Available
,"Wisconsin","55","Not Available","NA","2021","2021",0,Not Available,Not Available
,"Wisconsin","55","Not Available","NA","2022","2022",0,Not Available,Not Available
,"Wisconsin","55","Not Available","NA","2023","2023",0,Not Available,Not Available
,"Wisconsin","55","Not Available","NA","2024","2024",0,Not Available,Not Available
,"Wisconsin","55","Not Reported","NR","2016","2016",0,Not Available,Not Available
,"Wisconsin","55","Not Reported","NR","2017","2017",0,Not Available,Not Available
,"Wisconsin","55","Not Reported","NR","2018","2018",0,Not Available,Not Available
,"Wisconsin","55","Not Reported","NR","2019","2019",0,Not Available,Not Available
,"Wisconsin","55","Not Reported","NR","2020","2020",0,Not Available,Not Available
,"Wisconsin","55","Not Reported","NR","2021","2021",0,Not Available,Not Available
,"Wisconsin","55","Not Reported","NR","2022","2022",0,Not Available,Not Available
,"Wisconsin","55","Not Reported","NR","2023","2023",0,Not Available,Not Available
,"Wisconsin","55","Not Reported","NR","2024","2024",0,Not Available,Not Available
,"Wyoming","56","American Indian or Alaska Native","1002-5","2016","2016",31,577,53.73
,"Wyoming","56","American Indian or Alaska Native","1002-5","2017","2017",26,583,44.60
,"Wyoming","56","American Indian or Alaska Native","1002-5","2018","2018",21,624,33.65
,"Wyoming","56","American Indian or Alaska Native","1002-5","2019","2019",35,641,54.60
,"Wyoming","56","American Indian or Alaska Native","1002-5","2020","2020",26,662,39.27
,"Wyoming","56","American Indian or Alaska Native","1002-5","2021","2021",35,679,51.55
,"Wyoming","56","American Indian or Alaska Native","1002-5","2022","2022",38,684,55.56
,"Wyoming","56","American Indian or Alaska Native","1002-5","2023","2023",23,695,33.09
,"Wyoming","56","American Indian or Alaska Native","1002-5","2024","2024",26,699,37.20
,"Wyoming","56","Asian","A","2016","2016",Suppressed,223,Suppressed
,"Wyoming","56","Asian","A","2017","2017",Suppressed,196,Suppressed
,"Wyoming","56","Asian","A","2018","2018",Suppressed,199,Suppressed
,"Wyoming","56","Asian","A","2019","2019",Suppressed,184,Suppressed
,"Wyoming","56","Asian","A","2020","2020",Suppressed,167,Suppressed
,"Wyoming","56","Asian","A","2021","2021",Suppressed,173,Suppressed
,"Wyoming","56","Asian","A","2022","2022",0,189,0.00
,"Wyoming","56","Asian","A","2023","2023",0,188,0.00
,"Wyoming","56","Asian","A","2024","2024",Suppressed,213,Suppressed
,"Wyoming","56","Black or African American","2054-5","2016","2016",Suppressed,287,Suppressed
,"Wyoming","56","Black or African American","2054-5","2017","2017",Suppressed,265,Suppressed
,"Wyoming","56","Black or African American","2054-5","2018","2018",Suppressed,276,Suppressed
,"Wyoming","56","Black or African American","2054-5","2019","2019",Suppressed,223,Suppressed
,"Wyoming","56","Black or African American","2054-5","2020","2020",Suppressed,205,Suppressed
,"Wyoming","56","Black or African American","2054-5","2021","2021",Suppressed,213,Suppressed
,"Wyoming","56","Black or African American","2054-5","2022","2022",Suppressed,205,Suppressed
,"Wyoming","56","Black or African American","2054-5","2023","2023",Suppressed,223,Suppressed
,"Wyoming","56","Black or African American","2054-5","2024","2024",Suppressed,215,Suppressed
,"Wyoming","56","Native Hawaiian or Other Pacific Islander","NHOPI","2016","2016",0,22,0.00
,"Wyoming","56","Native Hawaiian or Other Pacific Islander","NHOPI","2017","2017",0,17,0.00
,"Wyoming","56","Native Hawaiian or Other Pacific Islander","NHOPI","2018","2018",0,12,0.00
,"Wyoming","56","Native Hawaiian or Other Pacific Islander","NHOPI","2019","2019",Suppressed,13,Suppressed
,"Wyoming","56","Native Hawaiian or Other Pacific Islander","NHOPI","2020","2020",Suppressed,21,Suppressed
,"Wyoming","56","Native Hawaiian or Other Pacific Islander","NHOPI","2021","2021",0,22,0.00
,"Wyoming","56","Native Hawaiian or Other Pacific Islander","NHOPI","2022","2022",Suppressed,24,Suppressed
,"Wyoming","56","Native Hawaiian or Other Pacific Islander","NHOPI","2023","2023",Suppressed,20,Suppressed
,"Wyoming","56","Native Hawaiian or Other Pacific Islander","NHOPI","2024","2024",0,17,0.00
,"Wyoming","56","White","2106-3","2016","2016",410,16041,25.56
,"Wyoming","56","White","2106-3","2017","2017",364,15639,23.28
,"Wyoming","56","White","2106-3","2018","2018",318,15725,20.22
,"Wyoming","56","White","2106-3","2019","2019",279,15808,17.65
,"Wyoming","56","White","2106-3","2020","2020",282,16146,17.47
,"Wyoming","56","White","2106-3","2021","2021",251,16658,15.07
,"Wyoming","56","White","2106-3","2022","2022",236,16985,13.89
,"Wyoming","56","White","2106-3","2023","2023",212,17656,12.01
,"Wyoming","56","White","2106-3","2024","2024",234,17706,13.22
,"Wyoming","56","More than one race","M","2016","2016",15,561,26.74
,"Wyoming","56","More than one race","M","2017","2017",22,550,40.00
,"Wyoming","56","More than one race","M","2018","2018",17,543,31.31
,"Wyoming","56","More than one race","M","2019","2019",15,580,25.86
,"Wyoming","56","More than one race","M","2020","2020",Suppressed,622,Suppressed
,"Wyoming","56","More than one race","M","2021","2021",Suppressed,650,Suppressed
,"Wyoming","56","More than one race","M","2022","2022",21,696,30.17
,"Wyoming","56","More than one race","M","2023","2023",Suppressed,715,Suppressed
,"Wyoming","56","More than one race","M","2024","2024",20,737,27.14
,"Wyoming","56","Unknown or Not Stated","UNK","2016","2016",0,Not Available,Not Available
,"Wyoming","56","Unknown or Not Stated","UNK","2017","2017",0,Not Available,Not Available
,"Wyoming","56","Unknown or Not Stated","UNK","2018","2018",0,Not Available,Not Available
,"Wyoming","56","Unknown or Not Stated","UNK","2019","2019",0,Not Available,Not Available
,"Wyoming","56","Unknown or Not Stated","UNK","2020","2020",0,Not Available,Not Available
,"Wyoming","56","Unknown or Not Stated","UNK","2021","2021",0,Not Available,Not Available
,"Wyoming","56","Unknown or Not Stated","UNK","2022","2022",0,Not Available,Not Available
,"Wyoming","56","Unknown or Not Stated","UNK","2023","2023",0,Not Available,Not Available
,"Wyoming","56","Unknown or Not Stated","UNK","2024","2024",0,Not Available,Not Available
,"Wyoming","56","Not Available","NA","2016","2016",0,Not Available,Not Available
,"Wyoming","56","Not Available","NA","2017","2017",0,Not Available,Not Available
,"Wyoming","56","Not Available","NA","2018","2018",0,Not Available,Not Available
,"Wyoming","56","Not Available","NA","2019","2019",0,Not Available,Not Available
,"Wyoming","56","Not Available","NA","2020","2020",0,Not Available,Not Available
,"Wyoming","56","Not Available","NA","2021","2021",0,Not Available,Not Available
,"Wyoming","56","Not Available","NA","2022","2022",0,Not Available,Not Available
,"Wyoming","56","Not Available","NA","2023","2023",0,Not Available,Not Available
,"Wyoming","56","Not Available","NA","2024","2024",0,Not Available,Not Available
,"Wyoming","56","Not Reported","NR","2016","2016",0,Not Available,Not Available
,"Wyoming","56","Not Reported","NR","2017","2017",0,Not Available,Not Available
,"Wyoming","56","Not Reported","NR","2018","2018",0,Not Available,Not Available
,"Wyoming","56","Not Reported","NR","2019","2019",0,Not Available,Not Available
,"Wyoming","56","Not Reported","NR","2020","2020",0,Not Available,Not Available
,"Wyoming","56","Not Reported","NR","2021","2021",0,Not Available,Not Available
,"Wyoming","56","Not Reported","NR","2022","2022",0,Not Available,Not Available
,"Wyoming","56","Not Reported","NR","2023","2023",0,Not Available,Not Available
,"Wyoming","56","Not Reported","NR","2024","2024",0,Not Available,Not Available
"---"
"Dataset: Natality, 2016-2024 expanded"
"Query Parameters:"
"Age of Mother 9: 15-19 years"
"Group By: State of Residence; Mother's Single Race 6; Year"
"Show Totals: Disabled"
"Show Zero Values: True"
"Show Suppressed: True"
"Calculate Rates Per: 1,000"
"---"
"Help: See http://wonder.cdc.gov/wonder/help/natality-expanded.html for more information."
"---"
"Query Date: Aug 29, 2026 7:00:33 PM"
"---"
"Suggested Citation: Centers for Disease Control and Prevention, National Center for Health Statistics. National Vital Statistics"
"System, Natality on CDC WONDER Online Database. Data are from the Natality Records 2016-2024, as compiled from data provided by"
"the 57 vital statistics jurisdictions through the Vital Statistics Cooperative Program. Accessed at"
"http://wonder.cdc.gov/natality-expanded-current.html on Aug 29, 2026 7:00:33 PM"
"---"
Messages:
"1. Totals are not available for these results due to suppression constraints. More Information:"
"http://wonder.cdc.gov/wonder/help/faq.html#Privacy."
"---"
Caveats:
"1. 'Not Available' appears when the denominator population for a rate measure is not available."
"2. 'Suppressed' appears when the data do not meet the criteria for confidentiality constraints. More information:"
"http://wonder.cdc.gov/wonder/help/natality-expanded.html#Assurance of Confidentiality."
"3. Each birth record represents one liveborn infant."
"4. Fertility rates are calculated as the number of births divided by the number of females age 15 - 44 years old in the given"
"year(s). When the numerator is sub-set by mother's age, mother's race, mother's hispanicity, location, or year of birth, then"
"the same sub-set for age, race, hispanicity, location and year applies to the denominator population. However, if you sub-set"
"mother's age selecting some years not in the 15 - 44 range, those years of mother's age ouside this range will not be included"
"in the denominator population. If you sub-set mother's age selecting only years outside the 15 - 44 range, then ""Not"
"Available"" is reported for the denominator population."
"5. Birth rates and fertility rates are calculated using the following populations: The populations for year 2024 are from the"
"postcensal single race series of July 1st estimates of the resident population, released by Census Bureau on June 26, 2025. The"
"2024 population estimates are based on the Blended Base produced by the US Census Bureau in lieu of the April 1, 2020 decennial"
"population count. The populations for year 2023 are from the postcensal single race series of July 1st estimates of the resident"
"population, released by Census Bureau on June 27, 2024. The 2023 population estimates are based on the Blended Base produced by"
"the US Census Bureau in lieu of the April 1, 2020 decennial population count. The populations for year 2022 are from the"
"postcensal single race series of July 1st estimates of the resident population, released by Census Bureau on June 22, 2023. The"
"2022 population estimates are based on the Blended Base produced by the US Census Bureau in lieu of the April 1, 2020 decennial"
"population count. The populations for year 2021 are from the postcensal single race series of July 1st estimates of the resident"
"population, released by Census Bureau on June 30, 2022. The 2021 population estimates are based on the Blended Base produced by"
"the US Census Bureau in lieu of the April 1, 2020 decennial population count. The populations for year 2020 are from the"
"postcensal single race series of July 1st estimates of the resident population, released by Census Bureau on July 27, 2021. The"
"populations for year 2019 are from the postcensal single race series of July 1st estimates of the resident population, released"
"by Census Bureau on June 25, 2020; The populations for year 2018 are from the postcensal single race series of July 1st"
"estimates of the resident population, released by Census Bureau on June 21, 2019; The populations for year 2017 are from the"
"postcensal single race series of July 1st estimates of the resident population, released by Census Bureau on June 21, 2018; The"
"populations for year 2016 are from the postcensal single race series of July 1st estimates of the resident population, released"
"by Census Bureau on June 22, 2017. More information:"
"http://wonder.cdc.gov/wonder/help/natality-expanded.html#Denominator-Population-Sources."